ISO-10303-21;
HEADER;
FILE_DESCRIPTION (( 'STEP AP214' ),
    '1' );
FILE_NAME ('SG-8018CE 35.0900M-TJHSA0.STEP',
    '2025-05-09T20:13:08',
    ( '' ),
    ( '' ),
    'SwSTEP 2.0',
    'SolidWorks 2021',
    '' );
FILE_SCHEMA (( 'AUTOMOTIVE_DESIGN' ));
ENDSEC;

DATA;
#1 = EDGE_CURVE ( 'NONE', #2784, #3049, #1520, .T. ) ;
#2 = VERTEX_POINT ( 'NONE', #3510 ) ;
#3 = ADVANCED_FACE ( 'NONE', ( #35 ), #2677, .T. ) ;
#4 = ORIENTED_EDGE ( 'NONE', *, *, #1437, .T. ) ;
#5 = AXIS2_PLACEMENT_3D ( 'NONE', #4102, #4385, #2471 ) ;
#6 = LINE ( 'NONE', #1514, #1861 ) ;
#7 = CARTESIAN_POINT ( 'NONE',  ( 1.159999999999999920, 0.9100000000000000311, -1.074999999999999734 ) ) ;
#8 = DIRECTION ( 'NONE',  ( -0.000000000000000000, -1.000000000000000000, 0.000000000000000000 ) ) ;
#9 = CARTESIAN_POINT ( 'NONE',  ( -1.094999999999999973, 0.9099999999999999201, -1.074999999999999067 ) ) ;
#10 = DIRECTION ( 'NONE',  ( 0.000000000000000000, -1.000000000000000000, 0.000000000000000000 ) ) ;
#11 = ORIENTED_EDGE ( 'NONE', *, *, #1292, .F. ) ;
#12 = ORIENTED_EDGE ( 'NONE', *, *, #457, .T. ) ;
#13 = ORIENTED_EDGE ( 'NONE', *, *, #1627, .F. ) ;
#14 = CARTESIAN_POINT ( 'NONE',  ( 1.005051025721682256, 0.3999999999999999667, -1.549999999999997158 ) ) ;
#15 = VERTEX_POINT ( 'NONE', #793 ) ;
#16 = ADVANCED_FACE ( 'NONE', ( #4208 ), #4681, .T. ) ;
#17 = CARTESIAN_POINT ( 'NONE',  ( 1.249999999999999778, 0.000000000000000000, 0.1500000000000001610 ) ) ;
#18 = DIRECTION ( 'NONE',  ( 1.355252715606880543E-16, 0.000000000000000000, -1.000000000000000000 ) ) ;
#19 = ORIENTED_EDGE ( 'NONE', *, *, #1886, .T. ) ;
#20 =( NAMED_UNIT ( * ) PLANE_ANGLE_UNIT ( ) SI_UNIT ( $, .RADIAN. ) );
#21 = CARTESIAN_POINT ( 'NONE',  ( -0.4500000000000000111, 0.4000000000000000222, 0.6500000000000017986 ) ) ;
#22 = AXIS2_PLACEMENT_3D ( 'NONE', #3051, #1166, #787 ) ;
#23 = EDGE_CURVE ( 'NONE', #1690, #1813, #445, .T. ) ;
#24 = ORIENTED_EDGE ( 'NONE', *, *, #3876, .F. ) ;
#25 = ORIENTED_EDGE ( 'NONE', *, *, #569, .F. ) ;
#26 = ORIENTED_EDGE ( 'NONE', *, *, #3839, .T. ) ;
#27 = CARTESIAN_POINT ( 'NONE',  ( -1.005051025721682256, 1.641974234837420665, 1.549999999999997380 ) ) ;
#28 = DIRECTION ( 'NONE',  ( -0.000000000000000000, -1.000000000000000000, 0.000000000000000000 ) ) ;
#29 = FACE_OUTER_BOUND ( 'NONE', #233, .T. ) ;
#30 = CARTESIAN_POINT ( 'NONE',  ( 0.4499999999999999001, 0.3999999999999999667, 1.549999999999997824 ) ) ;
#31 = EDGE_CURVE ( 'NONE', #158, #100, #1934, .T. ) ;
#32 = EDGE_CURVE ( 'NONE', #4628, #958, #4867, .T. ) ;
#33 = CARTESIAN_POINT ( 'NONE',  ( -1.200000000000000400, 0.000000000000000000, 1.355051025721681457 ) ) ;
#34 = VECTOR ( 'NONE', #1965, 1000.000000000000000 ) ;
#35 = FACE_OUTER_BOUND ( 'NONE', #2175, .T. ) ;
#36 = ORIENTED_EDGE ( 'NONE', *, *, #722, .T. ) ;
#37 = AXIS2_PLACEMENT_3D ( 'NONE', #3195, #3143, #4318 ) ;
#38 = CARTESIAN_POINT ( 'NONE',  ( -0.7249999999999997558, 1.010000000000000009, 1.444999999999999840 ) ) ;
#39 = DIRECTION ( 'NONE',  ( 0.000000000000000000, -1.000000000000000000, 0.000000000000000000 ) ) ;
#40 = VERTEX_POINT ( 'NONE', #2449 ) ;
#41 = AXIS2_PLACEMENT_3D ( 'NONE', #902, #1206, #3932 ) ;
#42 = AXIS2_PLACEMENT_3D ( 'NONE', #1426, #1345, #1790 ) ;
#43 = ORIENTED_EDGE ( 'NONE', *, *, #2102, .F. ) ;
#44 = LINE ( 'NONE', #1180, #3552 ) ;
#45 = AXIS2_PLACEMENT_3D ( 'NONE', #1099, #735, #3053 ) ;
#46 =( NAMED_UNIT ( * ) PLANE_ANGLE_UNIT ( ) SI_UNIT ( $, .RADIAN. ) );
#47 = EDGE_LOOP ( 'NONE', ( #2075, #2441, #1545, #2345 ) ) ;
#48 = DIRECTION ( 'NONE',  ( -1.355252715606880543E-16, 0.000000000000000000, 1.000000000000000000 ) ) ;
#49 =( NAMED_UNIT ( * ) SI_UNIT ( $, .STERADIAN. ) SOLID_ANGLE_UNIT ( ) );
#50 = VECTOR ( 'NONE', #2077, 1000.000000000000000 ) ;
#51 = ADVANCED_FACE ( 'NONE', ( #2858 ), #2425, .T. ) ;
#52 = ORIENTED_EDGE ( 'NONE', *, *, #2646, .F. ) ;
#53 = VERTEX_POINT ( 'NONE', #2476 ) ;
#54 = DIRECTION ( 'NONE',  ( -1.000000000000000000, 0.000000000000000000, 1.401985567869187533E-17 ) ) ;
#55 = CARTESIAN_POINT ( 'NONE',  ( 1.199999999999999512, 0.000000000000000000, 1.355051025721682123 ) ) ;
#56 = EDGE_CURVE ( 'NONE', #3102, #1699, #2357, .T. ) ;
#57 = FACE_OUTER_BOUND ( 'NONE', #3764, .T. ) ;
#58 = VECTOR ( 'NONE', #1768, 1000.000000000000000 ) ;
#59 = LINE ( 'NONE', #3128, #4739 ) ;
#60 = ORIENTED_EDGE ( 'NONE', *, *, #1085, .T. ) ;
#61 = ORIENTED_EDGE ( 'NONE', *, *, #88, .F. ) ;
#62 = AXIS2_PLACEMENT_3D ( 'NONE', #1993, #3159, #1308 ) ;
#63 = CYLINDRICAL_SURFACE ( 'NONE', #1954, 0.2500000000000002220 ) ;
#64 = DIRECTION ( 'NONE',  ( 0.000000000000000000, -1.000000000000000000, 0.000000000000000000 ) ) ;
#65 = ORIENTED_EDGE ( 'NONE', *, *, #4247, .T. ) ;
#66 = CYLINDRICAL_SURFACE ( 'NONE', #3071, 0.3500000000000000333 ) ;
#67 = DIRECTION ( 'NONE',  ( -1.000000000000000000, 0.000000000000000000, 5.204170427930416550E-15 ) ) ;
#68 = ORIENTED_EDGE ( 'NONE', *, *, #2397, .T. ) ;
#69 = DIRECTION ( 'NONE',  ( 0.000000000000000000, -1.000000000000000000, 0.000000000000000000 ) ) ;
#70 = LINE ( 'NONE', #3525, #3323 ) ;
#71 = VERTEX_POINT ( 'NONE', #479 ) ;
#72 = EDGE_LOOP ( 'NONE', ( #706, #4556, #4529, #4652 ) ) ;
#73 = ORIENTED_EDGE ( 'NONE', *, *, #3356, .T. ) ;
#74 = EDGE_CURVE ( 'NONE', #2689, #630, #4708, .T. ) ;
#75 = DIRECTION ( 'NONE',  ( -1.000000000000000000, 0.000000000000000000, -1.355252715606880543E-16 ) ) ;
#76 = DIRECTION ( 'NONE',  ( 0.000000000000000000, 0.000000000000000000, -1.000000000000000000 ) ) ;
#77 = DIRECTION ( 'NONE',  ( -1.000000000000000000, 0.000000000000000000, -9.035018104045912356E-16 ) ) ;
#78 = UNCERTAINTY_MEASURE_WITH_UNIT (LENGTH_MEASURE( 1.000000000000000082E-05 ), #726, 'distance_accuracy_value', 'NONE');
#80 = DIRECTION ( 'NONE',  ( 1.355252715606880543E-16, 0.000000000000000000, -1.000000000000000000 ) ) ;
#79 = COLOUR_RGB ( '',0.9686274509803921573, 0.8784313725490195957, 0.5999999999999999778 ) ;
#81 = EDGE_LOOP ( 'NONE', ( #4173, #2847, #4016, #2038 ) ) ;
#82 = DIRECTION ( 'NONE',  ( 0.000000000000000000, -1.000000000000000000, 0.000000000000000000 ) ) ;
#83 = CARTESIAN_POINT ( 'NONE',  ( -1.249999999999999778, 1.641974234837420665, 1.599999999999999645 ) ) ;
#84 = PLANE ( 'NONE',  #1501 ) ;
#85 = DIRECTION ( 'NONE',  ( 1.000000000000000000, 0.000000000000000000, 1.355252715606880543E-16 ) ) ;
#86 = ORIENTED_EDGE ( 'NONE', *, *, #1437, .F. ) ;
#87 = B_SPLINE_CURVE_WITH_KNOTS ( 'NONE', 3,
 ( #709, #788, #2302, #1929 ),
 .UNSPECIFIED., .F., .F.,
 ( 4, 4 ),
 ( 0.000000000000000000, 1.000000000000000000 ),
 .UNSPECIFIED. ) ;
#88 = EDGE_CURVE ( 'NONE', #2182, #2105, #2676, .T. ) ;
#89 = EDGE_CURVE ( 'NONE', #2550, #4748, #946, .T. ) ;
#90 = CARTESIAN_POINT ( 'NONE',  ( -0.7249999999999998668, 1.050000000000000044, -1.074999999999999734 ) ) ;
#91 = ADVANCED_FACE ( 'NONE', ( #916 ), #1639, .T. ) ;
#92 = CARTESIAN_POINT ( 'NONE',  ( -1.000000000000000000, 1.125000000000000000, -1.355252715606880543E-16 ) ) ;
#93 = EDGE_CURVE ( 'NONE', #4027, #1464, #3251, .T. ) ;
#94 = EDGE_LOOP ( 'NONE', ( #3771, #1313, #1733, #3630 ) ) ;
#95 = LINE ( 'NONE', #464, #1481 ) ;
#97 = CARTESIAN_POINT ( 'NONE',  ( 1.049999999999999156, 0.000000000000000000, 1.600000000000000089 ) ) ;
#96 = VECTOR ( 'NONE', #4834, 1000.000000000000000 ) ;
#98 = PRESENTATION_STYLE_ASSIGNMENT (( #401 ) ) ;
#99 = VERTEX_POINT ( 'NONE', #3165 ) ;
#100 = VERTEX_POINT ( 'NONE', #1241 ) ;
#101 =( GEOMETRIC_REPRESENTATION_CONTEXT ( 3 ) GLOBAL_UNCERTAINTY_ASSIGNED_CONTEXT ( ( #4412 ) ) GLOBAL_UNIT_ASSIGNED_CONTEXT ( ( #3075, #2998, #3378 ) ) REPRESENTATION_CONTEXT ( 'NONE', 'WORKASPACE' ) );
#102 = CARTESIAN_POINT ( 'NONE',  ( -1.075000000000000178, 1.125000000000000222, 1.074999999999999512 ) ) ;
#103 = CARTESIAN_POINT ( 'NONE',  ( 0.9520642674892693114, 0.9100000000000000311, -1.463118632143039388 ) ) ;
#104 = CARTESIAN_POINT ( 'NONE',  ( -0.9181350637424140482, 1.009999999999999787, 1.405123954335630865 ) ) ;
#105 = CIRCLE ( 'NONE', #2007, 0.3500000000000001443 ) ;
#106 = CARTESIAN_POINT ( 'NONE',  ( 1.094999999999999973, 1.050000000000000044, -1.074999999999999734 ) ) ;
#107 = ORIENTED_EDGE ( 'NONE', *, *, #2392, .T. ) ;
#108 = ORIENTED_EDGE ( 'NONE', *, *, #397, .T. ) ;
#109 = LINE ( 'NONE', #3593, #2204 ) ;
#110 = CYLINDRICAL_SURFACE ( 'NONE', #281, 0.3700000000000001066 ) ;
#111 = LINE ( 'NONE', #3567, #3176 ) ;
#112 =( NAMED_UNIT ( * ) PLANE_ANGLE_UNIT ( ) SI_UNIT ( $, .RADIAN. ) );
#113 = EDGE_CURVE ( 'NONE', #752, #4664, #3742, .T. ) ;
#114 =( GEOMETRIC_REPRESENTATION_CONTEXT ( 3 ) GLOBAL_UNCERTAINTY_ASSIGNED_CONTEXT ( ( #2824 ) ) GLOBAL_UNIT_ASSIGNED_CONTEXT ( ( #4165, #46, #4547 ) ) REPRESENTATION_CONTEXT ( 'NONE', 'WORKASPACE' ) );
#115 = CIRCLE ( 'NONE', #3641, 0.2000000000000003164 ) ;
#116 = CARTESIAN_POINT ( 'NONE',  ( -0.4499999999999998446, 1.641974234837420665, -1.000000000000001998 ) ) ;
#117 = CARTESIAN_POINT ( 'NONE',  ( -1.249999999999999778, 0.4000000000000000222, 1.599999999999999645 ) ) ;
#118 = EDGE_CURVE ( 'NONE', #3602, #1378, #2023, .T. ) ;
#119 = EDGE_CURVE ( 'NONE', #4082, #99, #3169, .T. ) ;
#120 = ORIENTED_EDGE ( 'NONE', *, *, #32, .F. ) ;
#121 = VECTOR ( 'NONE', #2939, 1000.000000000000000 ) ;
#122 = DIRECTION ( 'NONE',  ( 0.000000000000000000, 0.000000000000000000, 1.000000000000000000 ) ) ;
#123 = DIRECTION ( 'NONE',  ( -1.000000000000000000, 0.000000000000000000, 0.000000000000000000 ) ) ;
#124 = DIRECTION ( 'NONE',  ( 1.000000000000000000, 0.000000000000000000, 1.355252715606880543E-16 ) ) ;
#125 = ORIENTED_EDGE ( 'NONE', *, *, #4874, .T. ) ;
#126 = EDGE_LOOP ( 'NONE', ( #1685, #1471, #1989, #1232, #257, #2321, #582, #1983 ) ) ;
#127 = ORIENTED_EDGE ( 'NONE', *, *, #4698, .F. ) ;
#128 = ADVANCED_FACE ( 'NONE', ( #1998 ), #4362, .T. ) ;
#129 = CARTESIAN_POINT ( 'NONE',  ( -0.7249999999999997558, 1.010000000000000009, -1.444999999999999840 ) ) ;
#130 = DIRECTION ( 'NONE',  ( 1.000000000000000000, 0.000000000000000000, 0.000000000000000000 ) ) ;
#131 = PLANE ( 'NONE',  #2315 ) ;
#132 = UNCERTAINTY_MEASURE_WITH_UNIT (LENGTH_MEASURE( 1.000000000000000082E-05 ), #277, 'distance_accuracy_value', 'NONE');
#133 = VECTOR ( 'NONE', #4254, 1000.000000000000000 ) ;
#134 = ORIENTED_EDGE ( 'NONE', *, *, #1772, .F. ) ;
#135 = ORIENTED_EDGE ( 'NONE', *, *, #3535, .T. ) ;
#136 = PLANE ( 'NONE',  #1962 ) ;
#137 = LINE ( 'NONE', #531, #1563 ) ;
#138 = CARTESIAN_POINT ( 'NONE',  ( 1.094999999999999973, 1.010000000000000009, 1.074999999999999956 ) ) ;
#139 = EDGE_LOOP ( 'NONE', ( #2235, #4413, #3353, #2798, #2248, #998, #1537, #4839, #2842, #4466 ) ) ;
#140 = AXIS2_PLACEMENT_3D ( 'NONE', #3812, #2965, #2993 ) ;
#141 = EDGE_CURVE ( 'NONE', #4572, #2330, #109, .T. ) ;
#142 = CARTESIAN_POINT ( 'NONE',  ( 0.4500000000000000111, 0.3999999999999999667, -0.6500000000000017986 ) ) ;
#143 = CARTESIAN_POINT ( 'NONE',  ( -1.249999999999999778, 0.7349999999999995426, -0.2399999999999999634 ) ) ;
#144 = ORIENTED_EDGE ( 'NONE', *, *, #2306, .F. ) ;
#145 = CARTESIAN_POINT ( 'NONE',  ( 1.249999999999999334, 0.4000000000000000222, 1.600000000000000089 ) ) ;
#146 = DIRECTION ( 'NONE',  ( 0.000000000000000000, 1.000000000000000000, 0.000000000000000000 ) ) ;
#147 = CARTESIAN_POINT ( 'NONE',  ( 0.9999999999999993339, 0.000000000000000000, -1.599999999999996758 ) ) ;
#148 = ORIENTED_EDGE ( 'NONE', *, *, #113, .T. ) ;
#149 = EDGE_LOOP ( 'NONE', ( #1814, #2037, #12, #2765 ) ) ;
#150 = EDGE_CURVE ( 'NONE', #858, #3841, #4337, .T. ) ;
#151 = LINE ( 'NONE', #4751, #2644 ) ;
#152 = CARTESIAN_POINT ( 'NONE',  ( 0.9181351240713285788, 1.010000000000000009, -1.405123894006716112 ) ) ;
#153 = DIRECTION ( 'NONE',  ( 1.000000000000000000, 0.000000000000000000, 5.261928398534646085E-16 ) ) ;
#154 = FACE_OUTER_BOUND ( 'NONE', #403, .T. ) ;
#155 = EDGE_CURVE ( 'NONE', #1717, #4959, #159, .T. ) ;
#156 = EDGE_CURVE ( 'NONE', #15, #432, #1686, .T. ) ;
#157 = ORIENTED_EDGE ( 'NONE', *, *, #1447, .F. ) ;
#158 = VERTEX_POINT ( 'NONE', #186 ) ;
#159 = LINE ( 'NONE', #2800, #4550 ) ;
#160 = CARTESIAN_POINT ( 'NONE',  ( 1.005051025721681812, 1.641974234837420665, 1.549999999999997602 ) ) ;
#161 = DIRECTION ( 'NONE',  ( -0.000000000000000000, -1.000000000000000000, -0.000000000000000000 ) ) ;
#162 = LINE ( 'NONE', #3217, #4821 ) ;
#163 = VERTEX_POINT ( 'NONE', #1314 ) ;
#164 = AXIS2_PLACEMENT_3D ( 'NONE', #4908, #2980, #2598 ) ;
#165 = LINE ( 'NONE', #2456, #4366 ) ;
#166 = DIRECTION ( 'NONE',  ( -1.355252715606880543E-16, 0.000000000000000000, 1.000000000000000000 ) ) ;
#167 = FACE_OUTER_BOUND ( 'NONE', #731, .T. ) ;
#168 = VERTEX_POINT ( 'NONE', #3565 ) ;
#169 = FACE_OUTER_BOUND ( 'NONE', #2218, .T. ) ;
#170 = DIRECTION ( 'NONE',  ( -1.000000000000000000, 0.000000000000000000, 0.000000000000000000 ) ) ;
#171 = CARTESIAN_POINT ( 'NONE',  ( -0.7999999999999998224, 1.641974234837420665, -0.6500000000000020206 ) ) ;
#172 = ADVANCED_FACE ( 'NONE', ( #2831 ), #136, .T. ) ;
#173 = ORIENTED_EDGE ( 'NONE', *, *, #2771, .T. ) ;
#174 = ORIENTED_EDGE ( 'NONE', *, *, #3339, .T. ) ;
#175 = ORIENTED_EDGE ( 'NONE', *, *, #265, .T. ) ;
#176 = VECTOR ( 'NONE', #2495, 1000.000000000000000 ) ;
#177 = DIRECTION ( 'NONE',  ( 0.000000000000000000, 1.000000000000000000, 0.000000000000000000 ) ) ;
#178 = DIRECTION ( 'NONE',  ( 0.000000000000000000, -1.000000000000000000, 0.000000000000000000 ) ) ;
#179 = CARTESIAN_POINT ( 'NONE',  ( 1.160000000000000142, 0.7349999999999995426, -0.1499999999999998002 ) ) ;
#180 = CARTESIAN_POINT ( 'NONE',  ( 0.7249999999999999778, 0.9100000000000000311, -1.510000000000000009 ) ) ;
#181 = UNCERTAINTY_MEASURE_WITH_UNIT (LENGTH_MEASURE( 1.000000000000000082E-05 ), #4299, 'distance_accuracy_value', 'NONE');
#182 = ORIENTED_EDGE ( 'NONE', *, *, #4823, .F. ) ;
#183 = ORIENTED_EDGE ( 'NONE', *, *, #1495, .T. ) ;
#184 = COLOUR_RGB ( '',0.9686274509803921573, 0.8784313725490195957, 0.5999999999999999778 ) ;
#185 = AXIS2_PLACEMENT_3D ( 'NONE', #3551, #1647, #2009 ) ;
#186 = CARTESIAN_POINT ( 'NONE',  ( 1.250000000000000000, 0.7349999999999995426, 0.2399999999999997413 ) ) ;
#187 = EDGE_CURVE ( 'NONE', #1423, #2, #3317, .T. ) ;
#188 = DIRECTION ( 'NONE',  ( -3.764590876685790570E-16, 0.000000000000000000, 1.000000000000000000 ) ) ;
#189 = CARTESIAN_POINT ( 'NONE',  ( 1.160000000000000142, 0.2850000000000005307, -0.1499999999999998002 ) ) ;
#190 = CARTESIAN_POINT ( 'NONE',  ( 0.7250000000000000888, 1.199999999999999956, -1.350000000000000311 ) ) ;
#191 = EDGE_LOOP ( 'NONE', ( #3828, #936, #4043, #1939 ) ) ;
#192 = VERTEX_POINT ( 'NONE', #1098 ) ;
#193 = AXIS2_PLACEMENT_3D ( 'NONE', #4125, #301, #2971 ) ;
#194 = PLANE ( 'NONE',  #3466 ) ;
#195 = DIRECTION ( 'NONE',  ( 1.000000000000000000, 0.000000000000000000, -2.551422967320885493E-16 ) ) ;
#196 = DIRECTION ( 'NONE',  ( -1.000000000000000000, 0.000000000000000000, 0.000000000000000000 ) ) ;
#197 = ORIENTED_EDGE ( 'NONE', *, *, #1447, .T. ) ;
#198 = AXIS2_PLACEMENT_3D ( 'NONE', #4584, #2279, #384 ) ;
#199 = VECTOR ( 'NONE', #2686, 1000.000000000000000 ) ;
#200 = VERTEX_POINT ( 'NONE', #3704 ) ;
#201 = DIRECTION ( 'NONE',  ( 0.000000000000000000, -1.000000000000000000, 0.000000000000000000 ) ) ;
#202 = AXIS2_PLACEMENT_3D ( 'NONE', #2688, #4622, #4246 ) ;
#203 = CYLINDRICAL_SURFACE ( 'NONE', #3300, 0.08999999999999958034 ) ;
#204 = AXIS2_PLACEMENT_3D ( 'NONE', #3572, #2382, #3907 ) ;
#205 = DIRECTION ( 'NONE',  ( -1.000000000000000000, 0.000000000000000000, -1.355252715606880543E-16 ) ) ;
#206 = VERTEX_POINT ( 'NONE', #2976 ) ;
#207 = AXIS2_PLACEMENT_3D ( 'NONE', #3268, #3682, #4864 ) ;
#208 = ORIENTED_EDGE ( 'NONE', *, *, #1359, .F. ) ;
#209 = ORIENTED_EDGE ( 'NONE', *, *, #3055, .F. ) ;
#210 = CARTESIAN_POINT ( 'NONE',  ( -0.4500000000000000111, 0.4000000000000000222, 0.6500000000000017986 ) ) ;
#211 = EDGE_CURVE ( 'NONE', #4105, #2827, #2595, .T. ) ;
#212 = DIRECTION ( 'NONE',  ( 6.160239616395062606E-17, 0.000000000000000000, 1.000000000000000000 ) ) ;
#213 = CARTESIAN_POINT ( 'NONE',  ( 1.250000000000000000, -9.099999999999999645, -0.2399999999999994083 ) ) ;
#214 = ORIENTED_EDGE ( 'NONE', *, *, #4361, .T. ) ;
#215 = ORIENTED_EDGE ( 'NONE', *, *, #483, .F. ) ;
#216 = AXIS2_PLACEMENT_3D ( 'NONE', #2777, #4415, #1709 ) ;
#217 = CARTESIAN_POINT ( 'NONE',  ( 1.094999999999999973, 1.010000000000000009, 1.074999999999999956 ) ) ;
#218 = LINE ( 'NONE', #4841, #2992 ) ;
#219 = DIRECTION ( 'NONE',  ( 1.000000000000000000, 0.000000000000000000, 0.000000000000000000 ) ) ;
#220 = DIRECTION ( 'NONE',  ( -1.000000000000000000, 0.000000000000000000, -1.355252715606880543E-16 ) ) ;
#221 = VECTOR ( 'NONE', #496, 1000.000000000000000 ) ;
#222 = FACE_OUTER_BOUND ( 'NONE', #2675, .T. ) ;
#223 = PLANE ( 'NONE',  #4134 ) ;
#224 = AXIS2_PLACEMENT_3D ( 'NONE', #4592, #296, #3137 ) ;
#225 = ADVANCED_FACE ( 'NONE', ( #1399 ), #2501, .F. ) ;
#226 = ORIENTED_EDGE ( 'NONE', *, *, #4820, .F. ) ;
#227 = AXIS2_PLACEMENT_3D ( 'NONE', #1609, #2071, #3588 ) ;
#228 = DIRECTION ( 'NONE',  ( 1.000000000000000000, 0.000000000000000000, 1.355252715606880543E-16 ) ) ;
#229 = DIRECTION ( 'NONE',  ( 6.618676052963836526E-17, 0.000000000000000000, 1.000000000000000000 ) ) ;
#230 = LINE ( 'NONE', #2168, #1480 ) ;
#231 = ORIENTED_EDGE ( 'NONE', *, *, #2841, .F. ) ;
#232 = ORIENTED_EDGE ( 'NONE', *, *, #2836, .F. ) ;
#233 = EDGE_LOOP ( 'NONE', ( #304, #1701, #3250, #3793 ) ) ;
#234 = CARTESIAN_POINT ( 'NONE',  ( -1.094999999999999973, 1.009999999999999787, -1.171865773485684326 ) ) ;
#235 = CARTESIAN_POINT ( 'NONE',  ( 0.4500000000000002887, 1.641974234837420665, -1.549999999999997824 ) ) ;
#236 = CARTESIAN_POINT ( 'NONE',  ( 1.094999999999999973, 0.9099999999999999201, -0.3583333333333337256 ) ) ;
#237 = FACE_OUTER_BOUND ( 'NONE', #4061, .T. ) ;
#238 = EDGE_LOOP ( 'NONE', ( #1739, #921, #915, #368 ) ) ;
#239 = EDGE_CURVE ( 'NONE', #4565, #1397, #4905, .T. ) ;
#240 = ORIENTED_EDGE ( 'NONE', *, *, #2336, .F. ) ;
#241 = DIRECTION ( 'NONE',  ( 8.538092108323363195E-15, 0.000000000000000000, 1.000000000000000000 ) ) ;
#242 = CARTESIAN_POINT ( 'NONE',  ( -1.160000000000000142, 0.9000000000000000222, -0.1500000000000001610 ) ) ;
#243 =( NAMED_UNIT ( * ) PLANE_ANGLE_UNIT ( ) SI_UNIT ( $, .RADIAN. ) );
#244 = LINE ( 'NONE', #1450, #3848 ) ;
#245 = ORIENTED_EDGE ( 'NONE', *, *, #3604, .T. ) ;
#246 = CYLINDRICAL_SURFACE ( 'NONE', #4295, 0.07499999999999998335 ) ;
#247 = CARTESIAN_POINT ( 'NONE',  ( -0.9999999999999988898, 1.641974234837420665, -1.599999999999997424 ) ) ;
#248 = AXIS2_PLACEMENT_3D ( 'NONE', #1368, #256, #2498 ) ;
#249 = DIRECTION ( 'NONE',  ( -0.000000000000000000, -1.000000000000000000, 0.000000000000000000 ) ) ;
#250 = EDGE_CURVE ( 'NONE', #4723, #4229, #2358, .T. ) ;
#251 = DIRECTION ( 'NONE',  ( -0.000000000000000000, -1.000000000000000000, 0.000000000000000000 ) ) ;
#252 = CARTESIAN_POINT ( 'NONE',  ( 1.049999999999999156, 1.641974234837420665, -1.599999999999999867 ) ) ;
#253 = ORIENTED_EDGE ( 'NONE', *, *, #2421, .F. ) ;
#254 = LINE ( 'NONE', #4854, #3622 ) ;
#255 = DIRECTION ( 'NONE',  ( -0.000000000000000000, -1.000000000000000000, -0.000000000000000000 ) ) ;
#256 = DIRECTION ( 'NONE',  ( 0.000000000000000000, -1.000000000000000000, 0.000000000000000000 ) ) ;
#257 = ORIENTED_EDGE ( 'NONE', *, *, #3807, .F. ) ;
#258 = ORIENTED_EDGE ( 'NONE', *, *, #4794, .F. ) ;
#259 = DIRECTION ( 'NONE',  ( 0.000000000000000000, 1.000000000000000000, 0.000000000000000000 ) ) ;
#260 = CARTESIAN_POINT ( 'NONE',  ( -1.249999999999999778, 0.000000000000000000, 1.599999999999999645 ) ) ;
#261 = DIRECTION ( 'NONE',  ( -0.000000000000000000, -1.000000000000000000, -0.000000000000000000 ) ) ;
#262 = CARTESIAN_POINT ( 'NONE',  ( 1.249999999999999334, 0.000000000000000000, 1.349999999999999867 ) ) ;
#263 = AXIS2_PLACEMENT_3D ( 'NONE', #2199, #2931, #3643 ) ;
#264 = LINE ( 'NONE', #1796, #1090 ) ;
#265 = EDGE_CURVE ( 'NONE', #3100, #3894, #4863, .T. ) ;
#266 = CARTESIAN_POINT ( 'NONE',  ( -1.250000000000000000, -9.099999999999999645, -0.1500000000000001610 ) ) ;
#267 = AXIS2_PLACEMENT_3D ( 'NONE', #1189, #3411, #54 ) ;
#268 = ADVANCED_FACE ( 'NONE', ( #4534 ), #3292, .T. ) ;
#269 = CARTESIAN_POINT ( 'NONE',  ( 0.7249999999999999778, 1.050000000000000044, 1.424999999999999600 ) ) ;
#270 = CARTESIAN_POINT ( 'NONE',  ( -1.249999999999999778, 0.000000000000000000, 1.349999999999999423 ) ) ;
#271 = LINE ( 'NONE', #1777, #3550 ) ;
#272 = AXIS2_PLACEMENT_3D ( 'NONE', #3330, #2557, #1015 ) ;
#273 = VECTOR ( 'NONE', #1012, 1000.000000000000000 ) ;
#274 = ORIENTED_EDGE ( 'NONE', *, *, #2732, .F. ) ;
#275 = AXIS2_PLACEMENT_3D ( 'NONE', #1529, #3040, #4266 ) ;
#276 = VECTOR ( 'NONE', #4691, 1000.000000000000000 ) ;
#277 =( LENGTH_UNIT ( ) NAMED_UNIT ( * ) SI_UNIT ( .MILLI., .METRE. ) );
#278 = CYLINDRICAL_SURFACE ( 'NONE', #823, 0.2500000000000002220 ) ;
#279 = CARTESIAN_POINT ( 'NONE',  ( 1.160000000000000142, 0.9100000000000000311, 0.3583333333333338366 ) ) ;
#280 = CARTESIAN_POINT ( 'NONE',  ( -1.249999999999999778, 0.9000000000000000222, 0.2399999999999996303 ) ) ;
#281 = AXIS2_PLACEMENT_3D ( 'NONE', #3192, #4733, #2426 ) ;
#282 = ORIENTED_EDGE ( 'NONE', *, *, #3576, .F. ) ;
#283 = ORIENTED_EDGE ( 'NONE', *, *, #2245, .T. ) ;
#284 = DIRECTION ( 'NONE',  ( -1.000000000000000000, 0.000000000000000000, 0.000000000000000000 ) ) ;
#285 = VECTOR ( 'NONE', #1516, 1000.000000000000000 ) ;
#286 = CARTESIAN_POINT ( 'NONE',  ( 1.095000000000000195, 0.9100000000000001421, 1.075000000000000178 ) ) ;
#287 = CARTESIAN_POINT ( 'NONE',  ( -1.249999999999999778, 0.4000000000000000222, 1.349999999999999423 ) ) ;
#288 = LINE ( 'NONE', #1818, #58 ) ;
#289 = DIRECTION ( 'NONE',  ( -1.355252715606880543E-16, 0.000000000000000000, 1.000000000000000000 ) ) ;
#290 = AXIS2_PLACEMENT_3D ( 'NONE', #530, #1614, #3514 ) ;
#291 = CARTESIAN_POINT ( 'NONE',  ( 1.000000000000000222, 1.125000000000000000, 3.466925551552485066E-17 ) ) ;
#292 = SURFACE_STYLE_USAGE ( .BOTH. , #2163 ) ;
#293 = EDGE_CURVE ( 'NONE', #1961, #3434, #2157, .T. ) ;
#294 = FACE_OUTER_BOUND ( 'NONE', #4066, .T. ) ;
#295 = AXIS2_PLACEMENT_3D ( 'NONE', #1243, #1825, #319 ) ;
#296 = DIRECTION ( 'NONE',  ( -0.000000000000000000, -1.000000000000000000, -0.000000000000000000 ) ) ;
#297 = DIRECTION ( 'NONE',  ( -0.7071067811865474617, 0.000000000000000000, 0.7071067811865474617 ) ) ;
#298 = ORIENTED_EDGE ( 'NONE', *, *, #2374, .F. ) ;
#299 = VECTOR ( 'NONE', #385, 1000.000000000000000 ) ;
#300 = SURFACE_SIDE_STYLE ('',( #2520 ) ) ;
#301 = DIRECTION ( 'NONE',  ( 0.000000000000000000, 1.000000000000000000, 0.000000000000000000 ) ) ;
#302 = PLANE ( 'NONE',  #4661 ) ;
#303 = EDGE_CURVE ( 'NONE', #4285, #3999, #1373, .T. ) ;
#304 = ORIENTED_EDGE ( 'NONE', *, *, #4397, .T. ) ;
#305 = EDGE_CURVE ( 'NONE', #336, #100, #2999, .T. ) ;
#306 = ORIENTED_EDGE ( 'NONE', *, *, #4397, .F. ) ;
#307 = CARTESIAN_POINT ( 'NONE',  ( 0.7249999999999999778, 1.050000000000000044, -1.425000000000000044 ) ) ;
#308 = CARTESIAN_POINT ( 'NONE',  ( -1.249999999999999334, 0.4000000000000000222, -1.600000000000000089 ) ) ;
#309 = EDGE_CURVE ( 'NONE', #3650, #1885, #4056, .T. ) ;
#310 = PLANE ( 'NONE',  #45 ) ;
#311 = FACE_OUTER_BOUND ( 'NONE', #3914, .T. ) ;
#312 = EDGE_CURVE ( 'NONE', #1659, #1187, #1924, .T. ) ;
#313 = SURFACE_SIDE_STYLE ('',( #4181 ) ) ;
#314 = ORIENTED_EDGE ( 'NONE', *, *, #2630, .F. ) ;
#315 = FACE_OUTER_BOUND ( 'NONE', #2996, .T. ) ;
#316 = DIRECTION ( 'NONE',  ( 1.355252715606880543E-16, 0.000000000000000000, -1.000000000000000000 ) ) ;
#317 = ORIENTED_EDGE ( 'NONE', *, *, #2230, .F. ) ;
#318 = CARTESIAN_POINT ( 'NONE',  ( -0.2416666666666670016, 0.9100000000000000311, -1.509999999999999787 ) ) ;
#319 = DIRECTION ( 'NONE',  ( 1.000000000000000000, 0.000000000000000000, 0.000000000000000000 ) ) ;
#320 = CARTESIAN_POINT ( 'NONE',  ( -0.9999999999999993339, 0.000000000000000000, 1.599999999999999645 ) ) ;
#321 = EDGE_CURVE ( 'NONE', #4523, #876, #1743, .T. ) ;
#322 = AXIS2_PLACEMENT_3D ( 'NONE', #2958, #1907, #4965 ) ;
#323 = ORIENTED_EDGE ( 'NONE', *, *, #3209, .F. ) ;
#324 = SURFACE_STYLE_USAGE ( .BOTH. , #3838 ) ;
#325 = CARTESIAN_POINT ( 'NONE',  ( 1.250000000000000000, 0.7349999999999995426, -0.2399999999999994083 ) ) ;
#326 = EDGE_CURVE ( 'NONE', #2105, #1558, #4814, .T. ) ;
#327 = LINE ( 'NONE', #703, #4896 ) ;
#328 = ORIENTED_EDGE ( 'NONE', *, *, #4594, .F. ) ;
#329 = ORIENTED_EDGE ( 'NONE', *, *, #2293, .F. ) ;
#330 = CARTESIAN_POINT ( 'NONE',  ( -1.199999999999999956, 0.4000000000000000222, -1.355051025721681901 ) ) ;
#331 = CARTESIAN_POINT ( 'NONE',  ( -0.7249999999999997558, 1.010000000000000009, -1.444999999999999840 ) ) ;
#332 = EDGE_CURVE ( 'NONE', #4333, #576, #688, .T. ) ;
#333 = CARTESIAN_POINT ( 'NONE',  ( -0.7250000000000000888, 1.125000000000000000, 1.424999999999999822 ) ) ;
#334 = CARTESIAN_POINT ( 'NONE',  ( -0.4500000000000000111, 0.000000000000000000, 0.6500000000000017986 ) ) ;
#335 = DIRECTION ( 'NONE',  ( -1.000000000000000000, 0.000000000000000000, 0.000000000000000000 ) ) ;
#336 = VERTEX_POINT ( 'NONE', #4885 ) ;
#337 = PRESENTATION_LAYER_ASSIGNMENT (  '', '', ( #2558 ) ) ;
#338 = DIRECTION ( 'NONE',  ( 1.000000000000000000, 0.000000000000000000, 1.355252715606880543E-16 ) ) ;
#339 = FACE_OUTER_BOUND ( 'NONE', #3986, .T. ) ;
#340 = CIRCLE ( 'NONE', #3628, 0.2000000000000005107 ) ;
#341 = FACE_OUTER_BOUND ( 'NONE', #3658, .T. ) ;
#342 = FACE_OUTER_BOUND ( 'NONE', #3998, .T. ) ;
#343 = CIRCLE ( 'NONE', #3061, 0.07499999999999998335 ) ;
#344 = DIRECTION ( 'NONE',  ( 1.000000000000000000, 0.000000000000000000, 0.000000000000000000 ) ) ;
#345 = ORIENTED_EDGE ( 'NONE', *, *, #394, .F. ) ;
#346 = EDGE_CURVE ( 'NONE', #3258, #2805, #1888, .T. ) ;
#347 = DIRECTION ( 'NONE',  ( 0.000000000000000000, 1.000000000000000000, 0.000000000000000000 ) ) ;
#348 = PRESENTATION_STYLE_ASSIGNMENT (( #324 ) ) ;
#349 = LINE ( 'NONE', #4880, #4581 ) ;
#350 = VERTEX_POINT ( 'NONE', #2956 ) ;
#351 = AXIS2_PLACEMENT_3D ( 'NONE', #3934, #4720, #4375 ) ;
#352 = VECTOR ( 'NONE', #4116, 1000.000000000000000 ) ;
#353 = ORIENTED_EDGE ( 'NONE', *, *, #187, .T. ) ;
#354 = EDGE_CURVE ( 'NONE', #4333, #4723, #2206, .T. ) ;
#355 = DIRECTION ( 'NONE',  ( -1.355252715606880543E-16, 0.000000000000000000, 1.000000000000000000 ) ) ;
#356 = DIRECTION ( 'NONE',  ( 0.000000000000000000, 1.000000000000000000, 0.000000000000000000 ) ) ;
#357 = FACE_OUTER_BOUND ( 'NONE', #2512, .T. ) ;
#358 = CARTESIAN_POINT ( 'NONE',  ( -0.7249999999999996447, 0.9000000000000000222, -1.424999999999999822 ) ) ;
#359 = VECTOR ( 'NONE', #4114, 1000.000000000000000 ) ;
#360 = CARTESIAN_POINT ( 'NONE',  ( 0.7250000000000000888, 1.125000000000000222, 1.074999999999999734 ) ) ;
#361 = ORIENTED_EDGE ( 'NONE', *, *, #4428, .F. ) ;
#362 = ORIENTED_EDGE ( 'NONE', *, *, #1286, .F. ) ;
#363 = ORIENTED_EDGE ( 'NONE', *, *, #3141, .F. ) ;
#364 = VECTOR ( 'NONE', #3445, 1000.000000000000000 ) ;
#365 = DIRECTION ( 'NONE',  ( 1.355252715606880543E-16, 0.000000000000000000, -1.000000000000000000 ) ) ;
#366 = CARTESIAN_POINT ( 'NONE',  ( 0.9181350637424140482, 1.009999999999999565, -1.405123954335630643 ) ) ;
#367 = ORIENTED_EDGE ( 'NONE', *, *, #2213, .T. ) ;
#368 = ORIENTED_EDGE ( 'NONE', *, *, #3876, .T. ) ;
#369 = VECTOR ( 'NONE', #3653, 1000.000000000000000 ) ;
#370 = CARTESIAN_POINT ( 'NONE',  ( 0.4500000000000000111, 0.000000000000000000, -0.6500000000000017986 ) ) ;
#371 = FACE_OUTER_BOUND ( 'NONE', #3546, .T. ) ;
#372 = EDGE_CURVE ( 'NONE', #1659, #3079, #1874, .T. ) ;
#373 = DIRECTION ( 'NONE',  ( -1.000000000000000000, 0.000000000000000000, 0.000000000000000000 ) ) ;
#374 = ADVANCED_FACE ( 'NONE', ( #4840 ), #3082, .F. ) ;
#375 =( GEOMETRIC_REPRESENTATION_CONTEXT ( 3 ) GLOBAL_UNCERTAINTY_ASSIGNED_CONTEXT ( ( #3942 ) ) GLOBAL_UNIT_ASSIGNED_CONTEXT ( ( #3506, #2391, #3613 ) ) REPRESENTATION_CONTEXT ( 'NONE', 'WORKASPACE' ) );
#376 = ORIENTED_EDGE ( 'NONE', *, *, #2029, .T. ) ;
#377 = FACE_OUTER_BOUND ( 'NONE', #881, .T. ) ;
#378 = DIRECTION ( 'NONE',  ( 0.000000000000000000, -1.000000000000000000, 0.000000000000000000 ) ) ;
#379 = VECTOR ( 'NONE', #3596, 1000.000000000000000 ) ;
#380 = ORIENTED_EDGE ( 'NONE', *, *, #2264, .F. ) ;
#381 = ORIENTED_EDGE ( 'NONE', *, *, #4912, .F. ) ;
#382 = FACE_OUTER_BOUND ( 'NONE', #900, .T. ) ;
#383 = CARTESIAN_POINT ( 'NONE',  ( -0.4500000000000002887, 0.4000000000000000222, 1.549999999999997824 ) ) ;
#384 = DIRECTION ( 'NONE',  ( 0.000000000000000000, 0.000000000000000000, 1.000000000000000000 ) ) ;
#385 = DIRECTION ( 'NONE',  ( 0.000000000000000000, -1.000000000000000000, 0.000000000000000000 ) ) ;
#386 = ORIENTED_EDGE ( 'NONE', *, *, #32, .T. ) ;
#387 = EDGE_LOOP ( 'NONE', ( #1771, #3991, #4009, #2919, #3679, #4110, #4674, #1239 ) ) ;
#388 = ORIENTED_EDGE ( 'NONE', *, *, #4548, .F. ) ;
#389 = CARTESIAN_POINT ( 'NONE',  ( 1.005051025721682256, 0.000000000000000000, -1.549999999999997158 ) ) ;
#390 = PRESENTATION_STYLE_ASSIGNMENT (( #4915 ) ) ;
#391 = DIRECTION ( 'NONE',  ( 1.054085445472029485E-16, 0.000000000000000000, 1.000000000000000000 ) ) ;
#392 = DIRECTION ( 'NONE',  ( 1.000000000000000000, 0.000000000000000000, 9.168604081462411628E-16 ) ) ;
#393 = SURFACE_SIDE_STYLE ('',( #779 ) ) ;
#394 = EDGE_CURVE ( 'NONE', #2, #3367, #1491, .T. ) ;
#395 = ORIENTED_EDGE ( 'NONE', *, *, #3720, .F. ) ;
#396 = EDGE_CURVE ( 'NONE', #4628, #3727, #1515, .T. ) ;
#397 = EDGE_CURVE ( 'NONE', #1690, #1423, #406, .T. ) ;
#398 = EDGE_CURVE ( 'NONE', #3650, #3809, #3484, .T. ) ;
#399 = CARTESIAN_POINT ( 'NONE',  ( -1.200000000000000178, 0.3999999999999999667, -0.6500000000000021316 ) ) ;
#400 = VECTOR ( 'NONE', #534, 1000.000000000000000 ) ;
#401 = SURFACE_STYLE_USAGE ( .BOTH. , #2790 ) ;
#402 = EDGE_LOOP ( 'NONE', ( #3433, #1665, #4682, #1613 ) ) ;
#403 = EDGE_LOOP ( 'NONE', ( #2758, #1552, #859, #3469 ) ) ;
#404 = PRESENTATION_LAYER_ASSIGNMENT (  '', '', ( #1919 ) ) ;
#405 = DIRECTION ( 'NONE',  ( 0.000000000000000000, 1.000000000000000000, 0.000000000000000000 ) ) ;
#406 = LINE ( 'NONE', #4234, #3981 ) ;
#407 = CYLINDRICAL_SURFACE ( 'NONE', #594, 0.3700000000000002176 ) ;
#408 = CARTESIAN_POINT ( 'NONE',  ( -0.8392025475225564080, 0.9100000000000000311, -1.509999999653172331 ) ) ;
#409 = DIRECTION ( 'NONE',  ( -0.000000000000000000, -1.000000000000000000, 0.000000000000000000 ) ) ;
#410 = ORIENTED_EDGE ( 'NONE', *, *, #3012, .T. ) ;
#411 = CARTESIAN_POINT ( 'NONE',  ( -1.249999999999999334, 1.641974234837420665, -1.600000000000000089 ) ) ;
#412 = VERTEX_POINT ( 'NONE', #331 ) ;
#413 = DIRECTION ( 'NONE',  ( 3.466925551552483833E-17, 0.000000000000000000, -1.000000000000000000 ) ) ;
#414 = CARTESIAN_POINT ( 'NONE',  ( -1.005051025721682256, 0.4000000000000000222, 1.549999999999997380 ) ) ;
#415 = MECHANICAL_DESIGN_GEOMETRIC_PRESENTATION_REPRESENTATION (  '', ( #2558 ), #4517 ) ;
#416 = EDGE_CURVE ( 'NONE', #602, #819, #810, .T. ) ;
#417 = CARTESIAN_POINT ( 'NONE',  ( 0.9999999999999988898, 0.4000000000000000222, 1.599999999999997202 ) ) ;
#418 = FILL_AREA_STYLE_COLOUR ( '', #4689 ) ;
#419 = ORIENTED_EDGE ( 'NONE', *, *, #156, .T. ) ;
#420 = ADVANCED_FACE ( 'NONE', ( #1951 ), #4935, .T. ) ;
#421 = DIRECTION ( 'NONE',  ( 0.000000000000000000, -1.000000000000000000, 0.000000000000000000 ) ) ;
#422 = CARTESIAN_POINT ( 'NONE',  ( 0.7250000000000000888, 0.9100000000000000311, -1.510000000000000009 ) ) ;
#423 = AXIS2_PLACEMENT_3D ( 'NONE', #4154, #3004, #4533 ) ;
#424 = ORIENTED_EDGE ( 'NONE', *, *, #4203, .T. ) ;
#425 = VERTEX_POINT ( 'NONE', #55 ) ;
#426 = DIRECTION ( 'NONE',  ( -0.000000000000000000, -1.000000000000000000, 0.000000000000000000 ) ) ;
#427 = CARTESIAN_POINT ( 'NONE',  ( 1.249999999999999334, 0.4000000000000000222, 1.350000000000000089 ) ) ;
#428 = DIRECTION ( 'NONE',  ( 0.000000000000000000, 0.000000000000000000, 1.000000000000000000 ) ) ;
#429 = LINE ( 'NONE', #1956, #2623 ) ;
#430 = CIRCLE ( 'NONE', #1009, 0.2000000000000003164 ) ;
#431 = VECTOR ( 'NONE', #983, 1000.000000000000000 ) ;
#432 = VERTEX_POINT ( 'NONE', #3005 ) ;
#433 = EDGE_LOOP ( 'NONE', ( #2118, #1975, #4784, #2650 ) ) ;
#434 = STYLED_ITEM ( 'NONE', ( #390 ), #4177 ) ;
#435 = VECTOR ( 'NONE', #4367, 1000.000000000000000 ) ;
#436 = CARTESIAN_POINT ( 'NONE',  ( 0.9181351240713226947, 0.9099999999999998090, 1.405123894006722551 ) ) ;
#437 = DIRECTION ( 'NONE',  ( 0.000000000000000000, 1.000000000000000000, 0.000000000000000000 ) ) ;
#438 = ORIENTED_EDGE ( 'NONE', *, *, #4471, .T. ) ;
#439 = CIRCLE ( 'NONE', #3241, 0.2500000000000002220 ) ;
#440 = LINE ( 'NONE', #3600, #2826 ) ;
#441 = EDGE_CURVE ( 'NONE', #3359, #3443, #1585, .T. ) ;
#442 = VERTEX_POINT ( 'NONE', #3105 ) ;
#443 = FACE_OUTER_BOUND ( 'NONE', #2455, .T. ) ;
#444 = DIRECTION ( 'NONE',  ( 0.000000000000000000, -1.000000000000000000, 0.000000000000000000 ) ) ;
#445 = CIRCLE ( 'NONE', #2124, 0.08999999999999980238 ) ;
#446 = VERTEX_POINT ( 'NONE', #2278 ) ;
#447 = EDGE_LOOP ( 'NONE', ( #1125, #2974, #1605, #1969 ) ) ;
#448 = DIRECTION ( 'NONE',  ( -1.000000000000000000, 0.000000000000000000, 0.000000000000000000 ) ) ;
#449 = FACE_OUTER_BOUND ( 'NONE', #2500, .T. ) ;
#450 = CARTESIAN_POINT ( 'NONE',  ( -0.7249999999999997558, 0.9099999999999999201, -1.445000000000000062 ) ) ;
#451 = CIRCLE ( 'NONE', #4150, 0.2500000000000002220 ) ;
#452 = DIRECTION ( 'NONE',  ( 0.000000000000000000, 1.000000000000000000, 0.000000000000000000 ) ) ;
#453 = EDGE_CURVE ( 'NONE', #3181, #2354, #87, .T. ) ;
#454 = ORIENTED_EDGE ( 'NONE', *, *, #2841, .T. ) ;
#455 = VERTEX_POINT ( 'NONE', #3460 ) ;
#456 = AXIS2_PLACEMENT_3D ( 'NONE', #4158, #1791, #2979 ) ;
#457 = EDGE_CURVE ( 'NONE', #163, #3338, #1190, .T. ) ;
#458 = CARTESIAN_POINT ( 'NONE',  ( -0.7249999999999997558, 0.9100000000000000311, 1.509999999999999787 ) ) ;
#459 = SURFACE_SIDE_STYLE ('',( #1319 ) ) ;
#460 = ORIENTED_EDGE ( 'NONE', *, *, #2397, .F. ) ;
#461 = CARTESIAN_POINT ( 'NONE',  ( 1.075000000000000178, 0.9000000000000000222, -1.074999999999999734 ) ) ;
#462 = DIRECTION ( 'NONE',  ( -8.809142651444737726E-15, 0.000000000000000000, 1.000000000000000000 ) ) ;
#463 = ORIENTED_EDGE ( 'NONE', *, *, #4931, .T. ) ;
#464 = CARTESIAN_POINT ( 'NONE',  ( -0.7250000000000001998, 0.9000000000000000222, 1.509999999999999787 ) ) ;
#465 = DIRECTION ( 'NONE',  ( 0.000000000000000000, 1.000000000000000000, 0.000000000000000000 ) ) ;
#466 = VERTEX_POINT ( 'NONE', #1121 ) ;
#467 = ORIENTED_EDGE ( 'NONE', *, *, #1806, .T. ) ;
#468 = CIRCLE ( 'NONE', #2705, 0.2000000000000005107 ) ;
#469 = CARTESIAN_POINT ( 'NONE',  ( -1.200000000000000178, 0.3999999999999999667, -0.6500000000000021316 ) ) ;
#470 = CARTESIAN_POINT ( 'NONE',  ( -1.250000000000000000, 0.7349999999999995426, -0.1500000000000001610 ) ) ;
#471 = EDGE_CURVE ( 'NONE', #4072, #3376, #618, .T. ) ;
#472 = FACE_OUTER_BOUND ( 'NONE', #2890, .T. ) ;
#473 = CARTESIAN_POINT ( 'NONE',  ( 0.7250000000000000888, 0.9000000000000000222, 1.074999999999999734 ) ) ;
#474 = UNCERTAINTY_MEASURE_WITH_UNIT (LENGTH_MEASURE( 1.000000000000000082E-05 ), #4499, 'distance_accuracy_value', 'NONE');
#475 = ORIENTED_EDGE ( 'NONE', *, *, #4018, .F. ) ;
#476 = VERTEX_POINT ( 'NONE', #1904 ) ;
#477 = EDGE_CURVE ( 'NONE', #2030, #3284, #4176, .T. ) ;
#478 = EDGE_CURVE ( 'NONE', #1179, #3123, #1879, .T. ) ;
#479 = CARTESIAN_POINT ( 'NONE',  ( 0.9999999999999988898, 0.000000000000000000, 1.599999999999997202 ) ) ;
#480 = CARTESIAN_POINT ( 'NONE',  ( 1.055123894006722240, 1.010000000000000009, 1.268135124071323006 ) ) ;
#481 = CARTESIAN_POINT ( 'NONE',  ( -1.250000000000000000, 0.7349999999999995426, 0.1499999999999998279 ) ) ;
#482 = DIRECTION ( 'NONE',  ( -5.261928398534647071E-16, 0.000000000000000000, 1.000000000000000000 ) ) ;
#483 = EDGE_CURVE ( 'NONE', #4723, #2320, #4962, .T. ) ;
#484 = CARTESIAN_POINT ( 'NONE',  ( -0.4499999999999999001, 0.3999999999999999667, -1.549999999999997824 ) ) ;
#485 = CARTESIAN_POINT ( 'NONE',  ( -0.7999999999999998224, 0.000000000000000000, -0.6500000000000020206 ) ) ;
#486 = EDGE_CURVE ( 'NONE', #4426, #466, #1560, .T. ) ;
#487 = ORIENTED_EDGE ( 'NONE', *, *, #3559, .T. ) ;
#488 = CARTESIAN_POINT ( 'NONE',  ( -0.7250000000000000888, 1.010000000000000009, 1.444999999999999840 ) ) ;
#489 = LINE ( 'NONE', #1671, #681 ) ;
#490 = CARTESIAN_POINT ( 'NONE',  ( -1.005051025721681812, 0.4000000000000000222, -1.549999999999997824 ) ) ;
#491 = CARTESIAN_POINT ( 'NONE',  ( 0.000000000000000000, 0.000000000000000000, 0.000000000000000000 ) ) ;
#492 = CIRCLE ( 'NONE', #3712, 0.08999999999999980238 ) ;
#493 = VERTEX_POINT ( 'NONE', #3822 ) ;
#494 = ORIENTED_EDGE ( 'NONE', *, *, #1650, .F. ) ;
#495 = DIRECTION ( 'NONE',  ( 1.355252715606880543E-16, 0.000000000000000000, -1.000000000000000000 ) ) ;
#496 = DIRECTION ( 'NONE',  ( -6.618676052963837759E-17, 0.000000000000000000, -1.000000000000000000 ) ) ;
#497 = CARTESIAN_POINT ( 'NONE',  ( -1.160000000000000142, 0.2850000000000005307, -0.1500000000000001610 ) ) ;
#498 = AXIS2_PLACEMENT_3D ( 'NONE', #1737, #2540, #2497 ) ;
#499 = LINE ( 'NONE', #524, #4826 ) ;
#500 = VERTEX_POINT ( 'NONE', #3436 ) ;
#501 = EDGE_CURVE ( 'NONE', #99, #4386, #1539, .T. ) ;
#502 = EDGE_LOOP ( 'NONE', ( #2793, #4861, #3944, #1876 ) ) ;
#503 = DIRECTION ( 'NONE',  ( 1.000000000000000000, 0.000000000000000000, 0.000000000000000000 ) ) ;
#504 = FACE_OUTER_BOUND ( 'NONE', #4152, .T. ) ;
#505 = CYLINDRICAL_SURFACE ( 'NONE', #783, 0.4350000000000000533 ) ;
#506 = CIRCLE ( 'NONE', #1317, 0.2000000000000005107 ) ;
#507 = FILL_AREA_STYLE ('',( #2400 ) ) ;
#508 = VECTOR ( 'NONE', #4041, 1000.000000000000000 ) ;
#509 = DIRECTION ( 'NONE',  ( 0.000000000000000000, 1.000000000000000000, 0.000000000000000000 ) ) ;
#510 = VECTOR ( 'NONE', #1986, 1000.000000000000000 ) ;
#511 = FACE_OUTER_BOUND ( 'NONE', #3637, .T. ) ;
#512 = CIRCLE ( 'NONE', #3965, 0.2500000000000002220 ) ;
#513 = VERTEX_POINT ( 'NONE', #3995 ) ;
#514 = AXIS2_PLACEMENT_3D ( 'NONE', #1492, #2596, #1857 ) ;
#515 = CARTESIAN_POINT ( 'NONE',  ( -1.249999999999999334, 0.4000000000000000222, -1.600000000000000089 ) ) ;
#516 = EDGE_CURVE ( 'NONE', #2635, #192, #3158, .T. ) ;
#517 = DIRECTION ( 'NONE',  ( -1.355252715606880543E-16, 0.000000000000000000, 1.000000000000000000 ) ) ;
#518 = ORIENTED_EDGE ( 'NONE', *, *, #3832, .F. ) ;
#519 = ORIENTED_EDGE ( 'NONE', *, *, #3594, .T. ) ;
#520 = ORIENTED_EDGE ( 'NONE', *, *, #3808, .F. ) ;
#521 = CLOSED_SHELL ( 'NONE', ( #794, #1625, #3853, #1780, #2317, #1356, #4669, #1895, #4659, #1752, #1748, #4970, #2942, #729, #1290, #4017, #1990, #4139 ) ) ;
#522 = LINE ( 'NONE', #2041, #2967 ) ;
#523 = FACE_OUTER_BOUND ( 'NONE', #1914, .T. ) ;
#524 = CARTESIAN_POINT ( 'NONE',  ( 1.200000000000000178, 0.3999999999999999667, 0.6500000000000021316 ) ) ;
#525 = VECTOR ( 'NONE', #178, 1000.000000000000000 ) ;
#526 = VERTEX_POINT ( 'NONE', #1283 ) ;
#527 = EDGE_LOOP ( 'NONE', ( #4276, #2081, #4650, #3264 ) ) ;
#528 = ORIENTED_EDGE ( 'NONE', *, *, #3428, .T. ) ;
#529 = VECTOR ( 'NONE', #4417, 1000.000000000000000 ) ;
#530 = CARTESIAN_POINT ( 'NONE',  ( 1.005051025721682256, 1.641974234837420665, -1.549999999999997158 ) ) ;
#531 = CARTESIAN_POINT ( 'NONE',  ( -1.200000000000000178, 0.000000000000000000, -0.6500000000000021316 ) ) ;
#532 = LINE ( 'NONE', #3540, #4317 ) ;
#533 = EDGE_CURVE ( 'NONE', #4097, #4379, #2035, .T. ) ;
#534 = DIRECTION ( 'NONE',  ( -0.000000000000000000, 1.000000000000000000, -0.000000000000000000 ) ) ;
#535 = CIRCLE ( 'NONE', #3671, 0.2749999999999999667 ) ;
#536 = CARTESIAN_POINT ( 'NONE',  ( 0.7249999999999998668, 1.125000000000000222, -1.074999999999999956 ) ) ;
#537 = DIRECTION ( 'NONE',  ( 0.000000000000000000, 0.000000000000000000, -1.000000000000000000 ) ) ;
#538 = LINE ( 'NONE', #1644, #2188 ) ;
#539 = ORIENTED_EDGE ( 'NONE', *, *, #3507, .T. ) ;
#540 = MANIFOLD_SOLID_BREP ( 'Boss-Extrude5[2]', #1103 ) ;
#541 = EDGE_CURVE ( 'NONE', #2699, #1961, #3571, .T. ) ;
#542 = EDGE_CURVE ( 'NONE', #1942, #4902, #550, .T. ) ;
#543 = CARTESIAN_POINT ( 'NONE',  ( -1.249999999999999778, 0.3999999999999999667, 1.599999999999999645 ) ) ;
#544 = CARTESIAN_POINT ( 'NONE',  ( 0.7250000000000000888, 1.050000000000000044, 1.074999999999999734 ) ) ;
#545 = VERTEX_POINT ( 'NONE', #3939 ) ;
#546 = ORIENTED_EDGE ( 'NONE', *, *, #4497, .T. ) ;
#547 = EDGE_CURVE ( 'NONE', #4264, #1175, #1703, .T. ) ;
#548 = ORIENTED_EDGE ( 'NONE', *, *, #1136, .T. ) ;
#549 = DIRECTION ( 'NONE',  ( -1.000000000000000000, 0.000000000000000000, -1.355252715606880543E-16 ) ) ;
#550 = LINE ( 'NONE', #884, #525 ) ;
#551 =( BOUNDED_SURFACE ( )  B_SPLINE_SURFACE ( 2, 3, ( 
 ( #1972, #3126, #4677, #152, #1679, #3206 ),
 ( #1234, #2821, #4382, #2743, #4304, #861 ),
 ( #2371, #1992, #3530, #103, #1632, #2098 ) ),
 .UNSPECIFIED., .F., .F., .F. ) 
 B_SPLINE_SURFACE_WITH_KNOTS ( ( 3, 3 ),
 ( 4, 2, 4 ),
 ( 0.000000000000000000, 1.000000000000000000 ),
 ( 3.141592653589793560, 3.926990816987241395, 4.712388980384689674 ),
 .UNSPECIFIED. ) 
 GEOMETRIC_REPRESENTATION_ITEM ( )  RATIONAL_B_SPLINE_SURFACE ( (
 ( 1.000000000000000000, 1.000000000000000000, 1.000000000000000000, 1.000000000000000000, 1.000000000000000000, 1.000000000000000000),
 ( 0.7071067811865475727, 0.7071067811865475727, 0.7071067811865475727, 0.7071067811865475727, 0.7071067811865475727, 0.7071067811865475727),
 ( 1.000000000000000000, 1.000000000000000000, 1.000000000000000000, 1.000000000000000000, 1.000000000000000000, 1.000000000000000000) ) ) 
 REPRESENTATION_ITEM ( '' )  SURFACE ( )  );
#552 = CARTESIAN_POINT ( 'NONE',  ( -0.4500000000000000111, 0.000000000000000000, 0.6500000000000017986 ) ) ;
#553 = CARTESIAN_POINT ( 'NONE',  ( -0.7250000000000000888, 0.9099999999999999201, 1.445000000000000062 ) ) ;
#554 = ORIENTED_EDGE ( 'NONE', *, *, #997, .F. ) ;
#555 = VERTEX_POINT ( 'NONE', #3233 ) ;
#556 = DIRECTION ( 'NONE',  ( -1.000000000000000000, 0.000000000000000000, 1.858632295689436004E-15 ) ) ;
#557 = DIRECTION ( 'NONE',  ( -0.000000000000000000, -1.000000000000000000, 0.000000000000000000 ) ) ;
#558 = DIRECTION ( 'NONE',  ( 0.000000000000000000, -1.000000000000000000, 0.000000000000000000 ) ) ;
#559 = DIRECTION ( 'NONE',  ( 1.355252715606880543E-16, 0.000000000000000000, -1.000000000000000000 ) ) ;
#560 = VECTOR ( 'NONE', #2507, 1000.000000000000000 ) ;
#561 = ORIENTED_EDGE ( 'NONE', *, *, #4955, .F. ) ;
#562 = ORIENTED_EDGE ( 'NONE', *, *, #1203, .T. ) ;
#563 = ORIENTED_EDGE ( 'NONE', *, *, #2987, .F. ) ;
#564 =( GEOMETRIC_REPRESENTATION_CONTEXT ( 3 ) GLOBAL_UNCERTAINTY_ASSIGNED_CONTEXT ( ( #3646 ) ) GLOBAL_UNIT_ASSIGNED_CONTEXT ( ( #756, #3817, #2952 ) ) REPRESENTATION_CONTEXT ( 'NONE', 'WORKASPACE' ) );
#565 = LINE ( 'NONE', #330, #2406 ) ;
#566 = LINE ( 'NONE', #2185, #3396 ) ;
#567 = DIRECTION ( 'NONE',  ( 1.355252715606880543E-16, 0.000000000000000000, -1.000000000000000000 ) ) ;
#568 = ORIENTED_EDGE ( 'NONE', *, *, #2645, .T. ) ;
#569 = EDGE_CURVE ( 'NONE', #3935, #652, #492, .T. ) ;
#570 = DIRECTION ( 'NONE',  ( 0.000000000000000000, -1.000000000000000000, 0.000000000000000000 ) ) ;
#571 = FACE_OUTER_BOUND ( 'NONE', #2283, .T. ) ;
#572 = LINE ( 'NONE', #3553, #3726 ) ;
#573 = EDGE_CURVE ( 'NONE', #1604, #446, #2042, .T. ) ;
#574 = EDGE_LOOP ( 'NONE', ( #2741, #4838, #1438, #707 ) ) ;
#575 = EDGE_LOOP ( 'NONE', ( #3290, #3442, #760, #2773 ) ) ;
#576 = VERTEX_POINT ( 'NONE', #3587 ) ;
#577 = VECTOR ( 'NONE', #2930, 1000.000000000000000 ) ;
#578 = PLANE ( 'NONE',  #1941 ) ;
#579 = CARTESIAN_POINT ( 'NONE',  ( 0.7249999999999999778, 5.970014005574767246, 1.424999999999999600 ) ) ;
#580 = PLANE ( 'NONE',  #4174 ) ;
#581 = ORIENTED_EDGE ( 'NONE', *, *, #742, .F. ) ;
#582 = ORIENTED_EDGE ( 'NONE', *, *, #1201, .F. ) ;
#583 = ORIENTED_EDGE ( 'NONE', *, *, #3402, .T. ) ;
#584 = DIRECTION ( 'NONE',  ( 1.000000000000000000, 0.000000000000000000, -1.401985567869187533E-17 ) ) ;
#585 = DIRECTION ( 'NONE',  ( -0.000000000000000000, -1.000000000000000000, 0.000000000000000000 ) ) ;
#586 = FILL_AREA_STYLE ('',( #892 ) ) ;
#587 = ADVANCED_FACE ( 'NONE', ( #449 ), #551, .T. ) ;
#588 = LINE ( 'NONE', #3347, #3925 ) ;
#589 = VERTEX_POINT ( 'NONE', #4047 ) ;
#590 = MANIFOLD_SOLID_BREP ( 'Boss-Extrude5[4]', #1573 ) ;
#591 = CIRCLE ( 'NONE', #193, 0.3500000000000001443 ) ;
#592 = CARTESIAN_POINT ( 'NONE',  ( 0.4500000000000000111, 0.3999999999999999667, -0.6500000000000017986 ) ) ;
#593 = FACE_OUTER_BOUND ( 'NONE', #1489, .T. ) ;
#594 = AXIS2_PLACEMENT_3D ( 'NONE', #1361, #811, #2409 ) ;
#595 = ORIENTED_EDGE ( 'NONE', *, *, #4496, .F. ) ;
#596 = FACE_OUTER_BOUND ( 'NONE', #3910, .T. ) ;
#597 = AXIS2_PLACEMENT_3D ( 'NONE', #92, #567, #2430 ) ;
#598 = DIRECTION ( 'NONE',  ( -1.000000000000000000, 0.000000000000000000, 0.000000000000000000 ) ) ;
#599 = VECTOR ( 'NONE', #3688, 1000.000000000000000 ) ;
#600 = FACE_OUTER_BOUND ( 'NONE', #1908, .T. ) ;
#601 = ADVANCED_FACE ( 'NONE', ( #2151 ), #3310, .F. ) ;
#602 = VERTEX_POINT ( 'NONE', #4485 ) ;
#603 = VECTOR ( 'NONE', #2985, 1000.000000000000000 ) ;
#604 = VERTEX_POINT ( 'NONE', #4077 ) ;
#605 = ORIENTED_EDGE ( 'NONE', *, *, #2867, .F. ) ;
#606 = CARTESIAN_POINT ( 'NONE',  ( -0.7249999999999996447, 1.050000000000000044, -1.424999999999999822 ) ) ;
#607 = DIRECTION ( 'NONE',  ( -1.000000000000000000, 0.000000000000000000, 0.000000000000000000 ) ) ;
#608 = LINE ( 'NONE', #3312, #647 ) ;
#609 = VERTEX_POINT ( 'NONE', #967 ) ;
#610 = ORIENTED_EDGE ( 'NONE', *, *, #2458, .T. ) ;
#611 = AXIS2_PLACEMENT_3D ( 'NONE', #2913, #1467, #1766 ) ;
#612 = DIRECTION ( 'NONE',  ( -0.000000000000000000, 1.000000000000000000, -0.000000000000000000 ) ) ;
#613 = EDGE_CURVE ( 'NONE', #493, #412, #2227, .T. ) ;
#614 = CARTESIAN_POINT ( 'NONE',  ( -1.000000000000000222, 1.199999999999999956, 1.074999999999999512 ) ) ;
#615 = LINE ( 'NONE', #4937, #1968 ) ;
#616 = EDGE_CURVE ( 'NONE', #3974, #2347, #4021, .T. ) ;
#617 = DIRECTION ( 'NONE',  ( 0.000000000000000000, -1.000000000000000000, 0.000000000000000000 ) ) ;
#618 = CIRCLE ( 'NONE', #3410, 0.2000000000000003164 ) ;
#619 = ORIENTED_EDGE ( 'NONE', *, *, #4232, .F. ) ;
#620 = EDGE_CURVE ( 'NONE', #3367, #455, #4278, .T. ) ;
#621 = EDGE_CURVE ( 'NONE', #2133, #2169, #2171, .T. ) ;
#622 = DIRECTION ( 'NONE',  ( -0.000000000000000000, -1.000000000000000000, 0.000000000000000000 ) ) ;
#623 = CARTESIAN_POINT ( 'NONE',  ( 1.249999999999999778, -9.099999999999999645, -0.1499999999999998279 ) ) ;
#624 = VECTOR ( 'NONE', #3634, 1000.000000000000000 ) ;
#625 = ORIENTED_EDGE ( 'NONE', *, *, #1465, .F. ) ;
#626 = CARTESIAN_POINT ( 'NONE',  ( -1.200000000000000178, 0.000000000000000000, 0.6500000000000016875 ) ) ;
#627 = CARTESIAN_POINT ( 'NONE',  ( 1.094999999999999973, 1.050000000000000044, 1.074999999999999956 ) ) ;
#628 = DIRECTION ( 'NONE',  ( -0.000000000000000000, -1.000000000000000000, 0.000000000000000000 ) ) ;
#629 = ORIENTED_EDGE ( 'NONE', *, *, #2571, .F. ) ;
#630 = VERTEX_POINT ( 'NONE', #3722 ) ;
#631 = CARTESIAN_POINT ( 'NONE',  ( 1.005051025721682256, 0.3999999999999999667, -1.549999999999997158 ) ) ;
#632 = CARTESIAN_POINT ( 'NONE',  ( -1.250000000000000000, 0.000000000000000000, 0.1499999999999998279 ) ) ;
#633 = CARTESIAN_POINT ( 'NONE',  ( 1.094999999999999973, 1.010000000000000009, 1.075000000000000400 ) ) ;
#634 = DIRECTION ( 'NONE',  ( 1.401985567869189998E-17, 0.000000000000000000, 1.000000000000000000 ) ) ;
#635 = EDGE_LOOP ( 'NONE', ( #11, #2083, #1303, #1833 ) ) ;
#636 = VERTEX_POINT ( 'NONE', #2496 ) ;
#637 = ADVANCED_FACE ( 'NONE', ( #4124 ), #278, .F. ) ;
#638 = CARTESIAN_POINT ( 'NONE',  ( -1.249999999999999778, -9.099999999999999645, -0.2399999999999999634 ) ) ;
#639 = CARTESIAN_POINT ( 'NONE',  ( 1.160000000000000142, 0.7349999999999995426, 0.1500000000000001610 ) ) ;
#640 = DIRECTION ( 'NONE',  ( 1.355252715606880543E-16, 0.000000000000000000, -1.000000000000000000 ) ) ;
#641 = DIRECTION ( 'NONE',  ( 0.000000000000000000, 1.000000000000000000, 0.000000000000000000 ) ) ;
#642 = ORIENTED_EDGE ( 'NONE', *, *, #155, .T. ) ;
#643 = EDGE_CURVE ( 'NONE', #4351, #206, #1937, .T. ) ;
#644 =( GEOMETRIC_REPRESENTATION_CONTEXT ( 3 ) GLOBAL_UNCERTAINTY_ASSIGNED_CONTEXT ( ( #2882 ) ) GLOBAL_UNIT_ASSIGNED_CONTEXT ( ( #1617, #112, #3569 ) ) REPRESENTATION_CONTEXT ( 'NONE', 'WORKASPACE' ) );
#645 = DIRECTION ( 'NONE',  ( -0.000000000000000000, -1.000000000000000000, -0.000000000000000000 ) ) ;
#646 = DIRECTION ( 'NONE',  ( 0.000000000000000000, 1.000000000000000000, 0.000000000000000000 ) ) ;
#647 = VECTOR ( 'NONE', #2522, 1000.000000000000000 ) ;
#648 = CARTESIAN_POINT ( 'NONE',  ( 1.249999999999999334, 1.641974234837420665, -1.399999999999999467 ) ) ;
#649 = DIRECTION ( 'NONE',  ( 0.000000000000000000, 1.000000000000000000, 0.000000000000000000 ) ) ;
#650 = LINE ( 'NONE', #1064, #4128 ) ;
#651 = ADVANCED_FACE ( 'NONE', ( #2129 ), #4878, .F. ) ;
#652 = VERTEX_POINT ( 'NONE', #2949 ) ;
#653 = CYLINDRICAL_SURFACE ( 'NONE', #2719, 0.08999999999999980238 ) ;
#654 = CARTESIAN_POINT ( 'NONE',  ( -1.250000000000000000, 0.9000000000000000222, -0.1500000000000001610 ) ) ;
#655 = CARTESIAN_POINT ( 'NONE',  ( 1.159999999999999920, 0.9100000000000000311, 1.075000000000000400 ) ) ;
#656 = CARTESIAN_POINT ( 'NONE',  ( 1.159999999999999920, 0.9100000000000000311, -1.074999999999999734 ) ) ;
#657 = ORIENTED_EDGE ( 'NONE', *, *, #4764, .F. ) ;
#658 = ORIENTED_EDGE ( 'NONE', *, *, #2530, .F. ) ;
#659 = DIRECTION ( 'NONE',  ( -3.764590876685790570E-16, 0.000000000000000000, 1.000000000000000000 ) ) ;
#660 = DIRECTION ( 'NONE',  ( -1.000000000000000000, 0.000000000000000000, 1.401985567869189998E-17 ) ) ;
#661 = CARTESIAN_POINT ( 'NONE',  ( 1.249999999999999778, 0.3999999999999999667, -1.349999999999999645 ) ) ;
#662 = CARTESIAN_POINT ( 'NONE',  ( -1.160000000000000142, 0.9100000000000000311, 1.074999999999999067 ) ) ;
#663 = CARTESIAN_POINT ( 'NONE',  ( 0.4499999999999997891, 0.4000000000000000222, 0.6500000000000020206 ) ) ;
#664 = ORIENTED_EDGE ( 'NONE', *, *, #2065, .T. ) ;
#665 = EDGE_CURVE ( 'NONE', #3049, #526, #4506, .T. ) ;
#666 = STYLED_ITEM ( 'NONE', ( #3405 ), #667 ) ;
#667 = MANIFOLD_SOLID_BREP ( 'Boss-Extrude5[1]', #3900 ) ;
#668 = CARTESIAN_POINT ( 'NONE',  ( 0.7250000000000000888, 0.9100000000000000311, 1.509999999999999787 ) ) ;
#669 = FACE_OUTER_BOUND ( 'NONE', #3001, .T. ) ;
#670 = VECTOR ( 'NONE', #1850, 1000.000000000000000 ) ;
#671 = CARTESIAN_POINT ( 'NONE',  ( 1.249999999999999778, 0.000000000000000000, -0.1499999999999998279 ) ) ;
#672 = CARTESIAN_POINT ( 'NONE',  ( -1.249999999999999778, 0.4000000000000000222, 1.399999999999999245 ) ) ;
#673 = LINE ( 'NONE', #252, #3802 ) ;
#674 = ADVANCED_FACE ( 'NONE', ( #4625 ), #1080, .T. ) ;
#675 = VECTOR ( 'NONE', #3667, 1000.000000000000000 ) ;
#676 = ORIENTED_EDGE ( 'NONE', *, *, #478, .F. ) ;
#677 = EDGE_CURVE ( 'NONE', #3494, #3359, #3431, .T. ) ;
#678 = CIRCLE ( 'NONE', #1242, 0.3700000000000002176 ) ;
#679 = DIRECTION ( 'NONE',  ( -1.000000000000000000, 0.000000000000000000, 0.000000000000000000 ) ) ;
#680 = DIRECTION ( 'NONE',  ( -1.355252715606880543E-16, 0.000000000000000000, 1.000000000000000000 ) ) ;
#681 = VECTOR ( 'NONE', #2845, 1000.000000000000000 ) ;
#682 = FACE_OUTER_BOUND ( 'NONE', #978, .T. ) ;
#683 = AXIS2_PLACEMENT_3D ( 'NONE', #4287, #1977, #3515 ) ;
#684 = EDGE_LOOP ( 'NONE', ( #2736, #1288, #1964, #4587 ) ) ;
#685 = ORIENTED_EDGE ( 'NONE', *, *, #1227, .T. ) ;
#686 = DIRECTION ( 'NONE',  ( -0.000000000000000000, -1.000000000000000000, -0.000000000000000000 ) ) ;
#687 = VECTOR ( 'NONE', #2618, 1000.000000000000114 ) ;
#688 = LINE ( 'NONE', #3343, #1498 ) ;
#689 = CARTESIAN_POINT ( 'NONE',  ( -1.200000000000000178, 0.000000000000000000, 0.6500000000000016875 ) ) ;
#690 = DIRECTION ( 'NONE',  ( -1.000000000000000000, 0.000000000000000000, 0.000000000000000000 ) ) ;
#691 = CARTESIAN_POINT ( 'NONE',  ( -0.7249999999999999778, 1.199999999999999956, 1.074999999999999734 ) ) ;
#692 = VECTOR ( 'NONE', #3729, 1000.000000000000000 ) ;
#693 = LINE ( 'NONE', #1104, #4619 ) ;
#694 = ADVANCED_FACE ( 'NONE', ( #3864 ), #4598, .T. ) ;
#695 = DIRECTION ( 'NONE',  ( -8.538092108323361617E-15, 0.000000000000000000, -1.000000000000000000 ) ) ;
#696 = VECTOR ( 'NONE', #3424, 1000.000000000000000 ) ;
#697 = LINE ( 'NONE', #4685, #2760 ) ;
#698 = CARTESIAN_POINT ( 'NONE',  ( -1.249999999999999778, 0.4000000000000000222, 1.599999999999999645 ) ) ;
#699 = VERTEX_POINT ( 'NONE', #2691 ) ;
#700 = AXIS2_PLACEMENT_3D ( 'NONE', #2880, #1046, #2588 ) ;
#701 = CARTESIAN_POINT ( 'NONE',  ( -0.7250000000000000888, 1.125000000000000222, 1.424999999999999822 ) ) ;
#702 = DIRECTION ( 'NONE',  ( -3.466925551552485682E-17, 0.000000000000000000, 1.000000000000000000 ) ) ;
#703 = CARTESIAN_POINT ( 'NONE',  ( -0.4500000000000000111, 1.641974234837420665, 0.6500000000000017986 ) ) ;
#704 = EDGE_CURVE ( 'NONE', #2140, #3574, #1159, .T. ) ;
#705 = ORIENTED_EDGE ( 'NONE', *, *, #3182, .T. ) ;
#706 = ORIENTED_EDGE ( 'NONE', *, *, #2314, .T. ) ;
#707 = ORIENTED_EDGE ( 'NONE', *, *, #113, .F. ) ;
#708 = DIRECTION ( 'NONE',  ( 1.000000000000000000, 0.000000000000000000, -1.401985567869192464E-17 ) ) ;
#709 = CARTESIAN_POINT ( 'NONE',  ( -1.094999999999999751, 1.010000000000000009, -1.074999999999999956 ) ) ;
#710 = CARTESIAN_POINT ( 'NONE',  ( -1.160000000000000142, 0.000000000000000000, -1.572093150103981676E-16 ) ) ;
#711 = CARTESIAN_POINT ( 'NONE',  ( -1.074999999999999734, 5.970014005574767246, -1.074999999999999956 ) ) ;
#712 = CYLINDRICAL_SURFACE ( 'NONE', #164, 0.08999999999999980238 ) ;
#713 = MANIFOLD_SOLID_BREP ( 'Split Line1', #851 ) ;
#714 = ORIENTED_EDGE ( 'NONE', *, *, #2093, .T. ) ;
#715 = DIRECTION ( 'NONE',  ( -0.000000000000000000, -1.000000000000000000, 0.000000000000000000 ) ) ;
#716 = CARTESIAN_POINT ( 'NONE',  ( -1.200000000000000178, 1.641974234837420665, -0.6500000000000021316 ) ) ;
#717 = AXIS2_PLACEMENT_3D ( 'NONE', #4060, #641, #1792 ) ;
#718 = CARTESIAN_POINT ( 'NONE',  ( 0.2416666666666671126, 0.9100000000000000311, -1.510000000000000009 ) ) ;
#719 = DIRECTION ( 'NONE',  ( -0.000000000000000000, -1.000000000000000000, 0.000000000000000000 ) ) ;
#720 = DIRECTION ( 'NONE',  ( 0.000000000000000000, -1.000000000000000000, 0.000000000000000000 ) ) ;
#721 = STYLED_ITEM ( 'NONE', ( #765 ), #4595 ) ;
#722 = EDGE_CURVE ( 'NONE', #2133, #3672, #1511, .T. ) ;
#723 = ORIENTED_EDGE ( 'NONE', *, *, #677, .T. ) ;
#724 = CIRCLE ( 'NONE', #1682, 0.08999999999999958034 ) ;
#725 = CARTESIAN_POINT ( 'NONE',  ( -1.074999999999999734, 0.9000000000000000222, -1.074999999999999956 ) ) ;
#726 =( LENGTH_UNIT ( ) NAMED_UNIT ( * ) SI_UNIT ( .MILLI., .METRE. ) );
#727 = CARTESIAN_POINT ( 'NONE',  ( 0.4499999999999999001, 0.3999999999999999667, 1.549999999999997824 ) ) ;
#728 = CARTESIAN_POINT ( 'NONE',  ( -0.7250000000000001998, 0.9100000000000000311, 1.509999999999999787 ) ) ;
#729 = ADVANCED_FACE ( 'NONE', ( #3789 ), #2334, .T. ) ;
#730 = ORIENTED_EDGE ( 'NONE', *, *, #2963, .F. ) ;
#731 = EDGE_LOOP ( 'NONE', ( #1576, #2307, #2954, #4806 ) ) ;
#732 = VERTEX_POINT ( 'NONE', #4574 ) ;
#733 = LINE ( 'NONE', #27, #2493 ) ;
#734 = DIRECTION ( 'NONE',  ( 1.355252715606880543E-16, -0.000000000000000000, -1.000000000000000000 ) ) ;
#735 = DIRECTION ( 'NONE',  ( 1.000000000000000000, 0.000000000000000000, 3.764590876685790570E-16 ) ) ;
#736 = CARTESIAN_POINT ( 'NONE',  ( -0.4500000000000002887, 0.3999999999999999667, 1.549999999999997824 ) ) ;
#737 = FILL_AREA_STYLE ('',( #4606 ) ) ;
#738 = ORIENTED_EDGE ( 'NONE', *, *, #4268, .F. ) ;
#739 = VERTEX_POINT ( 'NONE', #830 ) ;
#740 = ORIENTED_EDGE ( 'NONE', *, *, #1199, .T. ) ;
#741 = AXIS2_PLACEMENT_3D ( 'NONE', #4828, #251, #1435 ) ;
#742 = EDGE_CURVE ( 'NONE', #3974, #3256, #2901, .T. ) ;
#743 = AXIS2_PLACEMENT_3D ( 'NONE', #2586, #4877, #3745 ) ;
#744 = CARTESIAN_POINT ( 'NONE',  ( -1.094999999999999751, 1.010000000000000009, -1.074999999999999956 ) ) ;
#745 = CARTESIAN_POINT ( 'NONE',  ( 0.8218657734856855690, 1.010000000000000231, -1.445000000000000284 ) ) ;
#746 = STYLED_ITEM ( 'NONE', ( #4409 ), #590 ) ;
#747 = AXIS2_PLACEMENT_3D ( 'NONE', #1092, #1534, #1554 ) ;
#748 = PLANE ( 'NONE',  #204 ) ;
#749 = DIRECTION ( 'NONE',  ( -1.355252715606880543E-16, 0.000000000000000000, 1.000000000000000000 ) ) ;
#750 = VECTOR ( 'NONE', #177, 1000.000000000000000 ) ;
#751 = FACE_OUTER_BOUND ( 'NONE', #2941, .T. ) ;
#752 = VERTEX_POINT ( 'NONE', #3121 ) ;
#753 = DIRECTION ( 'NONE',  ( 3.764590876685790570E-16, -0.000000000000000000, -1.000000000000000000 ) ) ;
#754 = CARTESIAN_POINT ( 'NONE',  ( 0.7250000000000000888, 0.9099999999999999201, -1.445000000000000062 ) ) ;
#755 = EDGE_CURVE ( 'NONE', #2739, #2635, #4648, .T. ) ;
#756 =( LENGTH_UNIT ( ) NAMED_UNIT ( * ) SI_UNIT ( .MILLI., .METRE. ) );
#757 = ORIENTED_EDGE ( 'NONE', *, *, #2950, .T. ) ;
#758 = VECTOR ( 'NONE', #720, 1000.000000000000000 ) ;
#759 = AXIS2_PLACEMENT_3D ( 'NONE', #3633, #3350, #1434 ) ;
#760 = ORIENTED_EDGE ( 'NONE', *, *, #1532, .T. ) ;
#761 = CARTESIAN_POINT ( 'NONE',  ( -0.7999999999999998224, 0.4000000000000000222, -0.6500000000000020206 ) ) ;
#762 = DIRECTION ( 'NONE',  ( -8.809142651444739304E-15, 0.000000000000000000, 1.000000000000000000 ) ) ;
#763 = LINE ( 'NONE', #3345, #285 ) ;
#764 = CARTESIAN_POINT ( 'NONE',  ( 1.250000000000000000, 0.000000000000000000, 1.600000000000000089 ) ) ;
#765 = PRESENTATION_STYLE_ASSIGNMENT (( #1470 ) ) ;
#766 = VERTEX_POINT ( 'NONE', #4697 ) ;
#767 = DIRECTION ( 'NONE',  ( 0.000000000000000000, 1.000000000000000000, 0.000000000000000000 ) ) ;
#768 = ORIENTED_EDGE ( 'NONE', *, *, #2374, .T. ) ;
#769 = VECTOR ( 'NONE', #4518, 1000.000000000000000 ) ;
#770 = EDGE_CURVE ( 'NONE', #466, #819, #340, .T. ) ;
#771 = EDGE_CURVE ( 'NONE', #2792, #739, #1253, .T. ) ;
#772 = CARTESIAN_POINT ( 'NONE',  ( -0.7250000000000003109, 1.050000000000000044, 1.424999999999999822 ) ) ;
#773 = DIRECTION ( 'NONE',  ( -1.000000000000000000, 0.000000000000000000, -1.355252715606880543E-16 ) ) ;
#774 = ORIENTED_EDGE ( 'NONE', *, *, #372, .F. ) ;
#775 = ADVANCED_FACE ( 'NONE', ( #3099 ), #933, .F. ) ;
#776 = ADVANCED_FACE ( 'NONE', ( #2033 ), #854, .T. ) ;
#777 = CARTESIAN_POINT ( 'NONE',  ( -1.249999999999999778, 1.641974234837420665, 1.599999999999999645 ) ) ;
#778 = CARTESIAN_POINT ( 'NONE',  ( 0.4500000000000000111, 0.4000000000000000222, -0.6500000000000017986 ) ) ;
#779 = SURFACE_STYLE_FILL_AREA ( #3785 ) ;
#780 = VERTEX_POINT ( 'NONE', #1628 ) ;
#781 = CARTESIAN_POINT ( 'NONE',  ( -1.005051025721681812, 1.641974234837420665, -1.549999999999997824 ) ) ;
#782 = CARTESIAN_POINT ( 'NONE',  ( 1.094999999999999973, 1.010000000000000009, -1.074999999999999734 ) ) ;
#783 = AXIS2_PLACEMENT_3D ( 'NONE', #4364, #558, #4002 ) ;
#784 = ORIENTED_EDGE ( 'NONE', *, *, #2572, .T. ) ;
#785 = B_SPLINE_CURVE_WITH_KNOTS ( 'NONE', 3,
 ( #1844, #718, #318, #1940 ),
 .UNSPECIFIED., .F., .F.,
 ( 4, 4 ),
 ( 0.000000000000000000, 1.000000000000000000 ),
 .UNSPECIFIED. ) ;
#786 = ORIENTED_EDGE ( 'NONE', *, *, #4638, .F. ) ;
#787 = DIRECTION ( 'NONE',  ( 1.401985567869189074E-17, 0.000000000000000000, 1.000000000000000000 ) ) ;
#788 = CARTESIAN_POINT ( 'NONE',  ( -1.094999999999999751, 1.010000000000000009, -0.3583333333333336701 ) ) ;
#789 = CARTESIAN_POINT ( 'NONE',  ( 0.9999999999999988898, 0.3999999999999999667, 1.599999999999997202 ) ) ;
#790 = CARTESIAN_POINT ( 'NONE',  ( -1.159999999999999920, 0.9100000000000000311, -0.3583333333333333925 ) ) ;
#791 = CARTESIAN_POINT ( 'NONE',  ( 1.094999999999999973, 1.010000000000000009, 1.074999999999999956 ) ) ;
#792 = EDGE_LOOP ( 'NONE', ( #2912, #1970, #3228, #2523 ) ) ;
#793 = CARTESIAN_POINT ( 'NONE',  ( -0.4500000000000002887, 0.000000000000000000, 1.549999999999997824 ) ) ;
#794 = ADVANCED_FACE ( 'NONE', ( #3200 ), #4273, .T. ) ;
#795 = ORIENTED_EDGE ( 'NONE', *, *, #2737, .T. ) ;
#796 = CARTESIAN_POINT ( 'NONE',  ( 0.9999999999999988898, 1.641974234837420665, 1.599999999999997202 ) ) ;
#797 = FACE_OUTER_BOUND ( 'NONE', #1599, .T. ) ;
#798 = ORIENTED_EDGE ( 'NONE', *, *, #4511, .F. ) ;
#799 = EDGE_CURVE ( 'NONE', #2855, #4426, #2408, .T. ) ;
#800 = CARTESIAN_POINT ( 'NONE',  ( -1.200000000000000178, 0.000000000000000000, 0.6500000000000016875 ) ) ;
#801 = LINE ( 'NONE', #1202, #758 ) ;
#802 = ORIENTED_EDGE ( 'NONE', *, *, #3867, .T. ) ;
#803 = LINE ( 'NONE', #3861, #1463 ) ;
#804 = SURFACE_STYLE_FILL_AREA ( #2296 ) ;
#805 = AXIS2_PLACEMENT_3D ( 'NONE', #4206, #3028, #4586 ) ;
#806 = ORIENTED_EDGE ( 'NONE', *, *, #4428, .T. ) ;
#807 = ORIENTED_EDGE ( 'NONE', *, *, #2264, .T. ) ;
#808 = VECTOR ( 'NONE', #4487, 1000.000000000000000 ) ;
#809 = CARTESIAN_POINT ( 'NONE',  ( -1.250000000000000000, -9.099999999999999645, -0.1500000000000001610 ) ) ;
#810 = LINE ( 'NONE', #2229, #855 ) ;
#811 = DIRECTION ( 'NONE',  ( 0.000000000000000000, -1.000000000000000000, 0.000000000000000000 ) ) ;
#812 = DIRECTION ( 'NONE',  ( -0.000000000000000000, -1.000000000000000000, -0.000000000000000000 ) ) ;
#813 = LINE ( 'NONE', #2416, #2959 ) ;
#814 = ORIENTED_EDGE ( 'NONE', *, *, #2276, .T. ) ;
#815 = EDGE_LOOP ( 'NONE', ( #1042, #4579, #3457, #4977, #4793, #1512, #4425, #1668, #2658 ) ) ;
#816 = CARTESIAN_POINT ( 'NONE',  ( 0.7250000000000000888, 0.9100000000000000311, 1.509999999999999787 ) ) ;
#817 = EDGE_CURVE ( 'NONE', #3935, #455, #70, .T. ) ;
#818 = PLANE ( 'NONE',  #2156 ) ;
#819 = VERTEX_POINT ( 'NONE', #97 ) ;
#820 = AXIS2_PLACEMENT_3D ( 'NONE', #4460, #1020, #3309 ) ;
#821 = CARTESIAN_POINT ( 'NONE',  ( -1.074999999999999734, 0.9000000000000000222, -1.074999999999999956 ) ) ;
#822 = LINE ( 'NONE', #4593, #1172 ) ;
#823 = AXIS2_PLACEMENT_3D ( 'NONE', #2879, #4437, #1807 ) ;
#824 = AXIS2_PLACEMENT_3D ( 'NONE', #4671, #465, #123 ) ;
#825 = ORIENTED_EDGE ( 'NONE', *, *, #2789, .T. ) ;
#826 = EDGE_CURVE ( 'NONE', #2499, #2599, #3151, .T. ) ;
#827 = EDGE_CURVE ( 'NONE', #3018, #513, #489, .T. ) ;
#828 = DIRECTION ( 'NONE',  ( -2.551422967320885000E-16, 0.000000000000000000, -1.000000000000000000 ) ) ;
#829 = EDGE_CURVE ( 'NONE', #958, #2811, #2488, .T. ) ;
#830 = CARTESIAN_POINT ( 'NONE',  ( -0.4499999999999999001, 0.000000000000000000, -1.549999999999997824 ) ) ;
#831 = ADVANCED_FACE ( 'NONE', ( #1696 ), #4404, .F. ) ;
#832 = VERTEX_POINT ( 'NONE', #672 ) ;
#833 = EDGE_CURVE ( 'NONE', #977, #1942, #4070, .T. ) ;
#834 = ORIENTED_EDGE ( 'NONE', *, *, #2679, .F. ) ;
#835 = ORIENTED_EDGE ( 'NONE', *, *, #2055, .T. ) ;
#836 = CARTESIAN_POINT ( 'NONE',  ( -1.200000000000000178, 0.4000000000000000222, -0.6500000000000021316 ) ) ;
#837 = PRESENTATION_STYLE_ASSIGNMENT (( #3896 ) ) ;
#838 = LINE ( 'NONE', #3824, #299 ) ;
#839 = DIRECTION ( 'NONE',  ( -1.355252715606880543E-16, 0.000000000000000000, 1.000000000000000000 ) ) ;
#840 = AXIS2_PLACEMENT_3D ( 'NONE', #3990, #4350, #205 ) ;
#841 = VECTOR ( 'NONE', #69, 1000.000000000000000 ) ;
#842 = ORIENTED_EDGE ( 'NONE', *, *, #4722, .T. ) ;
#843 = ORIENTED_EDGE ( 'NONE', *, *, #2927, .F. ) ;
#844 = AXIS2_PLACEMENT_3D ( 'NONE', #3983, #2429, #3520 ) ;
#845 = CARTESIAN_POINT ( 'NONE',  ( 0.8392025475225564080, 0.9100000000000000311, 1.509999999653172331 ) ) ;
#846 = CYLINDRICAL_SURFACE ( 'NONE', #1057, 0.2000000000000003164 ) ;
#847 = VECTOR ( 'NONE', #2838, 1000.000000000000000 ) ;
#848 = DIRECTION ( 'NONE',  ( -0.000000000000000000, -1.000000000000000000, -0.000000000000000000 ) ) ;
#849 = CYLINDRICAL_SURFACE ( 'NONE', #1721, 0.3500000000000000888 ) ;
#850 = ORIENTED_EDGE ( 'NONE', *, *, #3518, .F. ) ;
#851 = CLOSED_SHELL ( 'NONE', ( #1862, #4700, #1224, #2225, #1741, #4115, #775, #4177, #1247, #4595, #4244, #4092, #2764, #2465, #3301, #1016, #2551, #1779, #4910, #4398, #1720, #2005, #3912, #4336, #3037, #374, #3368, #4057, #2723, #2375, #3547, #2361, #2144, #1849, #1024, #1383, #4117, #3750, #3513, #637, #2190, #1926, #1565, #1045, #3687, #1056, #3719, #4218, #3487, #2025, #3584, #2436, #4042, #1912, #1082, #601, #4104, #856, #1891 ) ) ;
#852 = ADVANCED_FACE ( 'NONE', ( #1729 ), #4118, .T. ) ;
#853 = DIRECTION ( 'NONE',  ( 1.000000000000000000, 0.000000000000000000, 0.000000000000000000 ) ) ;
#854 = PLANE ( 'NONE',  #2659 ) ;
#855 = VECTOR ( 'NONE', #28, 1000.000000000000000 ) ;
#856 = ADVANCED_FACE ( 'NONE', ( #1328 ), #203, .F. ) ;
#857 = EDGE_LOOP ( 'NONE', ( #2247, #4660, #1049, #3616 ) ) ;
#858 = VERTEX_POINT ( 'NONE', #3304 ) ;
#859 = ORIENTED_EDGE ( 'NONE', *, *, #1526, .F. ) ;
#860 = CARTESIAN_POINT ( 'NONE',  ( 1.000000000000000000, 1.125000000000000000, 1.074999999999999956 ) ) ;
#861 = CARTESIAN_POINT ( 'NONE',  ( 0.7250000000000000888, 0.9099999999999999201, -1.445000000000000062 ) ) ;
#862 = PLANE ( 'NONE',  #3987 ) ;
#863 = VECTOR ( 'NONE', #3016, 1000.000000000000000 ) ;
#864 = DIRECTION ( 'NONE',  ( 1.000000000000000000, 0.000000000000000000, 0.000000000000000000 ) ) ;
#865 = EDGE_LOOP ( 'NONE', ( #2063, #2815, #3002, #3465 ) ) ;
#866 = ORIENTED_EDGE ( 'NONE', *, *, #3926, .T. ) ;
#867 = EDGE_LOOP ( 'NONE', ( #1421, #2396, #4830, #4433, #3930, #519, #3800, #1238 ) ) ;
#868 = DIRECTION ( 'NONE',  ( 0.000000000000000000, 1.000000000000000000, 0.000000000000000000 ) ) ;
#869 = DIRECTION ( 'NONE',  ( 6.160239616395062606E-17, 0.000000000000000000, 1.000000000000000000 ) ) ;
#870 = CYLINDRICAL_SURFACE ( 'NONE', #2848, 0.08999999999999958034 ) ;
#871 = DIRECTION ( 'NONE',  ( 0.000000000000000000, -1.000000000000000000, 0.000000000000000000 ) ) ;
#872 = EDGE_CURVE ( 'NONE', #3416, #336, #2122, .T. ) ;
#873 = ORIENTED_EDGE ( 'NONE', *, *, #3298, .T. ) ;
#874 = LINE ( 'NONE', #116, #4774 ) ;
#875 = DIRECTION ( 'NONE',  ( 6.160239616395062606E-17, 0.000000000000000000, 1.000000000000000000 ) ) ;
#876 = VERTEX_POINT ( 'NONE', #3714 ) ;
#877 = CARTESIAN_POINT ( 'NONE',  ( -1.049999999999999600, 1.200000000000000178, -1.600000000000000533 ) ) ;
#878 = EDGE_CURVE ( 'NONE', #4730, #3585, #4040, .T. ) ;
#879 = ORIENTED_EDGE ( 'NONE', *, *, #2771, .F. ) ;
#880 = ORIENTED_EDGE ( 'NONE', *, *, #2107, .F. ) ;
#881 = EDGE_LOOP ( 'NONE', ( #3581, #1624, #3590, #2448 ) ) ;
#882 = VECTOR ( 'NONE', #2889, 1000.000000000000000 ) ;
#883 = PLANE ( 'NONE',  #1391 ) ;
#884 = CARTESIAN_POINT ( 'NONE',  ( 0.4500000000000002887, 0.4000000000000000222, -1.549999999999997824 ) ) ;
#885 = LINE ( 'NONE', #4410, #2366 ) ;
#886 = CARTESIAN_POINT ( 'NONE',  ( -1.249999999999999778, 0.4000000000000000222, -1.349999999999999867 ) ) ;
#888 = ORIENTED_EDGE ( 'NONE', *, *, #1198, .F. ) ;
#887 = VECTOR ( 'NONE', #1461, 1000.000000000000000 ) ;
#889 = ORIENTED_EDGE ( 'NONE', *, *, #119, .T. ) ;
#890 = DIRECTION ( 'NONE',  ( 1.000000000000000000, 0.000000000000000000, 0.000000000000000000 ) ) ;
#891 = CARTESIAN_POINT ( 'NONE',  ( -0.8221377990421743220, 0.9100000000000247891, 1.444999999704952964 ) ) ;
#892 = FILL_AREA_STYLE_COLOUR ( '', #2290 ) ;
#893 = EDGE_CURVE ( 'NONE', #1147, #1311, #2147, .T. ) ;
#894 = CARTESIAN_POINT ( 'NONE',  ( 0.7250000000000000888, 1.010000000000000009, 1.444999999999999840 ) ) ;
#895 = EDGE_LOOP ( 'NONE', ( #1684, #802, #1901, #4159 ) ) ;
#896 = EDGE_CURVE ( 'NONE', #1175, #2258, #1262, .T. ) ;
#897 = ADVANCED_FACE ( 'NONE', ( #571 ), #2090, .T. ) ;
#898 = CARTESIAN_POINT ( 'NONE',  ( 1.249999999999999334, 0.3999999999999999667, 1.349999999999999867 ) ) ;
#899 = LINE ( 'NONE', #926, #1638 ) ;
#900 = EDGE_LOOP ( 'NONE', ( #3943, #1567, #2668, #3477 ) ) ;
#901 = CYLINDRICAL_SURFACE ( 'NONE', #3881, 0.2500000000000002220 ) ;
#902 = CARTESIAN_POINT ( 'NONE',  ( 1.249999999999999778, -9.099999999999999645, 0.1500000000000001610 ) ) ;
#903 = DIRECTION ( 'NONE',  ( -1.355252715606880543E-16, 0.000000000000000000, 1.000000000000000000 ) ) ;
#904 = ORIENTED_EDGE ( 'NONE', *, *, #3568, .T. ) ;
#905 = ORIENTED_EDGE ( 'NONE', *, *, #4624, .T. ) ;
#906 = ORIENTED_EDGE ( 'NONE', *, *, #2583, .F. ) ;
#907 =( GEOMETRIC_REPRESENTATION_CONTEXT ( 3 ) GLOBAL_UNCERTAINTY_ASSIGNED_CONTEXT ( ( #78 ) ) GLOBAL_UNIT_ASSIGNED_CONTEXT ( ( #726, #2219, #1922 ) ) REPRESENTATION_CONTEXT ( 'NONE', 'WORKASPACE' ) );
#908 = CARTESIAN_POINT ( 'NONE',  ( 1.160000000000000142, 0.7349999999999995426, -0.1499999999999998002 ) ) ;
#909 = DIRECTION ( 'NONE',  ( -1.000000000000000000, 0.000000000000000000, 0.000000000000000000 ) ) ;
#910 = CARTESIAN_POINT ( 'NONE',  ( 1.159999999999999920, 0.9100000000000000311, 1.074999999999999956 ) ) ;
#911 = AXIS2_PLACEMENT_3D ( 'NONE', #536, #4934, #284 ) ;
#912 = CARTESIAN_POINT ( 'NONE',  ( -1.005051025721682256, 0.000000000000000000, 1.549999999999997380 ) ) ;
#913 = ORIENTED_EDGE ( 'NONE', *, *, #1900, .F. ) ;
#914 = ORIENTED_EDGE ( 'NONE', *, *, #396, .F. ) ;
#915 = ORIENTED_EDGE ( 'NONE', *, *, #2664, .F. ) ;
#916 = FACE_OUTER_BOUND ( 'NONE', #1409, .T. ) ;
#917 = DIRECTION ( 'NONE',  ( 1.355252715606880543E-16, 0.000000000000000000, -1.000000000000000000 ) ) ;
#918 = CARTESIAN_POINT ( 'NONE',  ( 1.160000000000000142, 0.000000000000000000, 1.572093150103981676E-16 ) ) ;
#919 = AXIS2_PLACEMENT_3D ( 'NONE', #2871, #2582, #2217 ) ;
#920 = AXIS2_PLACEMENT_3D ( 'NONE', #3278, #1358, #2898 ) ;
#921 = ORIENTED_EDGE ( 'NONE', *, *, #74, .F. ) ;
#922 = EDGE_CURVE ( 'NONE', #4393, #1883, #3668, .T. ) ;
#923 = VECTOR ( 'NONE', #1751, 1000.000000000000000 ) ;
#924 = VECTOR ( 'NONE', #3273, 1000.000000000000000 ) ;
#925 = LINE ( 'NONE', #4395, #1321 ) ;
#926 = CARTESIAN_POINT ( 'NONE',  ( 1.005051025721681812, 0.4000000000000000222, 1.549999999999997602 ) ) ;
#927 = EDGE_CURVE ( 'NONE', #589, #1513, #1063, .T. ) ;
#928 = VECTOR ( 'NONE', #338, 1000.000000000000000 ) ;
#929 = EDGE_CURVE ( 'NONE', #2125, #3222, #1413, .T. ) ;
#930 = ORIENTED_EDGE ( 'NONE', *, *, #2055, .F. ) ;
#931 = CIRCLE ( 'NONE', #4384, 0.2000000000000003164 ) ;
#932 = FACE_OUTER_BOUND ( 'NONE', #2012, .T. ) ;
#933 = CYLINDRICAL_SURFACE ( 'NONE', #41, 0.08999999999999958034 ) ;
#934 = FACE_OUTER_BOUND ( 'NONE', #3422, .T. ) ;
#935 = ORIENTED_EDGE ( 'NONE', *, *, #1710, .F. ) ;
#936 = ORIENTED_EDGE ( 'NONE', *, *, #1673, .T. ) ;
#937 = ORIENTED_EDGE ( 'NONE', *, *, #2504, .F. ) ;
#938 = VECTOR ( 'NONE', #2379, 1000.000000000000000 ) ;
#939 = CARTESIAN_POINT ( 'NONE',  ( 0.9999999999999993339, 0.3999999999999999667, -1.599999999999999645 ) ) ;
#940 = DIRECTION ( 'NONE',  ( 0.000000000000000000, 1.000000000000000000, 0.000000000000000000 ) ) ;
#941 = CYLINDRICAL_SURFACE ( 'NONE', #4319, 0.3699999999999999956 ) ;
#942 = CARTESIAN_POINT ( 'NONE',  ( 1.005051025721682256, 0.4000000000000000222, -1.549999999999997158 ) ) ;
#943 = ORIENTED_EDGE ( 'NONE', *, *, #2700, .T. ) ;
#944 = ORIENTED_EDGE ( 'NONE', *, *, #3265, .F. ) ;
#945 = CIRCLE ( 'NONE', #3829, 0.08999999999999980238 ) ;
#946 = LINE ( 'NONE', #3975, #1333 ) ;
#947 = CARTESIAN_POINT ( 'NONE',  ( -1.249999999999999778, 0.9000000000000000222, 1.599999999999999645 ) ) ;
#948 = LINE ( 'NONE', #1745, #1037 ) ;
#949 = CARTESIAN_POINT ( 'NONE',  ( -1.075000000000000178, 1.050000000000000044, 1.074999999999999512 ) ) ;
#950 = ORIENTED_EDGE ( 'NONE', *, *, #704, .T. ) ;
#951 = EDGE_CURVE ( 'NONE', #2154, #4105, #4872, .T. ) ;
#952 = AXIS2_PLACEMENT_3D ( 'NONE', #1837, #3365, #4085 ) ;
#953 = CARTESIAN_POINT ( 'NONE',  ( -1.249999999999999778, 0.2850000000000005307, 0.2399999999999996303 ) ) ;
#954 = DIRECTION ( 'NONE',  ( -3.466925551552485682E-17, 0.000000000000000000, 1.000000000000000000 ) ) ;
#955 = CYLINDRICAL_SURFACE ( 'NONE', #597, 0.07499999999999998335 ) ;
#956 = EDGE_CURVE ( 'NONE', #3841, #4824, #2525, .T. ) ;
#957 = APPLICATION_CONTEXT ( 'automotive_design' ) ;
#958 = VERTEX_POINT ( 'NONE', #4501 ) ;
#959 = VERTEX_POINT ( 'NONE', #4431 ) ;
#960 = DIRECTION ( 'NONE',  ( 0.000000000000000000, 1.000000000000000000, 0.000000000000000000 ) ) ;
#961 = DIRECTION ( 'NONE',  ( 3.764590876685790570E-16, -0.000000000000000000, -1.000000000000000000 ) ) ;
#962 = FACE_OUTER_BOUND ( 'NONE', #1280, .T. ) ;
#963 = ORIENTED_EDGE ( 'NONE', *, *, #2651, .T. ) ;
#964 = ORIENTED_EDGE ( 'NONE', *, *, #2605, .T. ) ;
#965 = ORIENTED_EDGE ( 'NONE', *, *, #2102, .T. ) ;
#966 = CARTESIAN_POINT ( 'NONE',  ( -0.7250000000000000888, 0.9000000000000000222, 1.424999999999999822 ) ) ;
#967 = CARTESIAN_POINT ( 'NONE',  ( 0.9999999999999988898, 0.000000000000000000, 1.599999999999997202 ) ) ;
#968 = DIRECTION ( 'NONE',  ( 1.355252715606880543E-16, 0.000000000000000000, -1.000000000000000000 ) ) ;
#969 = CARTESIAN_POINT ( 'NONE',  ( 0.7249999999999999778, 1.010000000000000009, 1.444999999999999840 ) ) ;
#970 = EDGE_LOOP ( 'NONE', ( #806, #738, #1976, #3097 ) ) ;
#971 = ORIENTED_EDGE ( 'NONE', *, *, #3047, .F. ) ;
#972 = CARTESIAN_POINT ( 'NONE',  ( -0.7249999999999999778, 1.125000000000000222, 1.074999999999999734 ) ) ;
#973 = DIRECTION ( 'NONE',  ( 4.795803777790776160E-16, 0.000000000000000000, 1.000000000000000000 ) ) ;
#974 = CARTESIAN_POINT ( 'NONE',  ( -1.005051025721682256, 0.4000000000000000222, 1.549999999999997380 ) ) ;
#975 = CARTESIAN_POINT ( 'NONE',  ( 0.4500000000000000111, 0.000000000000000000, -0.6500000000000017986 ) ) ;
#976 = MECHANICAL_DESIGN_GEOMETRIC_PRESENTATION_REPRESENTATION (  '', ( #4575 ), #644 ) ;
#977 = VERTEX_POINT ( 'NONE', #2514 ) ;
#978 = EDGE_LOOP ( 'NONE', ( #3624, #3417, #4641, #3239 ) ) ;
#979 = EDGE_CURVE ( 'NONE', #168, #4762, #535, .T. ) ;
#980 = CARTESIAN_POINT ( 'NONE',  ( 1.199999999999999956, 1.641974234837420665, -1.355051025721681679 ) ) ;
#981 = CARTESIAN_POINT ( 'NONE',  ( -0.7249999999999998668, 1.125000000000000222, -1.074999999999999734 ) ) ;
#982 = VERTEX_POINT ( 'NONE', #270 ) ;
#983 = DIRECTION ( 'NONE',  ( 0.000000000000000000, -1.000000000000000000, 0.000000000000000000 ) ) ;
#984 = CARTESIAN_POINT ( 'NONE',  ( 0.7250000000000000888, 1.199999999999999956, 1.074999999999999734 ) ) ;
#985 = CYLINDRICAL_SURFACE ( 'NONE', #3230, 0.2500000000000002220 ) ;
#986 = VERTEX_POINT ( 'NONE', #3740 ) ;
#987 = ORIENTED_EDGE ( 'NONE', *, *, #1570, .T. ) ;
#988 = ORIENTED_EDGE ( 'NONE', *, *, #2571, .T. ) ;
#989 = EDGE_CURVE ( 'NONE', #1311, #2330, #3784, .T. ) ;
#990 = EDGE_CURVE ( 'NONE', #4199, #545, #3010, .T. ) ;
#991 = AXIS2_PLACEMENT_3D ( 'NONE', #2632, #2318, #1158 ) ;
#992 = DIRECTION ( 'NONE',  ( -0.000000000000000000, -1.000000000000000000, 0.000000000000000000 ) ) ;
#993 = FILL_AREA_STYLE_COLOUR ( '', #2172 ) ;
#994 = CARTESIAN_POINT ( 'NONE',  ( -1.249999999999999334, 1.641974234837420665, -1.600000000000000089 ) ) ;
#995 = CARTESIAN_POINT ( 'NONE',  ( 0.7249999999999999778, 0.9099999999999999201, 1.445000000000000062 ) ) ;
#996 = PRODUCT_DEFINITION_CONTEXT ( 'detailed design', #1372, 'design' ) ;
#997 = EDGE_CURVE ( 'NONE', #4672, #1618, #3419, .T. ) ;
#998 = ORIENTED_EDGE ( 'NONE', *, *, #4429, .T. ) ;
#999 = ORIENTED_EDGE ( 'NONE', *, *, #979, .T. ) ;
#1000 = MECHANICAL_DESIGN_GEOMETRIC_PRESENTATION_REPRESENTATION (  '', ( #3139 ), #4215 ) ;
#1001 = DIRECTION ( 'NONE',  ( 1.000000000000000000, 0.000000000000000000, -1.401985567869187533E-17 ) ) ;
#1002 = VECTOR ( 'NONE', #2670, 1000.000000000000000 ) ;
#1003 = CARTESIAN_POINT ( 'NONE',  ( -0.9999999999999993339, 0.4000000000000000222, 1.599999999999999645 ) ) ;
#1004 = CARTESIAN_POINT ( 'NONE',  ( -1.250000000000000000, 0.2850000000000005307, -0.1500000000000001610 ) ) ;
#1005 = DIRECTION ( 'NONE',  ( 0.000000000000000000, 0.000000000000000000, 1.000000000000000000 ) ) ;
#1006 = ORIENTED_EDGE ( 'NONE', *, *, #1359, .T. ) ;
#1007 = DIRECTION ( 'NONE',  ( 1.000000000000000000, 0.000000000000000000, -6.458098650248650543E-16 ) ) ;
#1008 =( NAMED_UNIT ( * ) SI_UNIT ( $, .STERADIAN. ) SOLID_ANGLE_UNIT ( ) );
#1009 = AXIS2_PLACEMENT_3D ( 'NONE', #3374, #4120, #2515 ) ;
#1010 = STYLED_ITEM ( 'NONE', ( #3098 ), #2323 ) ;
#1011 = ORIENTED_EDGE ( 'NONE', *, *, #2863, .F. ) ;
#1012 = DIRECTION ( 'NONE',  ( 0.000000000000000000, -1.000000000000000000, 0.000000000000000000 ) ) ;
#1013 =( GEOMETRIC_REPRESENTATION_CONTEXT ( 3 ) GLOBAL_UNCERTAINTY_ASSIGNED_CONTEXT ( ( #474 ) ) GLOBAL_UNIT_ASSIGNED_CONTEXT ( ( #4499, #2894, #1008 ) ) REPRESENTATION_CONTEXT ( 'NONE', 'WORKASPACE' ) );
#1014 = DIRECTION ( 'NONE',  ( 1.000000000000000000, 0.000000000000000000, -2.551422967320885493E-16 ) ) ;
#1015 = DIRECTION ( 'NONE',  ( -1.000000000000000000, 0.000000000000000000, 0.000000000000000000 ) ) ;
#1016 = ADVANCED_FACE ( 'NONE', ( #2291 ), #2628, .F. ) ;
#1017 = VERTEX_POINT ( 'NONE', #1528 ) ;
#1018 = CIRCLE ( 'NONE', #3561, 0.2000000000000003164 ) ;
#1019 = ORIENTED_EDGE ( 'NONE', *, *, #2835, .F. ) ;
#1020 = DIRECTION ( 'NONE',  ( 0.000000000000000000, 1.000000000000000000, 0.000000000000000000 ) ) ;
#1021 = SURFACE_STYLE_FILL_AREA ( #1067 ) ;
#1022 = CARTESIAN_POINT ( 'NONE',  ( 1.074999999999999956, 5.970014005574767246, 1.074999999999999956 ) ) ;
#1023 = CARTESIAN_POINT ( 'NONE',  ( 1.199999999999999956, 0.000000000000000000, -1.355051025721681679 ) ) ;
#1024 = ADVANCED_FACE ( 'NONE', ( #4892 ), #3449, .F. ) ;
#1025 = ORIENTED_EDGE ( 'NONE', *, *, #3083, .T. ) ;
#1026 = ORIENTED_EDGE ( 'NONE', *, *, #3182, .F. ) ;
#1027 = AXIS2_PLACEMENT_3D ( 'NONE', #3755, #2938, #1835 ) ;
#1028 = CARTESIAN_POINT ( 'NONE',  ( 1.249999999999999778, 0.9000000000000000222, 0.1500000000000001610 ) ) ;
#1029 = EDGE_CURVE ( 'NONE', #545, #2792, #2607, .T. ) ;
#1030 = LINE ( 'NONE', #2914, #1416 ) ;
#1031 = PLANE ( 'NONE',  #952 ) ;
#1032 = LINE ( 'NONE', #2112, #882 ) ;
#1033 = VECTOR ( 'NONE', #2769, 1000.000000000000000 ) ;
#1034 = ORIENTED_EDGE ( 'NONE', *, *, #2516, .T. ) ;
#1035 = EDGE_CURVE ( 'NONE', #1147, #4572, #3399, .T. ) ;
#1036 = LINE ( 'NONE', #592, #599 ) ;
#1037 = VECTOR ( 'NONE', #3621, 1000.000000000000000 ) ;
#1038 = ORIENTED_EDGE ( 'NONE', *, *, #3716, .F. ) ;
#1039 = PLANE ( 'NONE',  #2506 ) ;
#1040 = CARTESIAN_POINT ( 'NONE',  ( -1.249999999999999778, 0.000000000000000000, 1.599999999999999645 ) ) ;
#1041 = LINE ( 'NONE', #4071, #2110 ) ;
#1042 = ORIENTED_EDGE ( 'NONE', *, *, #2404, .F. ) ;
#1043 = FACE_OUTER_BOUND ( 'NONE', #684, .T. ) ;
#1044 = CARTESIAN_POINT ( 'NONE',  ( 0.2416666666666667795, 1.010000000000000009, -1.445000000000000062 ) ) ;
#1045 = ADVANCED_FACE ( 'NONE', ( #342 ), #84, .F. ) ;
#1046 = DIRECTION ( 'NONE',  ( -0.000000000000000000, -1.000000000000000000, 0.000000000000000000 ) ) ;
#1047 = CARTESIAN_POINT ( 'NONE',  ( -1.159999999999999698, 0.9100000000000000311, -1.074999999999999956 ) ) ;
#1048 = ORIENTED_EDGE ( 'NONE', *, *, #372, .T. ) ;
#1049 = ORIENTED_EDGE ( 'NONE', *, *, #3103, .T. ) ;
#1050 = DIRECTION ( 'NONE',  ( 0.000000000000000000, 1.000000000000000000, 0.000000000000000000 ) ) ;
#1051 = CARTESIAN_POINT ( 'NONE',  ( -1.249999999999999334, 0.4000000000000000222, -1.600000000000000089 ) ) ;
#1052 = DIRECTION ( 'NONE',  ( -1.000000000000000000, 0.000000000000000000, -6.085084693074930239E-14 ) ) ;
#1053 = CARTESIAN_POINT ( 'NONE',  ( -1.159999999653159586, 0.9100000000000000311, -1.189202547522556941 ) ) ;
#1054 = CARTESIAN_POINT ( 'NONE',  ( -0.7999999999999998224, 0.4000000000000000222, -0.6500000000000020206 ) ) ;
#1055 = VERTEX_POINT ( 'NONE', #4521 ) ;
#1056 = ADVANCED_FACE ( 'NONE', ( #1478 ), #2581, .F. ) ;
#1057 = AXIS2_PLACEMENT_3D ( 'NONE', #4315, #871, #2940 ) ;
#1058 = DIRECTION ( 'NONE',  ( 4.795803777790776160E-16, 0.000000000000000000, 1.000000000000000000 ) ) ;
#1059 = CYLINDRICAL_SURFACE ( 'NONE', #4373, 0.08999999999999958034 ) ;
#1060 = EDGE_CURVE ( 'NONE', #1942, #4776, #1616, .T. ) ;
#1061 = VECTOR ( 'NONE', #1263, 1000.000000000000000 ) ;
#1062 = CARTESIAN_POINT ( 'NONE',  ( -1.249999999999999778, 0.000000000000000000, -1.600000000000000533 ) ) ;
#1063 = LINE ( 'NONE', #3693, #624 ) ;
#1064 = CARTESIAN_POINT ( 'NONE',  ( -1.249999999999999778, 0.9000000000000000222, 1.599999999999999645 ) ) ;
#1065 = ORIENTED_EDGE ( 'NONE', *, *, #4291, .F. ) ;
#1066 = DIRECTION ( 'NONE',  ( 0.000000000000000000, -1.000000000000000000, 0.000000000000000000 ) ) ;
#1067 = FILL_AREA_STYLE ('',( #2907 ) ) ;
#1068 = CARTESIAN_POINT ( 'NONE',  ( -1.005051025721681812, 0.4000000000000000222, -1.549999999999997824 ) ) ;
#1069 = CARTESIAN_POINT ( 'NONE',  ( 0.4499999999999999001, 0.000000000000000000, 1.549999999999997824 ) ) ;
#1070 = ORIENTED_EDGE ( 'NONE', *, *, #4119, .T. ) ;
#1071 = VECTOR ( 'NONE', #4897, 1000.000000000000000 ) ;
#1072 = VERTEX_POINT ( 'NONE', #4164 ) ;
#1073 = CARTESIAN_POINT ( 'NONE',  ( -1.160000000000000142, -9.099999999999999645, -0.1500000000000001610 ) ) ;
#1074 = CARTESIAN_POINT ( 'NONE',  ( -1.094999999999999973, 1.010000000000000009, 1.074999999999999289 ) ) ;
#1075 = DIRECTION ( 'NONE',  ( 0.000000000000000000, 1.000000000000000000, 0.000000000000000000 ) ) ;
#1076 = PRESENTATION_LAYER_ASSIGNMENT (  '', '', ( #746 ) ) ;
#1077 = ADVANCED_FACE ( 'NONE', ( #371 ), #3039, .T. ) ;
#1078 = LINE ( 'NONE', #4212, #4621 ) ;
#1079 = CARTESIAN_POINT ( 'NONE',  ( -1.200000000000000178, 0.4000000000000000222, -0.6500000000000021316 ) ) ;
#1080 =( BOUNDED_SURFACE ( )  B_SPLINE_SURFACE ( 2, 3, ( 
 ( #2633, #3044, #4250, #3815 ),
 ( #754, #2319, #3766, #4147 ),
 ( #422, #4526, #1114, #3454 ) ),
 .UNSPECIFIED., .F., .F., .F. ) 
 B_SPLINE_SURFACE_WITH_KNOTS ( ( 3, 3 ),
 ( 4, 4 ),
 ( 0.000000000000000000, 1.000000000000000000 ),
 ( -1.084202172485504434E-19, 0.001449999999999999683 ),
 .UNSPECIFIED. ) 
 GEOMETRIC_REPRESENTATION_ITEM ( )  RATIONAL_B_SPLINE_SURFACE ( (
 ( 1.000000000000000000, 1.000000000000000000, 1.000000000000000000, 1.000000000000000000),
 ( 0.7071067811865475727, 0.7071067811865475727, 0.7071067811865475727, 0.7071067811865475727),
 ( 1.000000000000000000, 1.000000000000000000, 1.000000000000000000, 1.000000000000000000) ) ) 
 REPRESENTATION_ITEM ( '' )  SURFACE ( )  );
#1081 = VECTOR ( 'NONE', #1855, 1000.000000000000000 ) ;
#1082 = ADVANCED_FACE ( 'NONE', ( #1502 ), #4546, .F. ) ;
#1083 = DIRECTION ( 'NONE',  ( -1.000000000000000000, 0.000000000000000000, 0.000000000000000000 ) ) ;
#1084 = CARTESIAN_POINT ( 'NONE',  ( -0.7249999999999998668, 1.199999999999999956, -1.074999999999999734 ) ) ;
#1085 = EDGE_CURVE ( 'NONE', #4748, #1885, #451, .T. ) ;
#1086 = CARTESIAN_POINT ( 'NONE',  ( -1.249999999999999778, 0.3999999999999999667, -1.349999999999999867 ) ) ;
#1087 = CIRCLE ( 'NONE', #351, 0.3500000000000001443 ) ;
#1088 = VECTOR ( 'NONE', #201, 1000.000000000000000 ) ;
#1089 = ORIENTED_EDGE ( 'NONE', *, *, #397, .F. ) ;
#1090 = VECTOR ( 'NONE', #195, 1000.000000000000000 ) ;
#1091 = FACE_OUTER_BOUND ( 'NONE', #2412, .T. ) ;
#1092 = CARTESIAN_POINT ( 'NONE',  ( 0.7249999999999999778, 1.050000000000000044, -1.425000000000000044 ) ) ;
#1093 = FACE_OUTER_BOUND ( 'NONE', #4755, .T. ) ;
#1094 = CARTESIAN_POINT ( 'NONE',  ( -0.7249999999999997558, 1.010000000000000009, -1.444999999999999840 ) ) ;
#1095 = ORIENTED_EDGE ( 'NONE', *, *, #4434, .T. ) ;
#1096 = EDGE_LOOP ( 'NONE', ( #3919, #4, #3277, #317 ) ) ;
#1097 = CARTESIAN_POINT ( 'NONE',  ( 0.7249999999999999778, 5.970014005574767246, -1.425000000000000044 ) ) ;
#1098 = CARTESIAN_POINT ( 'NONE',  ( 0.4500000000000000111, 0.000000000000000000, -0.6500000000000017986 ) ) ;
#1099 = CARTESIAN_POINT ( 'NONE',  ( -0.4500000000000002887, 0.4000000000000000222, 1.549999999999997824 ) ) ;
#1100 = LINE ( 'NONE', #4492, #1350 ) ;
#1101 = CARTESIAN_POINT ( 'NONE',  ( 1.000000000000000222, 1.125000000000000222, -1.074999999999999734 ) ) ;
#1102 = EDGE_LOOP ( 'NONE', ( #1556, #2631, #2626, #2432 ) ) ;
#1103 = CLOSED_SHELL ( 'NONE', ( #51, #4833, #2288, #420, #2610, #3636, #4180, #1580, #4050, #3862, #4075, #3 ) ) ;
#1104 = CARTESIAN_POINT ( 'NONE',  ( 1.005051025721681812, 0.4000000000000000222, 1.549999999999997602 ) ) ;
#1105 = EDGE_CURVE ( 'NONE', #4664, #4628, #697, .T. ) ;
#1106 = FILL_AREA_STYLE_COLOUR ( '', #2346 ) ;
#1107 = ADVANCED_FACE ( 'NONE', ( #2241 ), #3373, .T. ) ;
#1108 = DIRECTION ( 'NONE',  ( -1.000000000000000000, 0.000000000000000000, 0.000000000000000000 ) ) ;
#1109 = CIRCLE ( 'NONE', #4555, 0.2000000000000003164 ) ;
#1110 = DIRECTION ( 'NONE',  ( 1.000000000000000000, 0.000000000000000000, 1.355252715606880543E-16 ) ) ;
#1111 = CARTESIAN_POINT ( 'NONE',  ( -1.159999999999999920, 0.9100000000000000311, -0.3583333333333333925 ) ) ;
#1112 = EDGE_LOOP ( 'NONE', ( #3246, #4813, #1731, #4707 ) ) ;
#1113 = CIRCLE ( 'NONE', #1508, 0.08999999999999958034 ) ;
#1114 = CARTESIAN_POINT ( 'NONE',  ( -0.2416666666666670016, 0.9100000000000000311, -1.509999999999999787 ) ) ;
#1115 = CARTESIAN_POINT ( 'NONE',  ( -0.7249999999999998668, 0.9000000000000000222, -1.074999999999999734 ) ) ;
#1116 = CARTESIAN_POINT ( 'NONE',  ( -1.892680516623411243E-17, 1.125000000000000000, -1.350000000000000089 ) ) ;
#1117 = EDGE_LOOP ( 'NONE', ( #1065, #460, #4310, #1209 ) ) ;
#1118 = EDGE_CURVE ( 'NONE', #3672, #2519, #2193, .T. ) ;
#1119 = VERTEX_POINT ( 'NONE', #3215 ) ;
#1120 = LINE ( 'NONE', #1073, #1081 ) ;
#1121 = CARTESIAN_POINT ( 'NONE',  ( 1.249999999999998890, 0.000000000000000000, 1.399999999999999911 ) ) ;
#1122 = CARTESIAN_POINT ( 'NONE',  ( -0.4499999999999998446, 0.000000000000000000, -1.000000000000001998 ) ) ;
#1123 = CARTESIAN_POINT ( 'NONE',  ( -0.9181351240713155892, 1.010000000000000009, -1.405123894006729213 ) ) ;
#1124 = CARTESIAN_POINT ( 'NONE',  ( 1.055123954335630776, 1.009999999999999565, 1.268135063742414248 ) ) ;
#1125 = ORIENTED_EDGE ( 'NONE', *, *, #929, .T. ) ;
#1126 = VERTEX_POINT ( 'NONE', #2452 ) ;
#1127 = DIRECTION ( 'NONE',  ( -0.000000000000000000, -1.000000000000000000, 0.000000000000000000 ) ) ;
#1128 = CARTESIAN_POINT ( 'NONE',  ( 0.7249999999999999778, 1.125000000000000222, 1.424999999999999600 ) ) ;
#1129 = FACE_OUTER_BOUND ( 'NONE', #3481, .T. ) ;
#1130 = DIRECTION ( 'NONE',  ( 3.466925551552483833E-17, 0.000000000000000000, -1.000000000000000000 ) ) ;
#1131 = CARTESIAN_POINT ( 'NONE',  ( -1.249999999999999334, 1.641974234837420665, -1.600000000000000089 ) ) ;
#1132 = AXIS2_PLACEMENT_3D ( 'NONE', #4940, #2718, #864 ) ;
#1133 = ORIENTED_EDGE ( 'NONE', *, *, #1085, .F. ) ;
#1134 = FACE_OUTER_BOUND ( 'NONE', #4875, .T. ) ;
#1135 = DIRECTION ( 'NONE',  ( 8.809142651444737726E-15, 0.000000000000000000, -1.000000000000000000 ) ) ;
#1136 = EDGE_CURVE ( 'NONE', #4953, #4223, #2024, .T. ) ;
#1137 = VERTEX_POINT ( 'NONE', #2051 ) ;
#1138 = ORIENTED_EDGE ( 'NONE', *, *, #4495, .F. ) ;
#1139 = FACE_OUTER_BOUND ( 'NONE', #447, .T. ) ;
#1140 = CARTESIAN_POINT ( 'NONE',  ( 1.249999999999999334, 0.000000000000000000, 1.350000000000000089 ) ) ;
#1141 = EDGE_CURVE ( 'NONE', #2693, #526, #532, .T. ) ;
#1142 = LINE ( 'NONE', #3437, #1407 ) ;
#1143 = EDGE_CURVE ( 'NONE', #3079, #1175, #3167, .T. ) ;
#1144 = DIRECTION ( 'NONE',  ( 1.000000000000000000, 0.000000000000000000, 0.000000000000000000 ) ) ;
#1145 = EDGE_LOOP ( 'NONE', ( #935, #4779, #353, #2316 ) ) ;
#1146 = CARTESIAN_POINT ( 'NONE',  ( 0.7249999999999998668, 1.050000000000000044, -1.074999999999999956 ) ) ;
#1147 = VERTEX_POINT ( 'NONE', #4734 ) ;
#1148 = CARTESIAN_POINT ( 'NONE',  ( 1.005051025721681812, 0.3999999999999999667, 1.549999999999997602 ) ) ;
#1149 = DIRECTION ( 'NONE',  ( -1.000000000000000000, 0.000000000000000000, 0.000000000000000000 ) ) ;
#1150 = VECTOR ( 'NONE', #4898, 1000.000000000000000 ) ;
#1151 = ORIENTED_EDGE ( 'NONE', *, *, #416, .T. ) ;
#1152 = ORIENTED_EDGE ( 'NONE', *, *, #1532, .F. ) ;
#1153 = DIRECTION ( 'NONE',  ( 0.000000000000000000, -1.000000000000000000, 0.000000000000000000 ) ) ;
#1154 = CARTESIAN_POINT ( 'NONE',  ( 1.005051025721682256, 0.4000000000000000222, -1.549999999999997158 ) ) ;
#1155 = AXIS2_PLACEMENT_3D ( 'NONE', #3219, #1834, #4130 ) ;
#1156 = DIRECTION ( 'NONE',  ( 1.000000000000000000, 0.000000000000000000, 1.355252715606880543E-16 ) ) ;
#1157 = EDGE_LOOP ( 'NONE', ( #1897, #4300, #475, #3527, #2584, #563, #1995, #3315, #1979 ) ) ;
#1158 = DIRECTION ( 'NONE',  ( 0.000000000000000000, 0.000000000000000000, 1.000000000000000000 ) ) ;
#1159 = LINE ( 'NONE', #1459, #1787 ) ;
#1160 = EDGE_CURVE ( 'NONE', #3338, #1558, #111, .T. ) ;
#1161 = CARTESIAN_POINT ( 'NONE',  ( -0.7250000000000000888, 1.050000000000000044, 1.424999999999999822 ) ) ;
#1162 = ORIENTED_EDGE ( 'NONE', *, *, #4356, .T. ) ;
#1163 = EDGE_LOOP ( 'NONE', ( #3134, #4716, #4883, #2095 ) ) ;
#1164 = AXIS2_PLACEMENT_3D ( 'NONE', #1868, #3833, #391 ) ;
#1165 = EDGE_LOOP ( 'NONE', ( #1476, #963, #1804, #13 ) ) ;
#1166 = DIRECTION ( 'NONE',  ( -1.000000000000000000, 0.000000000000000000, 1.401985567869187533E-17 ) ) ;
#1167 = VECTOR ( 'NONE', #4323, 1000.000000000000000 ) ;
#1168 = DIRECTION ( 'NONE',  ( 1.000000000000000000, 0.000000000000000000, 0.000000000000000000 ) ) ;
#1169 = EDGE_CURVE ( 'NONE', #2269, #4757, #2833, .T. ) ;
#1170 = CARTESIAN_POINT ( 'NONE',  ( -1.200000000000000178, 0.4000000000000000222, 0.6500000000000016875 ) ) ;
#1171 = CARTESIAN_POINT ( 'NONE',  ( -1.095000000000000195, 0.9099999999999999201, -0.3583333333333332815 ) ) ;
#1172 = VECTOR ( 'NONE', #18, 1000.000000000000000 ) ;
#1173 = ORIENTED_EDGE ( 'NONE', *, *, #3748, .T. ) ;
#1174 = DIRECTION ( 'NONE',  ( 3.764590876685790570E-16, -0.000000000000000000, -1.000000000000000000 ) ) ;
#1175 = VERTEX_POINT ( 'NONE', #3193 ) ;
#1176 = CIRCLE ( 'NONE', #3970, 0.2500000000000002220 ) ;
#1177 = LINE ( 'NONE', #3758, #928 ) ;
#1178 = LINE ( 'NONE', #1913, #2825 ) ;
#1179 = VERTEX_POINT ( 'NONE', #1346 ) ;
#1180 = CARTESIAN_POINT ( 'NONE',  ( -0.4499999999999999001, 0.3999999999999999667, -1.549999999999997824 ) ) ;
#1181 = AXIS2_PLACEMENT_3D ( 'NONE', #2696, #2671, #1168 ) ;
#1182 = EDGE_LOOP ( 'NONE', ( #4015, #226, #4510, #2936 ) ) ;
#1183 =( GEOMETRIC_REPRESENTATION_CONTEXT ( 3 ) GLOBAL_UNCERTAINTY_ASSIGNED_CONTEXT ( ( #3129 ) ) GLOBAL_UNIT_ASSIGNED_CONTEXT ( ( #3706, #243, #4907 ) ) REPRESENTATION_CONTEXT ( 'NONE', 'WORKASPACE' ) );
#1184 = FILL_AREA_STYLE_COLOUR ( '', #2472 ) ;
#1185 = AXIS2_PLACEMENT_3D ( 'NONE', #2415, #2444, #130 ) ;
#1186 = ORIENTED_EDGE ( 'NONE', *, *, #2431, .T. ) ;
#1187 = VERTEX_POINT ( 'NONE', #138 ) ;
#1188 = ADVANCED_FACE ( 'NONE', ( #4339 ), #505, .T. ) ;
#1189 = CARTESIAN_POINT ( 'NONE',  ( -0.7250000000000000888, 5.970014005574767246, 1.424999999999999822 ) ) ;
#1190 = LINE ( 'NONE', #1856, #1649 ) ;
#1191 = FACE_BOUND ( 'NONE', #867, .T. ) ;
#1192 = CARTESIAN_POINT ( 'NONE',  ( -1.055123894006721574, 0.9100000000000001421, -1.268135124071311015 ) ) ;
#1193 = LINE ( 'NONE', #2698, #4343 ) ;
#1194 = UNCERTAINTY_MEASURE_WITH_UNIT (LENGTH_MEASURE( 1.000000000000000082E-05 ), #4954, 'distance_accuracy_value', 'NONE');
#1195 = ORIENTED_EDGE ( 'NONE', *, *, #4899, .F. ) ;
#1196 = ORIENTED_EDGE ( 'NONE', *, *, #4549, .T. ) ;
#1197 = FACE_OUTER_BOUND ( 'NONE', #1839, .T. ) ;
#1198 = EDGE_CURVE ( 'NONE', #2320, #1055, #4876, .T. ) ;
#1199 = EDGE_CURVE ( 'NONE', #1305, #1546, #4789, .T. ) ;
#1200 = PLANE ( 'NONE',  #1164 ) ;
#1201 = EDGE_CURVE ( 'NONE', #3340, #3806, #948, .T. ) ;
#1202 = CARTESIAN_POINT ( 'NONE',  ( 0.7249999999999999778, 0.9100000000000000311, -1.510000000000000009 ) ) ;
#1203 = EDGE_CURVE ( 'NONE', #1423, #4223, #945, .T. ) ;
#1204 = EDGE_LOOP ( 'NONE', ( #3092, #4932, #2766, #4541 ) ) ;
#1205 = LINE ( 'NONE', #4193, #3471 ) ;
#1206 = DIRECTION ( 'NONE',  ( 0.000000000000000000, 1.000000000000000000, 0.000000000000000000 ) ) ;
#1207 = VECTOR ( 'NONE', #2641, 1000.000000000000000 ) ;
#1208 = DIRECTION ( 'NONE',  ( -1.000000000000000000, 0.000000000000000000, -1.355252715606880543E-16 ) ) ;
#1209 = ORIENTED_EDGE ( 'NONE', *, *, #3832, .T. ) ;
#1210 = ORIENTED_EDGE ( 'NONE', *, *, #771, .T. ) ;
#1211 = AXIS2_PLACEMENT_3D ( 'NONE', #3208, #2823, #1762 ) ;
#1212 = CARTESIAN_POINT ( 'NONE',  ( 0.4499999999999997891, 0.4000000000000000222, 0.6500000000000020206 ) ) ;
#1213 = CARTESIAN_POINT ( 'NONE',  ( 1.094999999999999973, 1.050000000000000044, -1.074999999999999734 ) ) ;
#1214 = DIRECTION ( 'NONE',  ( 1.000000000000000000, 0.000000000000000000, -4.795803777790776160E-16 ) ) ;
#1215 = CARTESIAN_POINT ( 'NONE',  ( 1.074999999999999956, 1.125000000000000000, 1.074999999999999956 ) ) ;
#1216 = ORIENTED_EDGE ( 'NONE', *, *, #453, .T. ) ;
#1217 = VERTEX_POINT ( 'NONE', #189 ) ;
#1218 = CARTESIAN_POINT ( 'NONE',  ( -1.055123894006723129, 1.010000000000000009, 1.268135124071321229 ) ) ;
#1219 = CARTESIAN_POINT ( 'NONE',  ( 1.249999999999999334, 0.4000000000000000222, -1.399999999999999467 ) ) ;
#1220 = EDGE_CURVE ( 'NONE', #446, #2046, #1577, .T. ) ;
#1221 = VECTOR ( 'NONE', #1066, 1000.000000000000000 ) ;
#1222 = DIRECTION ( 'NONE',  ( 0.000000000000000000, -1.000000000000000000, 0.000000000000000000 ) ) ;
#1223 = DIRECTION ( 'NONE',  ( 1.000000000000000000, 0.000000000000000000, 1.355252715606880543E-16 ) ) ;
#1224 = ADVANCED_FACE ( 'NONE', ( #3244 ), #2478, .F. ) ;
#1225 = COLOUR_RGB ( '',0.2509803921568627416, 0.2509803921568627416, 0.2509803921568627416 ) ;
#1226 = ORIENTED_EDGE ( 'NONE', *, *, #2404, .T. ) ;
#1227 = EDGE_CURVE ( 'NONE', #1072, #1231, #3656, .T. ) ;
#1228 = DIRECTION ( 'NONE',  ( 0.000000000000000000, 1.000000000000000000, 0.000000000000000000 ) ) ;
#1229 = VECTOR ( 'NONE', #680, 1000.000000000000000 ) ;
#1230 = ORIENTED_EDGE ( 'NONE', *, *, #878, .F. ) ;
#1231 = VERTEX_POINT ( 'NONE', #4031 ) ;
#1232 = ORIENTED_EDGE ( 'NONE', *, *, #4291, .T. ) ;
#1233 = DIRECTION ( 'NONE',  ( 1.355252715606880543E-16, 0.000000000000000000, -1.000000000000000000 ) ) ;
#1234 = CARTESIAN_POINT ( 'NONE',  ( 1.095000000000000195, 0.9099999999999999201, -1.074999999999999956 ) ) ;
#1235 = DIRECTION ( 'NONE',  ( -1.000000000000000000, 0.000000000000000000, -1.355252715606880543E-16 ) ) ;
#1236 = CARTESIAN_POINT ( 'NONE',  ( 1.249999999999998890, 1.641974234837420665, 1.399999999999999911 ) ) ;
#1237 = AXIS2_PLACEMENT_3D ( 'NONE', #2709, #421, #2662 ) ;
#1238 = ORIENTED_EDGE ( 'NONE', *, *, #2259, .T. ) ;
#1239 = ORIENTED_EDGE ( 'NONE', *, *, #1035, .F. ) ;
#1240 = ORIENTED_EDGE ( 'NONE', *, *, #1381, .T. ) ;
#1241 = CARTESIAN_POINT ( 'NONE',  ( 1.250000000000000000, 0.9000000000000000222, 0.2399999999999997413 ) ) ;
#1242 = AXIS2_PLACEMENT_3D ( 'NONE', #3953, #509, #4740 ) ;
#1243 = CARTESIAN_POINT ( 'NONE',  ( 1.250000000000000000, 1.200000000000000178, -1.600000000000000089 ) ) ;
#1244 = CARTESIAN_POINT ( 'NONE',  ( 0.7250000000000000888, 0.9100000000000000311, 1.509999999999999787 ) ) ;
#1245 = ORIENTED_EDGE ( 'NONE', *, *, #3956, .F. ) ;
#1246 = AXIS2_PLACEMENT_3D ( 'NONE', #4542, #1864, #1522 ) ;
#1247 = ADVANCED_FACE ( 'NONE', ( #2779 ), #870, .F. ) ;
#1248 = DIRECTION ( 'NONE',  ( 0.000000000000000000, -1.000000000000000000, 0.000000000000000000 ) ) ;
#1249 = CARTESIAN_POINT ( 'NONE',  ( 1.005051025721682256, 1.641974234837420665, -1.549999999999997158 ) ) ;
#1250 = ORIENTED_EDGE ( 'NONE', *, *, #4946, .F. ) ;
#1251 = AXIS2_PLACEMENT_3D ( 'NONE', #1051, #1425, #4156 ) ;
#1252 = CARTESIAN_POINT ( 'NONE',  ( -1.094999999999999751, 1.010000000000000009, -1.074999999999999956 ) ) ;
#1253 = LINE ( 'NONE', #4719, #2092 ) ;
#1254 = VECTOR ( 'NONE', #2324, 1000.000000000000000 ) ;
#1255 = FILL_AREA_STYLE ('',( #1184 ) ) ;
#1256 = ORIENTED_EDGE ( 'NONE', *, *, #2252, .F. ) ;
#1257 = ORIENTED_EDGE ( 'NONE', *, *, #1060, .F. ) ;
#1258 = EDGE_LOOP ( 'NONE', ( #3964, #2308, #2884, #2349 ) ) ;
#1259 = DIRECTION ( 'NONE',  ( -1.000000000000000000, 0.000000000000000000, -6.085084693074930239E-14 ) ) ;
#1260 = CARTESIAN_POINT ( 'NONE',  ( 0.7249999999999998668, 1.199999999999999956, -1.074999999999999956 ) ) ;
#1261 = DIRECTION ( 'NONE',  ( -0.000000000000000000, -1.000000000000000000, 0.000000000000000000 ) ) ;
#1262 = CIRCLE ( 'NONE', #1742, 0.4350000000000000533 ) ;
#1263 = DIRECTION ( 'NONE',  ( 0.000000000000000000, 1.000000000000000000, 0.000000000000000000 ) ) ;
#1264 = EDGE_CURVE ( 'NONE', #1404, #1348, #288, .T. ) ;
#1265 = EDGE_CURVE ( 'NONE', #2827, #1137, #3495, .T. ) ;
#1266 = ORIENTED_EDGE ( 'NONE', *, *, #89, .F. ) ;
#1267 = VERTEX_POINT ( 'NONE', #334 ) ;
#1268 = DIRECTION ( 'NONE',  ( 0.000000000000000000, -1.000000000000000000, 0.000000000000000000 ) ) ;
#1269 = CARTESIAN_POINT ( 'NONE',  ( -0.9181351240713240269, 1.010000000000000009, 1.405123894006721219 ) ) ;
#1270 = DIRECTION ( 'NONE',  ( 0.000000000000000000, 1.000000000000000000, 0.000000000000000000 ) ) ;
#1271 = DIRECTION ( 'NONE',  ( 1.000000000000000000, 0.000000000000000000, 0.000000000000000000 ) ) ;
#1272 = CARTESIAN_POINT ( 'NONE',  ( 0.4499999999999997891, 0.4000000000000000222, 0.6500000000000020206 ) ) ;
#1273 = EDGE_CURVE ( 'NONE', #2354, #1387, #3631, .T. ) ;
#1274 = ORIENTED_EDGE ( 'NONE', *, *, #3654, .F. ) ;
#1275 = LINE ( 'NONE', #4718, #841 ) ;
#1276 = SURFACE_STYLE_FILL_AREA ( #2437 ) ;
#1277 = DIRECTION ( 'NONE',  ( -1.000000000000000000, 0.000000000000000000, 2.551422967320885986E-16 ) ) ;
#1278 = ORIENTED_EDGE ( 'NONE', *, *, #3748, .F. ) ;
#1279 = EDGE_LOOP ( 'NONE', ( #1877, #1034, #2537, #1753 ) ) ;
#1280 = EDGE_LOOP ( 'NONE', ( #3418, #2720, #3403, #4260 ) ) ;
#1281 = VECTOR ( 'NONE', #4843, 1000.000000000000000 ) ;
#1282 = DIRECTION ( 'NONE',  ( 0.000000000000000000, -1.000000000000000000, 0.000000000000000000 ) ) ;
#1283 = CARTESIAN_POINT ( 'NONE',  ( 0.4500000000000002887, 0.000000000000000000, -1.549999999999997824 ) ) ;
#1284 = CARTESIAN_POINT ( 'NONE',  ( 0.9520642674892573210, 0.9100000000000000311, 1.463118632143039388 ) ) ;
#1285 = CARTESIAN_POINT ( 'NONE',  ( 1.200000000000000178, 0.000000000000000000, -0.6500000000000016875 ) ) ;
#1286 = EDGE_CURVE ( 'NONE', #3434, #200, #1109, .T. ) ;
#1288 = ORIENTED_EDGE ( 'NONE', *, *, #1446, .F. ) ;
#1287 = VECTOR ( 'NONE', #3790, 1000.000000000000000 ) ;
#1289 = ORIENTED_EDGE ( 'NONE', *, *, #1398, .T. ) ;
#1290 = ADVANCED_FACE ( 'NONE', ( #4515 ), #4801, .T. ) ;
#1291 = ORIENTED_EDGE ( 'NONE', *, *, #4612, .F. ) ;
#1292 = EDGE_CURVE ( 'NONE', #2298, #2935, #615, .T. ) ;
#1293 = DIRECTION ( 'NONE',  ( 0.000000000000000000, -1.000000000000000000, 0.000000000000000000 ) ) ;
#1294 = CARTESIAN_POINT ( 'NONE',  ( -0.9181351240713236939, 0.9099999999999999201, 1.405123894006720997 ) ) ;
#1295 = DIRECTION ( 'NONE',  ( -0.000000000000000000, -1.000000000000000000, 0.000000000000000000 ) ) ;
#1296 = DIRECTION ( 'NONE',  ( 1.355252715606880543E-16, 0.000000000000000000, -1.000000000000000000 ) ) ;
#1297 = LINE ( 'NONE', #2809, #435 ) ;
#1298 = LINE ( 'NONE', #2086, #3960 ) ;
#1299 = ORIENTED_EDGE ( 'NONE', *, *, #2763, .F. ) ;
#1300 = CARTESIAN_POINT ( 'NONE',  ( 1.005051025721681812, 0.4000000000000000222, 1.549999999999997602 ) ) ;
#1301 = SURFACE_SIDE_STYLE ('',( #1276 ) ) ;
#1302 = CARTESIAN_POINT ( 'NONE',  ( 0.7250000000000000888, 1.010000000000000009, 1.444999999999999840 ) ) ;
#1303 = ORIENTED_EDGE ( 'NONE', *, *, #4759, .T. ) ;
#1304 = ORIENTED_EDGE ( 'NONE', *, *, #3980, .T. ) ;
#1305 = VERTEX_POINT ( 'NONE', #1493 ) ;
#1306 = LINE ( 'NONE', #3915, #3863 ) ;
#1307 = EDGE_CURVE ( 'NONE', #2689, #2282, #3058, .T. ) ;
#1308 = DIRECTION ( 'NONE',  ( 3.764590876685790570E-16, 0.000000000000000000, -1.000000000000000000 ) ) ;
#1309 = AXIS2_PLACEMENT_3D ( 'NONE', #761, #4602, #2322 ) ;
#1310 = LINE ( 'NONE', #1487, #3033 ) ;
#1311 = VERTEX_POINT ( 'NONE', #3319 ) ;
#1312 = EDGE_LOOP ( 'NONE', ( #2604, #2149, #774, #3503 ) ) ;
#1313 = ORIENTED_EDGE ( 'NONE', *, *, #1526, .T. ) ;
#1314 = CARTESIAN_POINT ( 'NONE',  ( -1.074999999999999734, 1.125000000000000222, -1.074999999999999956 ) ) ;
#1315 = DIRECTION ( 'NONE',  ( -0.000000000000000000, -1.000000000000000000, 0.000000000000000000 ) ) ;
#1316 = CARTESIAN_POINT ( 'NONE',  ( 1.159999999999999920, 0.9100000000000000311, -1.074999999999999734 ) ) ;
#1317 = AXIS2_PLACEMENT_3D ( 'NONE', #4095, #4922, #4432 ) ;
#1318 = VECTOR ( 'NONE', #2240, 1000.000000000000000 ) ;
#1319 = SURFACE_STYLE_FILL_AREA ( #507 ) ;
#1320 = ORIENTED_EDGE ( 'NONE', *, *, #3339, .F. ) ;
#1321 = VECTOR ( 'NONE', #2865, 1000.000000000000000 ) ;
#1322 = CARTESIAN_POINT ( 'NONE',  ( 0.7250000000000000888, 0.9000000000000000222, 1.074999999999999734 ) ) ;
#1323 = DIRECTION ( 'NONE',  ( -0.000000000000000000, -1.000000000000000000, 0.000000000000000000 ) ) ;
#1324 = DIRECTION ( 'NONE',  ( 0.000000000000000000, -1.000000000000000000, 0.000000000000000000 ) ) ;
#1325 = VECTOR ( 'NONE', #1058, 1000.000000000000000 ) ;
#1326 = ORIENTED_EDGE ( 'NONE', *, *, #1169, .F. ) ;
#1327 = DIRECTION ( 'NONE',  ( -1.000000000000000000, 0.000000000000000000, -1.355252715606880543E-16 ) ) ;
#1328 = FACE_OUTER_BOUND ( 'NONE', #3905, .T. ) ;
#1329 = CARTESIAN_POINT ( 'NONE',  ( 0.4499999999999999001, 0.4000000000000000222, 1.549999999999997824 ) ) ;
#1330 = ORIENTED_EDGE ( 'NONE', *, *, #1652, .F. ) ;
#1331 = ORIENTED_EDGE ( 'NONE', *, *, #4548, .T. ) ;
#1332 = ORIENTED_EDGE ( 'NONE', *, *, #3512, .F. ) ;
#1333 = VECTOR ( 'NONE', #82, 1000.000000000000000 ) ;
#1334 = DIRECTION ( 'NONE',  ( -1.355252715606880543E-16, 0.000000000000000000, 1.000000000000000000 ) ) ;
#1335 = FILL_AREA_STYLE_COLOUR ( '', #4952 ) ;
#1336 = DIRECTION ( 'NONE',  ( 0.7071067811865474617, 0.000000000000000000, -0.7071067811865474617 ) ) ;
#1337 = CARTESIAN_POINT ( 'NONE',  ( 0.4499999999999999001, 0.4000000000000000222, 1.549999999999997824 ) ) ;
#1338 = ORIENTED_EDGE ( 'NONE', *, *, #3327, .T. ) ;
#1339 = EDGE_CURVE ( 'NONE', #200, #2481, #2915, .T. ) ;
#1340 = ORIENTED_EDGE ( 'NONE', *, *, #4917, .F. ) ;
#1341 = ORIENTED_EDGE ( 'NONE', *, *, #93, .T. ) ;
#1342 = AXIS2_PLACEMENT_3D ( 'NONE', #3834, #2266, #1917 ) ;
#1343 = CARTESIAN_POINT ( 'NONE',  ( -1.249999999999999334, 0.4000000000000000222, -1.600000000000000089 ) ) ;
#1344 = PRODUCT_DEFINITION_SHAPE ( 'NONE', 'NONE',  #4481 ) ;
#1345 = DIRECTION ( 'NONE',  ( 0.000000000000000000, -1.000000000000000000, 0.000000000000000000 ) ) ;
#1346 = CARTESIAN_POINT ( 'NONE',  ( 1.200000000000000178, 0.3999999999999999667, 0.6500000000000021316 ) ) ;
#1347 = DIRECTION ( 'NONE',  ( 0.000000000000000000, -1.000000000000000000, 0.000000000000000000 ) ) ;
#1348 = VERTEX_POINT ( 'NONE', #4444 ) ;
#1349 = ORIENTED_EDGE ( 'NONE', *, *, #1060, .T. ) ;
#1350 = VECTOR ( 'NONE', #428, 1000.000000000000000 ) ;
#1351 = B_SPLINE_CURVE_WITH_KNOTS ( 'NONE', 3,
 ( #2570, #1932, #3463, #1124, #1882, #791 ),
 .UNSPECIFIED., .F., .F.,
 ( 4, 2, 4 ),
 ( 0.000000000000000000, 0.5000000000000002220, 1.000000000000000000 ),
 .UNSPECIFIED. ) ;
#1352 = CARTESIAN_POINT ( 'NONE',  ( 0.4500000000000002887, 0.4000000000000000222, -1.549999999999997824 ) ) ;
#1353 = CARTESIAN_POINT ( 'NONE',  ( 0.4500000000000002887, 0.3999999999999999667, -1.549999999999997824 ) ) ;
#1354 = DIRECTION ( 'NONE',  ( -1.000000000000000000, 0.000000000000000000, -1.355252715606880543E-16 ) ) ;
#1355 = ADVANCED_FACE ( 'NONE', ( #311 ), #1031, .F. ) ;
#1356 = ADVANCED_FACE ( 'NONE', ( #1469 ), #3683, .F. ) ;
#1357 = ORIENTED_EDGE ( 'NONE', *, *, #799, .T. ) ;
#1358 = DIRECTION ( 'NONE',  ( 0.000000000000000000, 1.000000000000000000, 0.000000000000000000 ) ) ;
#1359 = EDGE_CURVE ( 'NONE', #425, #4426, #4155, .T. ) ;
#1360 = DIRECTION ( 'NONE',  ( -0.000000000000000000, -1.000000000000000000, 0.000000000000000000 ) ) ;
#1361 = CARTESIAN_POINT ( 'NONE',  ( 0.7249999999999998668, 1.050000000000000044, -1.074999999999999956 ) ) ;
#1362 = ORIENTED_EDGE ( 'NONE', *, *, #3344, .F. ) ;
#1363 = ORIENTED_EDGE ( 'NONE', *, *, #2029, .F. ) ;
#1364 = VERTEX_POINT ( 'NONE', #4536 ) ;
#1365 = LINE ( 'NONE', #606, #1071 ) ;
#1366 = CARTESIAN_POINT ( 'NONE',  ( 0.9999999999999993339, 0.3999999999999999667, -1.599999999999996758 ) ) ;
#1367 = CARTESIAN_POINT ( 'NONE',  ( 1.249999999999999334, 1.641974234837420665, 1.600000000000000089 ) ) ;
#1368 = CARTESIAN_POINT ( 'NONE',  ( 0.7250000000000000888, 0.9100000000000000311, 1.074999999999999734 ) ) ;
#1369 = ORIENTED_EDGE ( 'NONE', *, *, #3763, .F. ) ;
#1370 = ORIENTED_EDGE ( 'NONE', *, *, #2876, .T. ) ;
#1371 = AXIS2_PLACEMENT_3D ( 'NONE', #4419, #2918, #2139 ) ;
#1372 = APPLICATION_CONTEXT ( 'automotive_design' ) ;
#1373 = LINE ( 'NONE', #4513, #4544 ) ;
#1374 = CARTESIAN_POINT ( 'NONE',  ( -0.4500000000000000111, 0.4000000000000000222, 0.6500000000000017986 ) ) ;
#1375 = DIRECTION ( 'NONE',  ( -1.000000000000000000, 0.000000000000000000, 0.000000000000000000 ) ) ;
#1376 = DIRECTION ( 'NONE',  ( -1.000000000000000000, 0.000000000000000000, -1.355252715606880543E-16 ) ) ;
#1377 = CIRCLE ( 'NONE', #4098, 0.3500000000000001443 ) ;
#1378 = VERTEX_POINT ( 'NONE', #1427 ) ;
#1379 = ORIENTED_EDGE ( 'NONE', *, *, #4594, .T. ) ;
#1380 = CARTESIAN_POINT ( 'NONE',  ( 0.4499999999999997891, 0.3999999999999999667, 0.6500000000000020206 ) ) ;
#1381 = EDGE_CURVE ( 'NONE', #4351, #982, #1100, .T. ) ;
#1382 = ORIENTED_EDGE ( 'NONE', *, *, #4418, .T. ) ;
#1383 = ADVANCED_FACE ( 'NONE', ( #1906 ), #4562, .F. ) ;
#1384 = DIRECTION ( 'NONE',  ( 0.7071067811865475727, 0.000000000000000000, 0.7071067811865475727 ) ) ;
#1385 = DIRECTION ( 'NONE',  ( 7.506309209004537245E-16, 0.000000000000000000, -1.000000000000000000 ) ) ;
#1386 = CARTESIAN_POINT ( 'NONE',  ( -0.7250000000000000888, 0.9000000000000000222, 1.424999999999999822 ) ) ;
#1387 = VERTEX_POINT ( 'NONE', #2254 ) ;
#1388 = VERTEX_POINT ( 'NONE', #30 ) ;
#1389 = ORIENTED_EDGE ( 'NONE', *, *, #3604, .F. ) ;
#1390 = VECTOR ( 'NONE', #3329, 1000.000000000000000 ) ;
#1391 = AXIS2_PLACEMENT_3D ( 'NONE', #3938, #2013, #3557 ) ;
#1392 =( NAMED_UNIT ( * ) PLANE_ANGLE_UNIT ( ) SI_UNIT ( $, .RADIAN. ) );
#1393 = AXIS2_PLACEMENT_3D ( 'NONE', #2851, #1439, #3674 ) ;
#1394 = DIRECTION ( 'NONE',  ( -0.000000000000000000, -1.000000000000000000, 0.000000000000000000 ) ) ;
#1395 = DIRECTION ( 'NONE',  ( -1.000000000000000000, 0.000000000000000000, 1.401985567869189998E-17 ) ) ;
#1396 = ORIENTED_EDGE ( 'NONE', *, *, #1921, .T. ) ;
#1397 = VERTEX_POINT ( 'NONE', #358 ) ;
#1398 = EDGE_CURVE ( 'NONE', #982, #4800, #3676, .T. ) ;
#1399 = FACE_OUTER_BOUND ( 'NONE', #1312, .T. ) ;
#1400 = AXIS2_PLACEMENT_3D ( 'NONE', #4703, #4303, #4408 ) ;
#1401 = CARTESIAN_POINT ( 'NONE',  ( -1.200000000000000178, 0.4000000000000000222, -0.6500000000000021316 ) ) ;
#1402 = CARTESIAN_POINT ( 'NONE',  ( -1.159999999999999698, 0.9100000000000000311, -1.074999999999999956 ) ) ;
#1403 = DIRECTION ( 'NONE',  ( 1.355252715606880543E-16, -0.000000000000000000, -1.000000000000000000 ) ) ;
#1404 = VERTEX_POINT ( 'NONE', #736 ) ;
#1405 = DIRECTION ( 'NONE',  ( -1.000000000000000000, 0.000000000000000000, -1.127570259384923665E-14 ) ) ;
#1406 = DIRECTION ( 'NONE',  ( 0.000000000000000000, 1.000000000000000000, 0.000000000000000000 ) ) ;
#1407 = VECTOR ( 'NONE', #8, 1000.000000000000000 ) ;
#1408 = VECTOR ( 'NONE', #1892, 1000.000000000000000 ) ;
#1409 = EDGE_LOOP ( 'NONE', ( #3972, #1828, #1764, #3296 ) ) ;
#1410 = EDGE_CURVE ( 'NONE', #977, #192, #838, .T. ) ;
#1411 = CARTESIAN_POINT ( 'NONE',  ( -1.113118632143040632, 0.9100000000000000311, 1.302064267489255522 ) ) ;
#1412 = AXIS2_PLACEMENT_3D ( 'NONE', #2962, #3299, #4519 ) ;
#1413 = LINE ( 'NONE', #4094, #3906 ) ;
#1414 = CARTESIAN_POINT ( 'NONE',  ( -0.4499999999999998446, 0.000000000000000000, -1.000000000000001998 ) ) ;
#1415 = ORIENTED_EDGE ( 'NONE', *, *, #817, .T. ) ;
#1416 = VECTOR ( 'NONE', #1052, 1000.000000000000000 ) ;
#1417 = CARTESIAN_POINT ( 'NONE',  ( -1.094999999999999751, 1.010000000000000009, -1.074999999999999956 ) ) ;
#1418 =( LENGTH_UNIT ( ) NAMED_UNIT ( * ) SI_UNIT ( .MILLI., .METRE. ) );
#1419 = CARTESIAN_POINT ( 'NONE',  ( -0.4500000000000000111, 0.000000000000000000, 0.6500000000000017986 ) ) ;
#1420 = CARTESIAN_POINT ( 'NONE',  ( 0.2416666666666663355, 0.9100000000000000311, 1.509999999999999787 ) ) ;
#1421 = ORIENTED_EDGE ( 'NONE', *, *, #3808, .T. ) ;
#1422 = ADVANCED_FACE ( 'NONE', ( #57 ), #2892, .T. ) ;
#1423 = VERTEX_POINT ( 'NONE', #4282 ) ;
#1424 = AXIS2_PLACEMENT_3D ( 'NONE', #4000, #3538, #890 ) ;
#1425 = DIRECTION ( 'NONE',  ( 0.000000000000000000, 1.000000000000000000, 0.000000000000000000 ) ) ;
#1426 = CARTESIAN_POINT ( 'NONE',  ( -1.249999999999999778, 1.200000000000000178, 1.599999999999999645 ) ) ;
#1427 = CARTESIAN_POINT ( 'NONE',  ( 0.7249999999999999778, 0.9000000000000000222, 1.424999999999999600 ) ) ;
#1428 = ADVANCED_FACE ( 'NONE', ( #2351 ), #4230, .T. ) ;
#1429 = FACE_OUTER_BOUND ( 'NONE', #2749, .T. ) ;
#1430 = AXIS2_PLACEMENT_3D ( 'NONE', #2638, #3843, #4630 ) ;
#1431 = ORIENTED_EDGE ( 'NONE', *, *, #2664, .T. ) ;
#1432 = DIRECTION ( 'NONE',  ( -0.000000000000000000, -1.000000000000000000, -0.000000000000000000 ) ) ;
#1433 = AXIS2_PLACEMENT_3D ( 'NONE', #1712, #3948, #1375 ) ;
#1434 = DIRECTION ( 'NONE',  ( -1.000000000000000000, 0.000000000000000000, -1.355252715606880543E-16 ) ) ;
#1435 = DIRECTION ( 'NONE',  ( 1.000000000000000000, 0.000000000000000000, 0.000000000000000000 ) ) ;
#1436 = CARTESIAN_POINT ( 'NONE',  ( 1.249999999999999334, 0.000000000000000000, 1.600000000000000089 ) ) ;
#1437 = EDGE_CURVE ( 'NONE', #1217, #4959, #1113, .T. ) ;
#1438 = ORIENTED_EDGE ( 'NONE', *, *, #4858, .F. ) ;
#1439 = DIRECTION ( 'NONE',  ( -0.000000000000000000, -1.000000000000000000, 0.000000000000000000 ) ) ;
#1440 = DIRECTION ( 'NONE',  ( -1.000000000000000000, 0.000000000000000000, -1.647987302177965162E-14 ) ) ;
#1441 = DIRECTION ( 'NONE',  ( -1.401985567869192772E-17, 0.000000000000000000, -1.000000000000000000 ) ) ;
#1442 = ORIENTED_EDGE ( 'NONE', *, *, #3661, .F. ) ;
#1443 = ORIENTED_EDGE ( 'NONE', *, *, #4203, .F. ) ;
#1444 = FACE_OUTER_BOUND ( 'NONE', #4187, .T. ) ;
#1445 = DIRECTION ( 'NONE',  ( -0.000000000000000000, -1.000000000000000000, 0.000000000000000000 ) ) ;
#1446 = EDGE_CURVE ( 'NONE', #206, #1690, #2619, .T. ) ;
#1447 = EDGE_CURVE ( 'NONE', #555, #2320, #3508, .T. ) ;
#1448 = DIRECTION ( 'NONE',  ( -1.000000000000000000, 0.000000000000000000, -1.355252715606880543E-16 ) ) ;
#1449 = DIRECTION ( 'NONE',  ( 0.000000000000000000, 1.000000000000000000, 0.000000000000000000 ) ) ;
#1450 = CARTESIAN_POINT ( 'NONE',  ( -0.7250000000000000888, 1.050000000000000044, 1.444999999999999840 ) ) ;
#1451 = EDGE_CURVE ( 'NONE', #2805, #2154, #3462, .T. ) ;
#1452 = CIRCLE ( 'NONE', #4258, 0.07499999999999998335 ) ;
#1453 = LINE ( 'NONE', #4589, #1805 ) ;
#1454 = LINE ( 'NONE', #648, #1715 ) ;
#1455 = DIRECTION ( 'NONE',  ( 1.000000000000000000, 0.000000000000000000, -6.160239616395062606E-17 ) ) ;
#1456 = LINE ( 'NONE', #1386, #3066 ) ;
#1457 = ORIENTED_EDGE ( 'NONE', *, *, #4480, .F. ) ;
#1458 = DIRECTION ( 'NONE',  ( -0.000000000000000000, -1.000000000000000000, -0.000000000000000000 ) ) ;
#1459 = CARTESIAN_POINT ( 'NONE',  ( 1.249999999999999778, 0.3999999999999999667, -1.349999999999999645 ) ) ;
#1460 = DIRECTION ( 'NONE',  ( -1.000000000000000000, 0.000000000000000000, -3.466925551552485682E-17 ) ) ;
#1461 = DIRECTION ( 'NONE',  ( -1.054085445472029485E-16, 0.000000000000000000, -1.000000000000000000 ) ) ;
#1462 = ORIENTED_EDGE ( 'NONE', *, *, #398, .F. ) ;
#1463 = VECTOR ( 'NONE', #347, 1000.000000000000000 ) ;
#1464 = VERTEX_POINT ( 'NONE', #4179 ) ;
#1465 = EDGE_CURVE ( 'NONE', #350, #3434, #885, .T. ) ;
#1466 = CARTESIAN_POINT ( 'NONE',  ( -1.249999999999999334, 0.3999999999999999667, -1.600000000000000089 ) ) ;
#1467 = DIRECTION ( 'NONE',  ( -0.000000000000000000, -1.000000000000000000, 0.000000000000000000 ) ) ;
#1468 = FACE_OUTER_BOUND ( 'NONE', #4446, .T. ) ;
#1469 = FACE_OUTER_BOUND ( 'NONE', #149, .T. ) ;
#1470 = SURFACE_STYLE_USAGE ( .BOTH. , #313 ) ;
#1471 = ORIENTED_EDGE ( 'NONE', *, *, #2759, .F. ) ;
#1472 = ADVANCED_FACE ( 'NONE', ( #4781 ), #941, .T. ) ;
#1473 = LINE ( 'NONE', #3830, #364 ) ;
#1474 = FACE_OUTER_BOUND ( 'NONE', #3032, .T. ) ;
#1475 = AXIS2_PLACEMENT_3D ( 'NONE', #1559, #1928, #448 ) ;
#1476 = ORIENTED_EDGE ( 'NONE', *, *, #771, .F. ) ;
#1477 = DIRECTION ( 'NONE',  ( -1.000000000000000000, 0.000000000000000000, 0.000000000000000000 ) ) ;
#1478 = FACE_OUTER_BOUND ( 'NONE', #4198, .T. ) ;
#1479 = DIRECTION ( 'NONE',  ( -0.000000000000000000, -1.000000000000000000, 0.000000000000000000 ) ) ;
#1480 = VECTOR ( 'NONE', #3715, 1000.000000000000000 ) ;
#1481 = VECTOR ( 'NONE', #3959, 1000.000000000000000 ) ;
#1482 = VERTEX_POINT ( 'NONE', #552 ) ;
#1483 = VECTOR ( 'NONE', #4293, 1000.000000000000000 ) ;
#1484 = AXIS2_PLACEMENT_3D ( 'NONE', #2457, #2085, #1007 ) ;
#1485 = LINE ( 'NONE', #4597, #3533 ) ;
#1486 = DIRECTION ( 'NONE',  ( 0.000000000000000000, 1.000000000000000000, 0.000000000000000000 ) ) ;
#1487 = CARTESIAN_POINT ( 'NONE',  ( -0.7999999999999998224, 0.000000000000000000, -0.6500000000000020206 ) ) ;
#1488 = ORIENTED_EDGE ( 'NONE', *, *, #354, .F. ) ;
#1489 = EDGE_LOOP ( 'NONE', ( #4296, #2667, #231, #610 ) ) ;
#1490 = FACE_OUTER_BOUND ( 'NONE', #3409, .T. ) ;
#1491 = LINE ( 'NONE', #4654, #3003 ) ;
#1492 = CARTESIAN_POINT ( 'NONE',  ( 0.7250000000000000888, 0.9000000000000000222, 1.074999999999999734 ) ) ;
#1493 = CARTESIAN_POINT ( 'NONE',  ( 1.250000000000000000, 0.000000000000000000, 0.2399999999999997413 ) ) ;
#1494 = DIRECTION ( 'NONE',  ( 0.000000000000000000, -1.000000000000000000, 0.000000000000000000 ) ) ;
#1495 = EDGE_CURVE ( 'NONE', #1137, #1690, #2744, .T. ) ;
#1496 = AXIS2_PLACEMENT_3D ( 'NONE', #4787, #868, #3922 ) ;
#1497 = ORIENTED_EDGE ( 'NONE', *, *, #3568, .F. ) ;
#1498 = VECTOR ( 'NONE', #612, 1000.000000000000000 ) ;
#1499 = CARTESIAN_POINT ( 'NONE',  ( -1.005051025721681812, 1.641974234837420665, -1.549999999999997824 ) ) ;
#1500 = LINE ( 'NONE', #4245, #4052 ) ;
#1501 = AXIS2_PLACEMENT_3D ( 'NONE', #4570, #1455, #4949 ) ;
#1502 = FACE_OUTER_BOUND ( 'NONE', #1145, .T. ) ;
#1503 = DIRECTION ( 'NONE',  ( 0.000000000000000000, -1.000000000000000000, 0.000000000000000000 ) ) ;
#1504 = EDGE_CURVE ( 'NONE', #3416, #2030, #3185, .T. ) ;
#1505 = ADVANCED_FACE ( 'NONE', ( #523 ), #2015, .T. ) ;
#1506 = ADVANCED_FACE ( 'NONE', ( #2822 ), #3127, .T. ) ;
#1507 = ORIENTED_EDGE ( 'NONE', *, *, #2065, .F. ) ;
#1508 = AXIS2_PLACEMENT_3D ( 'NONE', #1973, #812, #4205 ) ;
#1509 = EDGE_CURVE ( 'NONE', #3517, #3920, #3342, .T. ) ;
#1510 = CARTESIAN_POINT ( 'NONE',  ( -0.4500000000000002887, 0.4000000000000000222, 1.549999999999997824 ) ) ;
#1511 = LINE ( 'NONE', #2587, #4279 ) ;
#1512 = ORIENTED_EDGE ( 'NONE', *, *, #2516, .F. ) ;
#1513 = VERTEX_POINT ( 'NONE', #2470 ) ;
#1514 = CARTESIAN_POINT ( 'NONE',  ( 0.7249999999999999778, 1.050000000000000044, -1.445000000000000062 ) ) ;
#1515 = LINE ( 'NONE', #1213, #1254 ) ;
#1516 = DIRECTION ( 'NONE',  ( -7.506309209004537245E-16, 0.000000000000000000, 1.000000000000000000 ) ) ;
#1517 = CARTESIAN_POINT ( 'NONE',  ( -1.159999999999999698, 0.9100000000000000311, -1.074999999999999956 ) ) ;
#1518 = DIRECTION ( 'NONE',  ( -1.000000000000000000, 0.000000000000000000, -6.085084693074930239E-14 ) ) ;
#1519 = ORIENTED_EDGE ( 'NONE', *, *, #4947, .F. ) ;
#1520 = LINE ( 'NONE', #3849, #4225 ) ;
#1521 = ORIENTED_EDGE ( 'NONE', *, *, #4911, .F. ) ;
#1522 = DIRECTION ( 'NONE',  ( 1.000000000000000000, 0.000000000000000000, 0.000000000000000000 ) ) ;
#1523 = CARTESIAN_POINT ( 'NONE',  ( -0.7249999999999999778, 1.050000000000000044, 1.074999999999999734 ) ) ;
#1524 = ORIENTED_EDGE ( 'NONE', *, *, #3867, .F. ) ;
#1525 = AXIS2_PLACEMENT_3D ( 'NONE', #4109, #2549, #559 ) ;
#1526 = EDGE_CURVE ( 'NONE', #1531, #1659, #4344, .T. ) ;
#1527 = DIRECTION ( 'NONE',  ( 1.000000000000000000, 0.000000000000000000, 0.000000000000000000 ) ) ;
#1528 = CARTESIAN_POINT ( 'NONE',  ( -0.7250000000000001998, 0.9000000000000000222, 1.509999999999999787 ) ) ;
#1529 = CARTESIAN_POINT ( 'NONE',  ( -1.249999999999999778, 1.200000000000000178, -1.600000000000000533 ) ) ;
#1530 = VECTOR ( 'NONE', #1994, 1000.000000000000000 ) ;
#1531 = VERTEX_POINT ( 'NONE', #4329 ) ;
#1532 = EDGE_CURVE ( 'NONE', #4141, #1378, #1704, .T. ) ;
#1533 = CARTESIAN_POINT ( 'NONE',  ( -1.199999999999999956, 0.000000000000000000, -1.355051025721681901 ) ) ;
#1534 = DIRECTION ( 'NONE',  ( 1.401985567869189998E-17, 0.000000000000000000, 1.000000000000000000 ) ) ;
#1535 = PLANE ( 'NONE',  #2074 ) ;
#1536 = ORIENTED_EDGE ( 'NONE', *, *, #1544, .F. ) ;
#1537 = ORIENTED_EDGE ( 'NONE', *, *, #541, .T. ) ;
#1538 = CYLINDRICAL_SURFACE ( 'NONE', #22, 0.07499999999999998335 ) ;
#1539 = LINE ( 'NONE', #3052, #1033 ) ;
#1540 = LINE ( 'NONE', #2639, #2196 ) ;
#1541 = CARTESIAN_POINT ( 'NONE',  ( -1.159999999653159586, 0.9100000000000000311, -1.189202547522556941 ) ) ;
#1542 = CARTESIAN_POINT ( 'NONE',  ( 1.075000000000000178, 1.050000000000000044, -1.074999999999999734 ) ) ;
#1543 = EDGE_LOOP ( 'NONE', ( #86, #2712, #3140, #4259 ) ) ;
#1544 = EDGE_CURVE ( 'NONE', #2466, #4918, #4704, .T. ) ;
#1545 = ORIENTED_EDGE ( 'NONE', *, *, #3559, .F. ) ;
#1546 = VERTEX_POINT ( 'NONE', #4678 ) ;
#1547 = CARTESIAN_POINT ( 'NONE',  ( 1.200000000000000178, 0.000000000000000000, 0.6500000000000021316 ) ) ;
#1548 = AXIS2_PLACEMENT_3D ( 'NONE', #654, #1736, #4809 ) ;
#1549 = DIRECTION ( 'NONE',  ( 1.000000000000000000, 0.000000000000000000, -8.538092108323361617E-15 ) ) ;
#1550 = VECTOR ( 'NONE', #686, 1000.000000000000000 ) ;
#1551 = EDGE_CURVE ( 'NONE', #3266, #3256, #3235, .T. ) ;
#1552 = ORIENTED_EDGE ( 'NONE', *, *, #2585, .F. ) ;
#1553 =( NAMED_UNIT ( * ) SI_UNIT ( $, .STERADIAN. ) SOLID_ANGLE_UNIT ( ) );
#1554 = DIRECTION ( 'NONE',  ( 1.000000000000000000, 0.000000000000000000, -1.401985567869189998E-17 ) ) ;
#1555 = MECHANICAL_DESIGN_GEOMETRIC_PRESENTATION_REPRESENTATION (  '', ( #1010 ), #4370 ) ;
#1556 = ORIENTED_EDGE ( 'NONE', *, *, #3709, .F. ) ;
#1557 = VECTOR ( 'NONE', #1248, 1000.000000000000000 ) ;
#1558 = VERTEX_POINT ( 'NONE', #4305 ) ;
#1559 = CARTESIAN_POINT ( 'NONE',  ( 1.249999999999999778, -9.099999999999999645, 0.1500000000000001610 ) ) ;
#1560 = LINE ( 'NONE', #1140, #3666 ) ;
#1561 = PLANE ( 'NONE',  #4929 ) ;
#1562 = CARTESIAN_POINT ( 'NONE',  ( -1.094999999999999751, 1.010000000000000009, -1.074999999999999289 ) ) ;
#1563 = VECTOR ( 'NONE', #917, 1000.000000000000000 ) ;
#1564 = DIRECTION ( 'NONE',  ( 1.000000000000000000, 0.000000000000000000, 0.000000000000000000 ) ) ;
#1565 = ADVANCED_FACE ( 'NONE', ( #472 ), #862, .F. ) ;
#1566 = VERTEX_POINT ( 'NONE', #2393 ) ;
#1567 = ORIENTED_EDGE ( 'NONE', *, *, #1504, .T. ) ;
#1568 = AXIS2_PLACEMENT_3D ( 'NONE', #1817, #3413, #4963 ) ;
#1569 = ADVANCED_FACE ( 'NONE', ( #2043 ), #4753, .T. ) ;
#1570 = EDGE_CURVE ( 'NONE', #2354, #2389, #2036, .T. ) ;
#1571 = CARTESIAN_POINT ( 'NONE',  ( 0.9520642674892573210, 0.9100000000000000311, 1.463118632143039388 ) ) ;
#1572 = FACE_OUTER_BOUND ( 'NONE', #4509, .T. ) ;
#1573 = CLOSED_SHELL ( 'NONE', ( #3898, #4078, #2910, #4423, #16, #897, #3363, #4941, #1596, #2839, #128 ) ) ;
#1574 = DIRECTION ( 'NONE',  ( 0.000000000000000000, 1.000000000000000000, 0.000000000000000000 ) ) ;
#1575 = CYLINDRICAL_SURFACE ( 'NONE', #2183, 0.2500000000000002220 ) ;
#1576 = ORIENTED_EDGE ( 'NONE', *, *, #1967, .T. ) ;
#1577 = CIRCLE ( 'NONE', #1433, 0.3500000000000001443 ) ;
#1578 = CARTESIAN_POINT ( 'NONE',  ( -1.249999999999999778, 0.3999999999999999667, -1.400000000000000133 ) ) ;
#1579 = CARTESIAN_POINT ( 'NONE',  ( 1.200000000000000178, 0.4000000000000000222, -0.6500000000000016875 ) ) ;
#1580 = ADVANCED_FACE ( 'NONE', ( #2563 ), #3355, .T. ) ;
#1581 = ORIENTED_EDGE ( 'NONE', *, *, #4917, .T. ) ;
#1582 = ORIENTED_EDGE ( 'NONE', *, *, #4307, .T. ) ;
#1583 = ORIENTED_EDGE ( 'NONE', *, *, #4025, .T. ) ;
#1584 = CARTESIAN_POINT ( 'NONE',  ( -1.249999999999999778, 0.4000000000000000222, 1.349999999999999423 ) ) ;
#1585 = LINE ( 'NONE', #383, #2929 ) ;
#1586 = EDGE_CURVE ( 'NONE', #3456, #1267, #2152, .T. ) ;
#1587 = CARTESIAN_POINT ( 'NONE',  ( -1.094999999999999973, 1.010000000000000009, -1.172137799044224327 ) ) ;
#1588 = LINE ( 'NONE', #1215, #1843 ) ;
#1589 = UNCERTAINTY_MEASURE_WITH_UNIT (LENGTH_MEASURE( 1.000000000000000082E-05 ), #3035, 'distance_accuracy_value', 'NONE');
#1590 = ORIENTED_EDGE ( 'NONE', *, *, #742, .T. ) ;
#1591 = ORIENTED_EDGE ( 'NONE', *, *, #3549, .T. ) ;
#1592 = EDGE_CURVE ( 'NONE', #2481, #2747, #2853, .T. ) ;
#1593 = FACE_OUTER_BOUND ( 'NONE', #3490, .T. ) ;
#1594 = CARTESIAN_POINT ( 'NONE',  ( -0.7999999999999998224, 0.4000000000000000222, -0.6500000000000020206 ) ) ;
#1595 = ORIENTED_EDGE ( 'NONE', *, *, #2544, .F. ) ;
#1596 = ADVANCED_FACE ( 'NONE', ( #3311 ), #2908, .F. ) ;
#1597 = CARTESIAN_POINT ( 'NONE',  ( 1.160000000000000142, -9.099999999999999645, -0.1499999999999998002 ) ) ;
#1598 = DIRECTION ( 'NONE',  ( -1.000000000000000000, 0.000000000000000000, -1.734723475976805517E-15 ) ) ;
#1599 = EDGE_LOOP ( 'NONE', ( #1793, #1326, #494, #2678 ) ) ;
#1600 = DIRECTION ( 'NONE',  ( 0.000000000000000000, 1.000000000000000000, 0.000000000000000000 ) ) ;
#1601 = FILL_AREA_STYLE_COLOUR ( '', #4194 ) ;
#1602 = AXIS2_PLACEMENT_3D ( 'NONE', #3415, #409, #1144 ) ;
#1603 = ORIENTED_EDGE ( 'NONE', *, *, #4088, .F. ) ;
#1604 = VERTEX_POINT ( 'NONE', #4856 ) ;
#1605 = ORIENTED_EDGE ( 'NONE', *, *, #4331, .F. ) ;
#1606 = AXIS2_PLACEMENT_3D ( 'NONE', #491, #1208, #1923 ) ;
#1607 = CARTESIAN_POINT ( 'NONE',  ( -0.4499999999999998446, 0.4000000000000000222, -1.000000000000001998 ) ) ;
#1608 = DIRECTION ( 'NONE',  ( 1.000000000000000000, -0.000000000000000000, -1.401985567869192464E-17 ) ) ;
#1609 = CARTESIAN_POINT ( 'NONE',  ( -1.200000000000000178, 1.641974234837420665, 0.6500000000000016875 ) ) ;
#1610 = LINE ( 'NONE', #1236, #1530 ) ;
#1611 = DIRECTION ( 'NONE',  ( -0.000000000000000000, -1.000000000000000000, -0.000000000000000000 ) ) ;
#1612 = EDGE_CURVE ( 'NONE', #2862, #4699, #1783, .T. ) ;
#1613 = ORIENTED_EDGE ( 'NONE', *, *, #3582, .F. ) ;
#1614 = DIRECTION ( 'NONE',  ( 9.168604081462411628E-16, 0.000000000000000000, -1.000000000000000000 ) ) ;
#1615 = CARTESIAN_POINT ( 'NONE',  ( -1.094999999704953320, 0.9099999999999999201, 1.172137799042174189 ) ) ;
#1616 = LINE ( 'NONE', #1154, #1893 ) ;
#1617 =( LENGTH_UNIT ( ) NAMED_UNIT ( * ) SI_UNIT ( .MILLI., .METRE. ) );
#1618 = VERTEX_POINT ( 'NONE', #2173 ) ;
#1619 = EDGE_CURVE ( 'NONE', #2330, #4565, #591, .T. ) ;
#1620 = AXIS2_PLACEMENT_3D ( 'NONE', #3529, #3232, #4381 ) ;
#1621 = CARTESIAN_POINT ( 'NONE',  ( -0.7249999999999997558, 1.050000000000000044, -1.444999999999999840 ) ) ;
#1622 = CARTESIAN_POINT ( 'NONE',  ( -0.7249999999999996447, 5.970014005574767246, -1.424999999999999822 ) ) ;
#1623 = VECTOR ( 'NONE', #1899, 1000.000000000000000 ) ;
#1624 = ORIENTED_EDGE ( 'NONE', *, *, #4088, .T. ) ;
#1625 = ADVANCED_FACE ( 'NONE', ( #1093 ), #4148, .F. ) ;
#1626 = DIRECTION ( 'NONE',  ( -1.000000000000000000, 0.000000000000000000, 0.000000000000000000 ) ) ;
#1627 = EDGE_CURVE ( 'NONE', #739, #3866, #2220, .T. ) ;
#1628 = CARTESIAN_POINT ( 'NONE',  ( -1.159999999999999698, 0.9000000000000000222, -1.074999999999999956 ) ) ;
#1629 = EDGE_LOOP ( 'NONE', ( #4706, #3591, #4972, #4407 ) ) ;
#1630 = EDGE_LOOP ( 'NONE', ( #1854, #3029, #2120, #1048 ) ) ;
#1631 = FACE_OUTER_BOUND ( 'NONE', #3133, .T. ) ;
#1632 = CARTESIAN_POINT ( 'NONE',  ( 0.8392025475225488584, 0.9100000000000000311, -1.509999999653159675 ) ) ;
#1633 = CARTESIAN_POINT ( 'NONE',  ( -0.8218657734856850139, 1.010000000000000009, 1.445000000000000062 ) ) ;
#1634 = CARTESIAN_POINT ( 'NONE',  ( -0.7249999999999999778, 5.970014005574767246, 1.074999999999999734 ) ) ;
#1635 = VECTOR ( 'NONE', #228, 1000.000000000000000 ) ;
#1636 = ORIENTED_EDGE ( 'NONE', *, *, #93, .F. ) ;
#1637 = VERTEX_POINT ( 'NONE', #3700 ) ;
#1638 = VECTOR ( 'NONE', #3984, 1000.000000000000000 ) ;
#1639 = PLANE ( 'NONE',  #290 ) ;
#1640 = CARTESIAN_POINT ( 'NONE',  ( -1.159999999653122948, 0.9100000000000000311, 1.189202547522555387 ) ) ;
#1641 = DIRECTION ( 'NONE',  ( 3.764590876685790570E-16, -0.000000000000000000, -1.000000000000000000 ) ) ;
#1642 = LINE ( 'NONE', #1594, #2543 ) ;
#1643 = DIRECTION ( 'NONE',  ( -0.000000000000000000, -1.000000000000000000, 0.000000000000000000 ) ) ;
#1644 = CARTESIAN_POINT ( 'NONE',  ( -1.249999999999999778, 0.9000000000000000222, 1.599999999999999645 ) ) ;
#1645 = VERTEX_POINT ( 'NONE', #4438 ) ;
#1646 = CARTESIAN_POINT ( 'NONE',  ( 1.049999999999999156, 0.4000000000000000222, 1.600000000000000089 ) ) ;
#1647 = DIRECTION ( 'NONE',  ( 0.000000000000000000, 1.000000000000000000, 0.000000000000000000 ) ) ;
#1648 = FACE_OUTER_BOUND ( 'NONE', #1157, .T. ) ;
#1649 = VECTOR ( 'NONE', #4560, 1000.000000000000000 ) ;
#1650 = EDGE_CURVE ( 'NONE', #3443, #2269, #4079, .T. ) ;
#1651 = ORIENTED_EDGE ( 'NONE', *, *, #3383, .T. ) ;
#1652 = EDGE_CURVE ( 'NONE', #2281, #2154, #4763, .T. ) ;
#1653 = ORIENTED_EDGE ( 'NONE', *, *, #3383, .F. ) ;
#1654 = CARTESIAN_POINT ( 'NONE',  ( -0.8218657734856854580, 1.010000000000000231, -1.445000000000000284 ) ) ;
#1655 = CARTESIAN_POINT ( 'NONE',  ( 0.7250000000000000888, 0.9100000000000000311, 1.509999999999999787 ) ) ;
#1656 = VECTOR ( 'NONE', #4710, 1000.000000000000000 ) ;
#1657 = CARTESIAN_POINT ( 'NONE',  ( 1.199999999999999512, 0.000000000000000000, 1.355051025721682123 ) ) ;
#1658 = ORIENTED_EDGE ( 'NONE', *, *, #1570, .F. ) ;
#1659 = VERTEX_POINT ( 'NONE', #4836 ) ;
#1660 = ORIENTED_EDGE ( 'NONE', *, *, #1810, .F. ) ;
#1661 = CARTESIAN_POINT ( 'NONE',  ( -1.249999999999999778, 0.000000000000000000, 1.599999999999999645 ) ) ;
#1662 = CARTESIAN_POINT ( 'NONE',  ( -1.199999999999999956, 0.4000000000000000222, -1.355051025721681901 ) ) ;
#1663 = DIRECTION ( 'NONE',  ( -1.000000000000000000, 0.000000000000000000, 0.000000000000000000 ) ) ;
#1664 = CARTESIAN_POINT ( 'NONE',  ( -1.249999999999999778, 0.7349999999999995426, 0.2399999999999996303 ) ) ;
#1665 = ORIENTED_EDGE ( 'NONE', *, *, #4916, .T. ) ;
#1666 = LINE ( 'NONE', #2402, #4374 ) ;
#1667 = DIRECTION ( 'NONE',  ( -0.000000000000000000, -1.000000000000000000, -0.000000000000000000 ) ) ;
#1668 = ORIENTED_EDGE ( 'NONE', *, *, #3954, .F. ) ;
#1669 = ADVANCED_FACE ( 'NONE', ( #3261 ), #1840, .T. ) ;
#1670 = DIRECTION ( 'NONE',  ( 0.000000000000000000, 1.000000000000000000, 0.000000000000000000 ) ) ;
#1671 = CARTESIAN_POINT ( 'NONE',  ( 0.4499999999999997891, 1.641974234837420665, 0.6500000000000020206 ) ) ;
#1672 = FACE_OUTER_BOUND ( 'NONE', #1763, .T. ) ;
#1673 = EDGE_CURVE ( 'NONE', #1119, #3725, #4122, .T. ) ;
#1674 = EDGE_LOOP ( 'NONE', ( #1660, #4958, #4489, #1732, #561, #395, #3649, #3879 ) ) ;
#1675 = ORIENTED_EDGE ( 'NONE', *, *, #1273, .T. ) ;
#1676 = ORIENTED_EDGE ( 'NONE', *, *, #4356, .F. ) ;
#1677 = AXIS2_PLACEMENT_3D ( 'NONE', #1523, #4213, #1149 ) ;
#1678 = CARTESIAN_POINT ( 'NONE',  ( -0.7999999999999998224, 0.000000000000000000, -0.6500000000000020206 ) ) ;
#1679 = CARTESIAN_POINT ( 'NONE',  ( 0.8221377990442164663, 1.010000000000000009, -1.444999999999999840 ) ) ;
#1680 = DIRECTION ( 'NONE',  ( 0.000000000000000000, -1.000000000000000000, 0.000000000000000000 ) ) ;
#1681 = CARTESIAN_POINT ( 'NONE',  ( 1.113118632143026421, 0.9100000000000000311, -1.302064267489257743 ) ) ;
#1683 = ORIENTED_EDGE ( 'NONE', *, *, #3298, .F. ) ;
#1682 = AXIS2_PLACEMENT_3D ( 'NONE', #2328, #4656, #77 ) ;
#1684 = ORIENTED_EDGE ( 'NONE', *, *, #2378, .T. ) ;
#1685 = ORIENTED_EDGE ( 'NONE', *, *, #2252, .T. ) ;
#1686 = LINE ( 'NONE', #3212, #2843 ) ;
#1687 = DIRECTION ( 'NONE',  ( -1.000000000000000000, 0.000000000000000000, 6.938893903907222067E-15 ) ) ;
#1688 = CARTESIAN_POINT ( 'NONE',  ( 1.249999999999999778, -9.099999999999999645, -0.1499999999999998279 ) ) ;
#1689 = CARTESIAN_POINT ( 'NONE',  ( 1.199999999999999956, 0.4000000000000000222, -1.355051025721681679 ) ) ;
#1690 = VERTEX_POINT ( 'NONE', #4507 ) ;
#1691 = PLANE ( 'NONE',  #1155 ) ;
#1692 = CARTESIAN_POINT ( 'NONE',  ( 1.074999999999999956, 1.050000000000000044, 1.074999999999999956 ) ) ;
#1693 = LINE ( 'NONE', #2810, #3732 ) ;
#1694 = ORIENTED_EDGE ( 'NONE', *, *, #1652, .T. ) ;
#1695 = PLANE ( 'NONE',  #4609 ) ;
#1696 = FACE_OUTER_BOUND ( 'NONE', #2475, .T. ) ;
#1697 = DIRECTION ( 'NONE',  ( 0.000000000000000000, 0.000000000000000000, 1.000000000000000000 ) ) ;
#1698 = EDGE_CURVE ( 'NONE', #652, #1423, #2951, .T. ) ;
#1699 = VERTEX_POINT ( 'NONE', #1068 ) ;
#1700 = ORIENTED_EDGE ( 'NONE', *, *, #3582, .T. ) ;
#1701 = ORIENTED_EDGE ( 'NONE', *, *, #2891, .F. ) ;
#1702 = LINE ( 'NONE', #2390, #2568 ) ;
#1703 = LINE ( 'NONE', #2443, #221 ) ;
#1704 = LINE ( 'NONE', #579, #4637 ) ;
#1705 = VECTOR ( 'NONE', #2715, 1000.000000000000000 ) ;
#1706 = LINE ( 'NONE', #1047, #808 ) ;
#1707 = ORIENTED_EDGE ( 'NONE', *, *, #501, .T. ) ;
#1708 = ORIENTED_EDGE ( 'NONE', *, *, #1451, .T. ) ;
#1709 = DIRECTION ( 'NONE',  ( -1.000000000000000000, 0.000000000000000000, 0.000000000000000000 ) ) ;
#1710 = EDGE_CURVE ( 'NONE', #652, #3367, #2200, .T. ) ;
#1711 = DIRECTION ( 'NONE',  ( 1.000000000000000000, 0.000000000000000000, 0.000000000000000000 ) ) ;
#1712 = CARTESIAN_POINT ( 'NONE',  ( 0.7249999999999998668, 1.125000000000000222, -1.074999999999999956 ) ) ;
#1713 = VECTOR ( 'NONE', #2814, 1000.000000000000000 ) ;
#1714 = EDGE_CURVE ( 'NONE', #1388, #3018, #3379, .T. ) ;
#1715 = VECTOR ( 'NONE', #249, 1000.000000000000000 ) ;
#1716 = CARTESIAN_POINT ( 'NONE',  ( -1.249999999999999778, 0.000000000000000000, 0.2399999999999996303 ) ) ;
#1717 = VERTEX_POINT ( 'NONE', #325 ) ;
#1718 = ORIENTED_EDGE ( 'NONE', *, *, #2233, .F. ) ;
#1719 = EDGE_CURVE ( 'NONE', #630, #780, #2100, .T. ) ;
#1720 = ADVANCED_FACE ( 'NONE', ( #4926 ), #3000, .T. ) ;
#1721 = AXIS2_PLACEMENT_3D ( 'NONE', #4715, #3573, #2757 ) ;
#1722 = CIRCLE ( 'NONE', #2419, 0.3499999999999999223 ) ;
#1723 = CARTESIAN_POINT ( 'NONE',  ( -1.074999999999999734, 1.125000000000000000, -1.074999999999999956 ) ) ;
#1724 = LINE ( 'NONE', #980, #4939 ) ;
#1725 = LINE ( 'NONE', #3664, #359 ) ;
#1726 = AXIS2_PLACEMENT_3D ( 'NONE', #2108, #3655, #3293 ) ;
#1727 = ORIENTED_EDGE ( 'NONE', *, *, #3933, .F. ) ;
#1728 = CARTESIAN_POINT ( 'NONE',  ( 1.200000000000000178, 0.000000000000000000, -0.6500000000000016875 ) ) ;
#1729 = FACE_OUTER_BOUND ( 'NONE', #1204, .T. ) ;
#1730 = DIRECTION ( 'NONE',  ( 1.000000000000000000, 0.000000000000000000, 0.000000000000000000 ) ) ;
#1731 = ORIENTED_EDGE ( 'NONE', *, *, #2130, .F. ) ;
#1732 = ORIENTED_EDGE ( 'NONE', *, *, #1160, .F. ) ;
#1733 = ORIENTED_EDGE ( 'NONE', *, *, #312, .T. ) ;
#1734 = EDGE_CURVE ( 'NONE', #350, #2774, #3791, .T. ) ;
#1735 = LINE ( 'NONE', #469, #3786 ) ;
#1736 = DIRECTION ( 'NONE',  ( 0.000000000000000000, 1.000000000000000000, 0.000000000000000000 ) ) ;
#1737 = CARTESIAN_POINT ( 'NONE',  ( -1.249999999999999334, 0.000000000000000000, -1.600000000000000089 ) ) ;
#1738 = CARTESIAN_POINT ( 'NONE',  ( 0.7249999999999999778, 0.9000000000000000222, -1.510000000000000009 ) ) ;
#1739 = ORIENTED_EDGE ( 'NONE', *, *, #4823, .T. ) ;
#1740 = ORIENTED_EDGE ( 'NONE', *, *, #3187, .T. ) ;
#1741 = ADVANCED_FACE ( 'NONE', ( #2084 ), #194, .F. ) ;
#1742 = AXIS2_PLACEMENT_3D ( 'NONE', #4848, #2556, #170 ) ;
#1743 = LINE ( 'NONE', #4468, #3816 ) ;
#1744 = LINE ( 'NONE', #4443, #2026 ) ;
#1745 = CARTESIAN_POINT ( 'NONE',  ( -0.9999999999999993339, 0.4000000000000000222, 1.599999999999999645 ) ) ;
#1746 = PLANE ( 'NONE',  #1371 ) ;
#1747 = VECTOR ( 'NONE', #76, 1000.000000000000000 ) ;
#1748 = ADVANCED_FACE ( 'NONE', ( #2594 ), #4524, .T. ) ;
#1749 = EDGE_CURVE ( 'NONE', #2708, #1137, #1120, .T. ) ;
#1750 = LINE ( 'NONE', #3348, #2578 ) ;
#1751 = DIRECTION ( 'NONE',  ( 4.795803777790776160E-16, 0.000000000000000000, 1.000000000000000000 ) ) ;
#1752 = ADVANCED_FACE ( 'NONE', ( #3626 ), #2566, .T. ) ;
#1753 = ORIENTED_EDGE ( 'NONE', *, *, #1586, .F. ) ;
#1754 = CARTESIAN_POINT ( 'NONE',  ( 1.049999999999999156, 0.000000000000000000, -1.599999999999999867 ) ) ;
#1755 = DIRECTION ( 'NONE',  ( -1.000000000000000000, 0.000000000000000000, 6.618676052963836526E-17 ) ) ;
#1756 = DIRECTION ( 'NONE',  ( -1.000000000000000000, 0.000000000000000000, 0.000000000000000000 ) ) ;
#1757 = EDGE_LOOP ( 'NONE', ( #60, #2047, #1299, #4756 ) ) ;
#1758 = ORIENTED_EDGE ( 'NONE', *, *, #3661, .T. ) ;
#1759 = SURFACE_STYLE_USAGE ( .BOTH. , #300 ) ;
#1760 = CARTESIAN_POINT ( 'NONE',  ( -0.7249999999999997558, 1.010000000000000009, -1.444999999999999840 ) ) ;
#1761 = CARTESIAN_POINT ( 'NONE',  ( 1.095000000000000195, 0.9099999999999999201, -1.074999999999999956 ) ) ;
#1762 = DIRECTION ( 'NONE',  ( 1.000000000000000000, 0.000000000000000000, 1.355252715606880543E-16 ) ) ;
#1763 = EDGE_LOOP ( 'NONE', ( #2088, #240, #2713, #1025 ) ) ;
#1764 = ORIENTED_EDGE ( 'NONE', *, *, #3952, .T. ) ;
#1765 = VECTOR ( 'NONE', #289, 1000.000000000000000 ) ;
#1766 = DIRECTION ( 'NONE',  ( 1.000000000000000000, 0.000000000000000000, 0.000000000000000000 ) ) ;
#1767 = CARTESIAN_POINT ( 'NONE',  ( 1.249999999999999334, 1.641974234837420665, 1.600000000000000089 ) ) ;
#1768 = DIRECTION ( 'NONE',  ( -1.000000000000000000, 0.000000000000000000, -5.261928398534646085E-16 ) ) ;
#1769 = LINE ( 'NONE', #3623, #1281 ) ;
#1770 = AXIS2_PLACEMENT_3D ( 'NONE', #4257, #3918, #839 ) ;
#1771 = ORIENTED_EDGE ( 'NONE', *, *, #2735, .F. ) ;
#1772 = EDGE_CURVE ( 'NONE', #4269, #1217, #165, .T. ) ;
#1773 = LINE ( 'NONE', #668, #2115 ) ;
#1774 = CYLINDRICAL_SURFACE ( 'NONE', #1412, 0.2500000000000002220 ) ;
#1775 = CARTESIAN_POINT ( 'NONE',  ( -0.8392025475225565190, 0.9100000000000000311, 1.509999999653122371 ) ) ;
#1776 = CARTESIAN_POINT ( 'NONE',  ( 1.249999999999999778, -9.099999999999999645, 0.1500000000000001610 ) ) ;
#1777 = CARTESIAN_POINT ( 'NONE',  ( 0.4499999999999997891, 0.3999999999999999667, 0.6500000000000020206 ) ) ;
#1778 = EDGE_LOOP ( 'NONE', ( #4623, #2622, #36, #2928 ) ) ;
#1779 = ADVANCED_FACE ( 'NONE', ( #1490 ), #2975, .F. ) ;
#1780 = ADVANCED_FACE ( 'NONE', ( #1444 ), #3982, .F. ) ;
#1781 = CARTESIAN_POINT ( 'NONE',  ( -0.7999999999999998224, 0.4000000000000000222, -0.6500000000000020206 ) ) ;
#1782 =( NAMED_UNIT ( * ) SI_UNIT ( $, .STERADIAN. ) SOLID_ANGLE_UNIT ( ) );
#1783 = LINE ( 'NONE', #3747, #4112 ) ;
#1784 = CARTESIAN_POINT ( 'NONE',  ( 0.7249999999999999778, 0.9100000000000000311, 1.509999999999999787 ) ) ;
#1785 = ORIENTED_EDGE ( 'NONE', *, *, #4091, .F. ) ;
#1786 = ORIENTED_EDGE ( 'NONE', *, *, #990, .F. ) ;
#1787 = VECTOR ( 'NONE', #2663, 1000.000000000000000 ) ;
#1788 = CARTESIAN_POINT ( 'NONE',  ( 1.249999999999999334, 0.4000000000000000222, 1.349999999999999867 ) ) ;
#1789 = VECTOR ( 'NONE', #2616, 1000.000000000000000 ) ;
#1790 = DIRECTION ( 'NONE',  ( 1.000000000000000000, 0.000000000000000000, 0.000000000000000000 ) ) ;
#1791 = DIRECTION ( 'NONE',  ( -0.000000000000000000, -1.000000000000000000, 0.000000000000000000 ) ) ;
#1792 = DIRECTION ( 'NONE',  ( -1.000000000000000000, 0.000000000000000000, 0.000000000000000000 ) ) ;
#1793 = ORIENTED_EDGE ( 'NONE', *, *, #2836, .T. ) ;
#1794 = ADVANCED_FACE ( 'NONE', ( #4512 ), #1691, .T. ) ;
#1795 = VECTOR ( 'NONE', #2386, 1000.000000000000000 ) ;
#1796 = CARTESIAN_POINT ( 'NONE',  ( -1.005051025721681812, 0.4000000000000000222, -1.549999999999997824 ) ) ;
#1797 = DIRECTION ( 'NONE',  ( 0.000000000000000000, 1.000000000000000000, 0.000000000000000000 ) ) ;
#1798 = AXIS2_PLACEMENT_3D ( 'NONE', #3274, #646, #1354 ) ;
#1799 = AXIS2_PLACEMENT_3D ( 'NONE', #627, #1755, #229 ) ;
#1800 = CARTESIAN_POINT ( 'NONE',  ( -1.049999999999999600, 0.3999999999999999667, 1.599999999999999645 ) ) ;
#1801 = AXIS2_PLACEMENT_3D ( 'NONE', #4448, #1323, #2509 ) ;
#1802 = CARTESIAN_POINT ( 'NONE',  ( 0.4500000000000002887, 0.4000000000000000222, -1.549999999999997824 ) ) ;
#1803 = CARTESIAN_POINT ( 'NONE',  ( 1.249999999999999778, 0.4000000000000000222, -1.599999999999999645 ) ) ;
#1804 = ORIENTED_EDGE ( 'NONE', *, *, #2867, .T. ) ;
#1805 = VECTOR ( 'NONE', #413, 1000.000000000000000 ) ;
#1806 = EDGE_CURVE ( 'NONE', #3291, #4565, #3341, .T. ) ;
#1807 = DIRECTION ( 'NONE',  ( 1.000000000000000000, 0.000000000000000000, 0.000000000000000000 ) ) ;
#1808 = CARTESIAN_POINT ( 'NONE',  ( 1.094999999999999973, 1.010000000000000009, 0.3583333333333338366 ) ) ;
#1809 = CARTESIAN_POINT ( 'NONE',  ( 1.249999999999999334, 1.641974234837420665, 1.350000000000000089 ) ) ;
#1810 = EDGE_CURVE ( 'NONE', #1378, #4770, #3543, .T. ) ;
#1811 = EDGE_CURVE ( 'NONE', #4223, #1813, #4394, .T. ) ;
#1812 = EDGE_CURVE ( 'NONE', #3258, #2281, #565, .T. ) ;
#1813 = VERTEX_POINT ( 'NONE', #953 ) ;
#1814 = ORIENTED_EDGE ( 'NONE', *, *, #326, .F. ) ;
#1815 = DIRECTION ( 'NONE',  ( -1.000000000000000000, 0.000000000000000000, -1.355252715606880543E-16 ) ) ;
#1816 = CARTESIAN_POINT ( 'NONE',  ( -1.075000000000000178, 5.970014005574767246, 1.074999999999999512 ) ) ;
#1817 = CARTESIAN_POINT ( 'NONE',  ( -1.249999999999999334, 0.4000000000000000222, -1.600000000000000089 ) ) ;
#1818 = CARTESIAN_POINT ( 'NONE',  ( -1.005051025721682256, 0.3999999999999999667, 1.549999999999997380 ) ) ;
#1819 = CARTESIAN_POINT ( 'NONE',  ( 1.249999999999999778, 0.000000000000000000, -1.599999999999999645 ) ) ;
#1820 = VECTOR ( 'NONE', #1130, 1000.000000000000000 ) ;
#1821 = CARTESIAN_POINT ( 'NONE',  ( -1.000000000000000222, 1.125000000000000000, 1.074999999999999512 ) ) ;
#1822 = CARTESIAN_POINT ( 'NONE',  ( -1.250000000000000000, -9.099999999999999645, -0.1500000000000001610 ) ) ;
#1823 = AXIS2_PLACEMENT_3D ( 'NONE', #3996, #3614, #153 ) ;
#1824 = CARTESIAN_POINT ( 'NONE',  ( 1.199999999999999512, 0.4000000000000000222, 1.355051025721682123 ) ) ;
#1825 = DIRECTION ( 'NONE',  ( 0.000000000000000000, -1.000000000000000000, 0.000000000000000000 ) ) ;
#1826 = DIRECTION ( 'NONE',  ( 1.000000000000000000, 0.000000000000000000, -1.401985567869187533E-17 ) ) ;
#1827 = EDGE_CURVE ( 'NONE', #2105, #163, #3361, .T. ) ;
#1828 = ORIENTED_EDGE ( 'NONE', *, *, #3118, .T. ) ;
#1829 =( NAMED_UNIT ( * ) SI_UNIT ( $, .STERADIAN. ) SOLID_ANGLE_UNIT ( ) );
#1830 = CARTESIAN_POINT ( 'NONE',  ( -1.160000000000000142, 0.7349999999999995426, -0.1500000000000001610 ) ) ;
#1831 = CARTESIAN_POINT ( 'NONE',  ( 1.250000000000000000, 0.2850000000000005307, -0.2399999999999994083 ) ) ;
#1832 = ORIENTED_EDGE ( 'NONE', *, *, #722, .F. ) ;
#1833 = ORIENTED_EDGE ( 'NONE', *, *, #4429, .F. ) ;
#1834 = DIRECTION ( 'NONE',  ( -1.000000000000000000, 0.000000000000000000, -3.764590876685790570E-16 ) ) ;
#1835 = DIRECTION ( 'NONE',  ( 6.618676052963838991E-17, 0.000000000000000000, 1.000000000000000000 ) ) ;
#1836 = DIRECTION ( 'NONE',  ( 0.000000000000000000, -1.000000000000000000, 0.000000000000000000 ) ) ;
#1837 = CARTESIAN_POINT ( 'NONE',  ( -1.094999999999999751, 1.050000000000000044, -1.074999999999999956 ) ) ;
#1838 = FACE_OUTER_BOUND ( 'NONE', #4151, .T. ) ;
#1839 = EDGE_LOOP ( 'NONE', ( #3850, #4832, #3665, #3770 ) ) ;
#1840 =( BOUNDED_SURFACE ( )  B_SPLINE_SURFACE ( 2, 3, ( 
 ( #633, #1808, #2131, #4101 ),
 ( #4810, #3675, #236, #1761 ),
 ( #655, #279, #3287, #3335 ) ),
 .UNSPECIFIED., .F., .F., .F. ) 
 B_SPLINE_SURFACE_WITH_KNOTS ( ( 3, 3 ),
 ( 4, 4 ),
 ( 0.000000000000000000, 1.000000000000000000 ),
 ( -4.336808689942017736E-19, 0.002150000000000000001 ),
 .UNSPECIFIED. ) 
 GEOMETRIC_REPRESENTATION_ITEM ( )  RATIONAL_B_SPLINE_SURFACE ( (
 ( 1.000000000000000000, 1.000000000000000000, 1.000000000000000000, 1.000000000000000000),
 ( 0.7071067811865475727, 0.7071067811865475727, 0.7071067811865475727, 0.7071067811865475727),
 ( 1.000000000000000000, 1.000000000000000000, 1.000000000000000000, 1.000000000000000000) ) ) 
 REPRESENTATION_ITEM ( '' )  SURFACE ( )  );
#1841 = CIRCLE ( 'NONE', #3282, 0.08999999999999980238 ) ;
#1842 = LINE ( 'NONE', #3852, #3326 ) ;
#1843 = VECTOR ( 'NONE', #4306, 1000.000000000000000 ) ;
#1844 = CARTESIAN_POINT ( 'NONE',  ( 0.7249999999999999778, 0.9100000000000000311, -1.510000000000000009 ) ) ;
#1845 = DIRECTION ( 'NONE',  ( -6.618676052963837759E-17, 0.000000000000000000, -1.000000000000000000 ) ) ;
#1846 = DIRECTION ( 'NONE',  ( 0.000000000000000000, -1.000000000000000000, 0.000000000000000000 ) ) ;
#1847 = ORIENTED_EDGE ( 'NONE', *, *, #4642, .F. ) ;
#1848 = CARTESIAN_POINT ( 'NONE',  ( 0.7250000000000000888, 5.970014005574767246, -1.425000000000000044 ) ) ;
#1849 = ADVANCED_FACE ( 'NONE', ( #3753 ), #4795, .F. ) ;
#1850 = DIRECTION ( 'NONE',  ( 0.000000000000000000, 1.000000000000000000, 0.000000000000000000 ) ) ;
#1851 = CARTESIAN_POINT ( 'NONE',  ( 1.249999999999999334, 0.3999999999999999667, 1.350000000000000089 ) ) ;
#1852 = VERTEX_POINT ( 'NONE', #2177 ) ;
#1853 = AXIS2_PLACEMENT_3D ( 'NONE', #860, #1334, #3259 ) ;
#1854 = ORIENTED_EDGE ( 'NONE', *, *, #4911, .T. ) ;
#1855 = DIRECTION ( 'NONE',  ( 0.000000000000000000, 1.000000000000000000, 0.000000000000000000 ) ) ;
#1856 = CARTESIAN_POINT ( 'NONE',  ( -1.074999999999999734, 5.970014005574767246, -1.074999999999999956 ) ) ;
#1857 = DIRECTION ( 'NONE',  ( -1.000000000000000000, 0.000000000000000000, 0.000000000000000000 ) ) ;
#1858 = DIRECTION ( 'NONE',  ( 0.000000000000000000, 1.000000000000000000, 0.000000000000000000 ) ) ;
#1859 = FACE_OUTER_BOUND ( 'NONE', #1947, .T. ) ;
#1860 = ORIENTED_EDGE ( 'NONE', *, *, #3535, .F. ) ;
#1861 = VECTOR ( 'NONE', #2695, 1000.000000000000000 ) ;
#1862 = ADVANCED_FACE ( 'NONE', ( #3728 ), #4629, .F. ) ;
#1863 = EDGE_CURVE ( 'NONE', #1566, #2565, #1878, .T. ) ;
#1864 = DIRECTION ( 'NONE',  ( 0.000000000000000000, 1.000000000000000000, 0.000000000000000000 ) ) ;
#1865 = DIRECTION ( 'NONE',  ( -1.355252715606880543E-16, 0.000000000000000000, 1.000000000000000000 ) ) ;
#1866 = EDGE_CURVE ( 'NONE', #4393, #2420, #4233, .T. ) ;
#1867 = EDGE_CURVE ( 'NONE', #4199, #2481, #3842, .T. ) ;
#1868 = CARTESIAN_POINT ( 'NONE',  ( 0.4499999999999999001, 0.4000000000000000222, 1.549999999999997824 ) ) ;
#1869 = DIRECTION ( 'NONE',  ( 0.000000000000000000, 1.000000000000000000, 0.000000000000000000 ) ) ;
#1870 = CIRCLE ( 'NONE', #272, 0.2500000000000002220 ) ;
#1871 = ORIENTED_EDGE ( 'NONE', *, *, #211, .T. ) ;
#1872 = VECTOR ( 'NONE', #1324, 1000.000000000000000 ) ;
#1873 = DIRECTION ( 'NONE',  ( -0.000000000000000000, -1.000000000000000000, 0.000000000000000000 ) ) ;
#1874 = B_SPLINE_CURVE_WITH_KNOTS ( 'NONE', 3,
 ( #2526, #4603, #3385, #7 ),
 .UNSPECIFIED., .F., .F.,
 ( 4, 4 ),
 ( 0.000000000000000000, 1.000000000000000000 ),
 .UNSPECIFIED. ) ;
#1875 = DIRECTION ( 'NONE',  ( 0.000000000000000000, 1.000000000000000000, 0.000000000000000000 ) ) ;
#1876 = ORIENTED_EDGE ( 'NONE', *, *, #2003, .T. ) ;
#1877 = ORIENTED_EDGE ( 'NONE', *, *, #2661, .F. ) ;
#1878 = LINE ( 'NONE', #1607, #2726 ) ;
#1879 = LINE ( 'NONE', #4201, #4231 ) ;
#1880 = CARTESIAN_POINT ( 'NONE',  ( -1.160000000000000142, -9.099999999999999645, -0.1500000000000001610 ) ) ;
#1881 = CARTESIAN_POINT ( 'NONE',  ( 1.200000000000000178, 0.4000000000000000222, -0.6500000000000016875 ) ) ;
#1882 = CARTESIAN_POINT ( 'NONE',  ( 1.094999999999999751, 1.009999999999999787, 1.171865773485684992 ) ) ;
#1883 = VERTEX_POINT ( 'NONE', #1950 ) ;
#1884 = AXIS2_PLACEMENT_3D ( 'NONE', #1028, #259, #2546 ) ;
#1885 = VERTEX_POINT ( 'NONE', #3081 ) ;
#1886 = EDGE_CURVE ( 'NONE', #832, #3517, #3505, .T. ) ;
#1887 = EDGE_LOOP ( 'NONE', ( #1338, #19, #3717, #3950, #723, #2021, #3482, #1379, #3855 ) ) ;
#1888 = CIRCLE ( 'NONE', #3332, 0.2500000000000002220 ) ;
#1889 = DIRECTION ( 'NONE',  ( 1.000000000000000000, 0.000000000000000000, 1.355252715606880543E-16 ) ) ;
#1890 = DIRECTION ( 'NONE',  ( -1.000000000000000000, 0.000000000000000000, 0.000000000000000000 ) ) ;
#1891 = ADVANCED_FACE ( 'NONE', ( #382 ), #4280, .F. ) ;
#1892 = DIRECTION ( 'NONE',  ( -0.000000000000000000, -1.000000000000000000, 0.000000000000000000 ) ) ;
#1893 = VECTOR ( 'NONE', #392, 1000.000000000000000 ) ;
#1894 = DIRECTION ( 'NONE',  ( 1.000000000000000000, 0.000000000000000000, 1.355252715606880543E-16 ) ) ;
#1895 = ADVANCED_FACE ( 'NONE', ( #4200 ), #4676, .F. ) ;
#1896 = DIRECTION ( 'NONE',  ( -0.000000000000000000, -1.000000000000000000, 0.000000000000000000 ) ) ;
#1897 = ORIENTED_EDGE ( 'NONE', *, *, #4267, .F. ) ;
#1898 = DIRECTION ( 'NONE',  ( 0.000000000000000000, -1.000000000000000000, 0.000000000000000000 ) ) ;
#1899 = DIRECTION ( 'NONE',  ( 1.000000000000000000, -0.000000000000000000, 1.355252715606880543E-16 ) ) ;
#1900 = EDGE_CURVE ( 'NONE', #958, #493, #6, .T. ) ;
#1901 = ORIENTED_EDGE ( 'NONE', *, *, #1273, .F. ) ;
#1902 = ORIENTED_EDGE ( 'NONE', *, *, #293, .F. ) ;
#1903 = FACE_OUTER_BOUND ( 'NONE', #3618, .T. ) ;
#1904 = CARTESIAN_POINT ( 'NONE',  ( 1.005051025721681812, 0.000000000000000000, 1.549999999999997602 ) ) ;
#1905 = DIRECTION ( 'NONE',  ( 1.355252715606880543E-16, 0.000000000000000000, -1.000000000000000000 ) ) ;
#1906 = FACE_OUTER_BOUND ( 'NONE', #3868, .T. ) ;
#1907 = DIRECTION ( 'NONE',  ( -0.000000000000000000, -1.000000000000000000, 0.000000000000000000 ) ) ;
#1908 = EDGE_LOOP ( 'NONE', ( #4731, #3523, #4166, #4053, #3893, #2224, #1349, #424, #4636 ) ) ;
#1909 = DIRECTION ( 'NONE',  ( 0.000000000000000000, 1.000000000000000000, 0.000000000000000000 ) ) ;
#1910 = ORIENTED_EDGE ( 'NONE', *, *, #2661, .T. ) ;
#1911 = LINE ( 'NONE', #3011, #2119 ) ;
#1912 = ADVANCED_FACE ( 'NONE', ( #4253 ), #2637, .F. ) ;
#1913 = CARTESIAN_POINT ( 'NONE',  ( 0.7250000000000000888, 1.050000000000000044, 1.444999999999999840 ) ) ;
#1914 = EDGE_LOOP ( 'NONE', ( #282, #2953, #1910, #834 ) ) ;
#1915 = VECTOR ( 'NONE', #10, 1000.000000000000000 ) ;
#1916 = DIRECTION ( 'NONE',  ( 1.000000000000000000, 0.000000000000000000, -1.401985567869189998E-17 ) ) ;
#1917 = DIRECTION ( 'NONE',  ( -1.000000000000000000, 0.000000000000000000, -1.355252715606880543E-16 ) ) ;
#1918 = FACE_OUTER_BOUND ( 'NONE', #2911, .T. ) ;
#1919 = STYLED_ITEM ( 'NONE', ( #98 ), #2301 ) ;
#1920 = ORIENTED_EDGE ( 'NONE', *, *, #2684, .F. ) ;
#1921 = EDGE_CURVE ( 'NONE', #4269, #3416, #3435, .T. ) ;
#1922 =( NAMED_UNIT ( * ) SI_UNIT ( $, .STERADIAN. ) SOLID_ANGLE_UNIT ( ) );
#1923 = DIRECTION ( 'NONE',  ( -1.355252715606880543E-16, 0.000000000000000000, 1.000000000000000000 ) ) ;
#1924 =( BOUNDED_CURVE ( )  B_SPLINE_CURVE ( 2, ( #2567, #286, #217 ),
 .UNSPECIFIED., .F., .F. ) 
 B_SPLINE_CURVE_WITH_KNOTS ( ( 3, 3 ),
 ( 0.000000000000000000, 1.000000000000000000 ),
 .UNSPECIFIED. ) 
 CURVE ( )  GEOMETRIC_REPRESENTATION_ITEM ( )  RATIONAL_B_SPLINE_CURVE ( ( 1.000000000000000000, 0.7071067811865475727, 1.000000000000000000 ) ) 
 REPRESENTATION_ITEM ( '' )  );
#1925 = EDGE_LOOP ( 'NONE', ( #274, #1226, #3060, #4243 ) ) ;
#1926 = ADVANCED_FACE ( 'NONE', ( #1139 ), #3024, .F. ) ;
#1927 = EDGE_LOOP ( 'NONE', ( #1536, #2480, #4192, #3583 ) ) ;
#1928 = DIRECTION ( 'NONE',  ( 0.000000000000000000, 1.000000000000000000, 0.000000000000000000 ) ) ;
#1929 = CARTESIAN_POINT ( 'NONE',  ( -1.094999999999999973, 1.010000000000000009, 1.074999999999999289 ) ) ;
#1930 = DIRECTION ( 'NONE',  ( -0.7071067811865474617, 0.000000000000000000, 0.7071067811865474617 ) ) ;
#1931 = CARTESIAN_POINT ( 'NONE',  ( -1.160000000000000142, -9.099999999999999645, 0.1499999999999998279 ) ) ;
#1932 = CARTESIAN_POINT ( 'NONE',  ( 0.8218657734856857910, 1.010000000000000231, 1.445000000000000062 ) ) ;
#1933 = VECTOR ( 'NONE', #1971, 1000.000000000000000 ) ;
#1934 = LINE ( 'NONE', #3031, #4626 ) ;
#1935 = ORIENTED_EDGE ( 'NONE', *, *, #2431, .F. ) ;
#1936 = PLANE ( 'NONE',  #3652 ) ;
#1937 = CIRCLE ( 'NONE', #4447, 0.08999999999999980238 ) ;
#1938 = EDGE_LOOP ( 'NONE', ( #487, #4380, #2903, #2155 ) ) ;
#1939 = ORIENTED_EDGE ( 'NONE', *, *, #541, .F. ) ;
#1940 = CARTESIAN_POINT ( 'NONE',  ( -0.7249999999999996447, 0.9100000000000000311, -1.509999999999999787 ) ) ;
#1941 = AXIS2_PLACEMENT_3D ( 'NONE', #210, #495, #2097 ) ;
#1942 = VERTEX_POINT ( 'NONE', #3459 ) ;
#1943 = CARTESIAN_POINT ( 'NONE',  ( -0.4499999999999999001, 0.4000000000000000222, -1.549999999999997824 ) ) ;
#1944 = AXIS2_PLACEMENT_3D ( 'NONE', #3401, #4951, #373 ) ;
#1945 = SURFACE_STYLE_USAGE ( .BOTH. , #2272 ) ;
#1946 = CIRCLE ( 'NONE', #4853, 0.2000000000000005107 ) ;
#1947 = EDGE_LOOP ( 'NONE', ( #107, #987, #2439, #2791 ) ) ;
#1948 = AXIS2_PLACEMENT_3D ( 'NONE', #266, #1797, #196 ) ;
#1949 = EDGE_LOOP ( 'NONE', ( #4121, #2748, #2518, #1026 ) ) ;
#1950 = CARTESIAN_POINT ( 'NONE',  ( 0.4499999999999997891, 0.000000000000000000, 0.6500000000000020206 ) ) ;
#1951 = FACE_OUTER_BOUND ( 'NONE', #1165, .T. ) ;
#1952 = EDGE_CURVE ( 'NONE', #4386, #4335, #2350, .T. ) ;
#1953 = DIRECTION ( 'NONE',  ( -0.000000000000000000, -1.000000000000000000, 0.000000000000000000 ) ) ;
#1954 = AXIS2_PLACEMENT_3D ( 'NONE', #83, #4261, #3090 ) ;
#1955 = EDGE_CURVE ( 'NONE', #1348, #432, #733, .T. ) ;
#1956 = CARTESIAN_POINT ( 'NONE',  ( -1.199999999999999956, 1.641974234837420665, -1.355051025721681901 ) ) ;
#1957 = VERTEX_POINT ( 'NONE', #836 ) ;
#1958 = ORIENTED_EDGE ( 'NONE', *, *, #4820, .T. ) ;
#1959 = CARTESIAN_POINT ( 'NONE',  ( 1.159999999999999920, 0.9100000000000000311, 1.075000000000000400 ) ) ;
#1960 = DIRECTION ( 'NONE',  ( -1.000000000000000000, 0.000000000000000000, 0.000000000000000000 ) ) ;
#1961 = VERTEX_POINT ( 'NONE', #3483 ) ;
#1962 = AXIS2_PLACEMENT_3D ( 'NONE', #1661, #1293, #2886 ) ;
#1963 = CARTESIAN_POINT ( 'NONE',  ( 1.074999999999999956, 1.125000000000000222, 1.074999999999999956 ) ) ;
#1964 = ORIENTED_EDGE ( 'NONE', *, *, #643, .F. ) ;
#1965 = DIRECTION ( 'NONE',  ( 1.355252715606880543E-16, 0.000000000000000000, -1.000000000000000000 ) ) ;
#1966 = DIRECTION ( 'NONE',  ( 1.000000000000000000, 0.000000000000000000, 0.000000000000000000 ) ) ;
#1967 = EDGE_CURVE ( 'NONE', #1618, #163, #343, .T. ) ;
#1968 = VECTOR ( 'NONE', #2597, 1000.000000000000000 ) ;
#1969 = ORIENTED_EDGE ( 'NONE', *, *, #4496, .T. ) ;
#1970 = ORIENTED_EDGE ( 'NONE', *, *, #1, .T. ) ;
#1971 = DIRECTION ( 'NONE',  ( 1.000000000000000000, 0.000000000000000000, 1.355252715606880543E-16 ) ) ;
#1972 = CARTESIAN_POINT ( 'NONE',  ( 1.094999999999999973, 1.010000000000000009, -1.074999999999999956 ) ) ;
#1973 = CARTESIAN_POINT ( 'NONE',  ( 1.249999999999999778, 0.2850000000000005307, -0.1499999999999998279 ) ) ;
#1974 = FACE_OUTER_BOUND ( 'NONE', #4799, .T. ) ;
#1975 = ORIENTED_EDGE ( 'NONE', *, *, #893, .F. ) ;
#1976 = ORIENTED_EDGE ( 'NONE', *, *, #677, .F. ) ;
#1977 = DIRECTION ( 'NONE',  ( -0.000000000000000000, -1.000000000000000000, 0.000000000000000000 ) ) ;
#1978 = DIRECTION ( 'NONE',  ( 1.000000000000000000, 0.000000000000000000, 5.261928398534647071E-16 ) ) ;
#1979 = ORIENTED_EDGE ( 'NONE', *, *, #704, .F. ) ;
#1980 = EDGE_CURVE ( 'NONE', #500, #576, #2277, .T. ) ;
#1981 = CARTESIAN_POINT ( 'NONE',  ( 1.200000000000000178, 0.3999999999999999667, -0.6500000000000016875 ) ) ;
#1982 = FACE_OUTER_BOUND ( 'NONE', #2113, .T. ) ;
#1983 = ORIENTED_EDGE ( 'NONE', *, *, #2684, .T. ) ;
#1984 = CIRCLE ( 'NONE', #2311, 0.3500000000000000333 ) ;
#1985 = CARTESIAN_POINT ( 'NONE',  ( 1.249999999999999778, 0.4000000000000000222, -1.599999999999999645 ) ) ;
#1986 = DIRECTION ( 'NONE',  ( -0.000000000000000000, -1.000000000000000000, 0.000000000000000000 ) ) ;
#1987 = CIRCLE ( 'NONE', #3851, 0.3499999999999999223 ) ;
#1988 = ORIENTED_EDGE ( 'NONE', *, *, #4979, .T. ) ;
#1989 = ORIENTED_EDGE ( 'NONE', *, *, #3426, .F. ) ;
#1990 = ADVANCED_FACE ( 'NONE', ( #1903 ), #1538, .T. ) ;
#1991 = DIRECTION ( 'NONE',  ( 0.000000000000000000, -1.000000000000000000, 0.000000000000000000 ) ) ;
#1992 = CARTESIAN_POINT ( 'NONE',  ( 1.159999999653172242, 0.9100000000000000311, -1.189202547522555831 ) ) ;
#1993 = CARTESIAN_POINT ( 'NONE',  ( -0.4500000000000002887, 1.641974234837420665, 1.549999999999997824 ) ) ;
#1994 = DIRECTION ( 'NONE',  ( -0.000000000000000000, -1.000000000000000000, 0.000000000000000000 ) ) ;
#1995 = ORIENTED_EDGE ( 'NONE', *, *, #3012, .F. ) ;
#1996 = ORIENTED_EDGE ( 'NONE', *, *, #3801, .T. ) ;
#1997 = ORIENTED_EDGE ( 'NONE', *, *, #1203, .F. ) ;
#1998 = FACE_OUTER_BOUND ( 'NONE', #3255, .T. ) ;
#1999 = CARTESIAN_POINT ( 'NONE',  ( -1.055123894006723129, 0.9099999999999999201, 1.268135124071321451 ) ) ;
#2000 = LINE ( 'NONE', #3194, #3772 ) ;
#2001 = ORIENTED_EDGE ( 'NONE', *, *, #3502, .T. ) ;
#2002 = CARTESIAN_POINT ( 'NONE',  ( -1.249999999999999778, 0.4000000000000000222, -1.349999999999999867 ) ) ;
#2003 = EDGE_CURVE ( 'NONE', #2849, #1645, #105, .T. ) ;
#2004 = DIRECTION ( 'NONE',  ( -1.000000000000000000, 0.000000000000000000, -8.809142651444737726E-15 ) ) ;
#2005 = ADVANCED_FACE ( 'NONE', ( #1631 ), #2820, .F. ) ;
#2006 = ORIENTED_EDGE ( 'NONE', *, *, #1141, .T. ) ;
#2007 = AXIS2_PLACEMENT_3D ( 'NONE', #2468, #4725, #4354 ) ;
#2008 = DIRECTION ( 'NONE',  ( -1.000000000000000000, 0.000000000000000000, 0.000000000000000000 ) ) ;
#2009 = DIRECTION ( 'NONE',  ( -1.000000000000000000, 0.000000000000000000, 0.000000000000000000 ) ) ;
#2010 = DIRECTION ( 'NONE',  ( 1.000000000000000000, 0.000000000000000000, 5.217722955086476205E-14 ) ) ;
#2011 = ORIENTED_EDGE ( 'NONE', *, *, #4698, .T. ) ;
#2012 = EDGE_LOOP ( 'NONE', ( #2161, #454, #642, #125, #197, #215, #1488, #4073 ) ) ;
#2013 = DIRECTION ( 'NONE',  ( 9.168604081462413600E-16, 0.000000000000000000, -1.000000000000000000 ) ) ;
#2014 = CARTESIAN_POINT ( 'NONE',  ( 0.7250000000000000888, 1.125000000000000000, -1.425000000000000044 ) ) ;
#2015 = PLANE ( 'NONE',  #227 ) ;
#2016 = CARTESIAN_POINT ( 'NONE',  ( -1.005051025721681812, 0.000000000000000000, -1.549999999999997824 ) ) ;
#2017 = UNCERTAINTY_MEASURE_WITH_UNIT (LENGTH_MEASURE( 1.000000000000000082E-05 ), #1418, 'distance_accuracy_value', 'NONE');
#2018 = CIRCLE ( 'NONE', #3880, 0.07499999999999998335 ) ;
#2019 = VECTOR ( 'NONE', #1898, 1000.000000000000000 ) ;
#2020 = ORIENTED_EDGE ( 'NONE', *, *, #2530, .T. ) ;
#2021 = ORIENTED_EDGE ( 'NONE', *, *, #441, .T. ) ;
#2022 = AXIS2_PLACEMENT_3D ( 'NONE', #4971, #2238, #1890 ) ;
#2023 = LINE ( 'NONE', #4312, #3662 ) ;
#2024 = LINE ( 'NONE', #4816, #3093 ) ;
#2025 = ADVANCED_FACE ( 'NONE', ( #2794 ), #578, .F. ) ;
#2026 = VECTOR ( 'NONE', #1315, 1000.000000000000000 ) ;
#2027 = CARTESIAN_POINT ( 'NONE',  ( -1.005051025721682256, 0.000000000000000000, 1.549999999999997380 ) ) ;
#2028 = CARTESIAN_POINT ( 'NONE',  ( 1.249999999999999778, 0.3999999999999999667, -1.599999999999999645 ) ) ;
#2029 = EDGE_CURVE ( 'NONE', #2827, #3935, #3183, .T. ) ;
#2030 = VERTEX_POINT ( 'NONE', #908 ) ;
#2031 = AXIS2_PLACEMENT_3D ( 'NONE', #411, #3059, #4635 ) ;
#2032 = CARTESIAN_POINT ( 'NONE',  ( -1.094999999999999751, 0.9100000000000001421, -1.074999999999999956 ) ) ;
#2033 = FACE_OUTER_BOUND ( 'NONE', #3155, .T. ) ;
#2034 = LINE ( 'NONE', #1329, #2983 ) ;
#2035 = CIRCLE ( 'NONE', #2127, 0.2750000000000001887 ) ;
#2036 = B_SPLINE_CURVE_WITH_KNOTS ( 'NONE', 3,
 ( #3531, #4383, #2852, #104, #1633, #3940 ),
 .UNSPECIFIED., .F., .F.,
 ( 4, 2, 4 ),
 ( 0.000000000000000000, 0.5000000000000000000, 1.000000000000000000 ),
 .UNSPECIFIED. ) ;
#2037 = ORIENTED_EDGE ( 'NONE', *, *, #1827, .T. ) ;
#2038 = ORIENTED_EDGE ( 'NONE', *, *, #1504, .F. ) ;
#2039 = ORIENTED_EDGE ( 'NONE', *, *, #1451, .F. ) ;
#2040 = ADVANCED_FACE ( 'NONE', ( #2413 ), #3968, .T. ) ;
#2041 = CARTESIAN_POINT ( 'NONE',  ( 0.4500000000000000111, 0.4000000000000000222, -0.6500000000000017986 ) ) ;
#2042 = LINE ( 'NONE', #2014, #2562 ) ;
#2043 = FACE_OUTER_BOUND ( 'NONE', #3101, .T. ) ;
#2044 = VECTOR ( 'NONE', #4391, 1000.000000000000000 ) ;
#2045 = LINE ( 'NONE', #3971, #3927 ) ;
#2046 = VERTEX_POINT ( 'NONE', #3642 ) ;
#2047 = ORIENTED_EDGE ( 'NONE', *, *, #309, .F. ) ;
#2048 = ORIENTED_EDGE ( 'NONE', *, *, #346, .F. ) ;
#2049 = CARTESIAN_POINT ( 'NONE',  ( 1.249999999999999334, 0.4000000000000000222, 1.600000000000000089 ) ) ;
#2050 = DIRECTION ( 'NONE',  ( -1.000000000000000000, 0.000000000000000000, 0.000000000000000000 ) ) ;
#2051 = CARTESIAN_POINT ( 'NONE',  ( -1.160000000000000142, 0.2850000000000005307, -0.1500000000000001610 ) ) ;
#2052 = SURFACE_STYLE_USAGE ( .BOTH. , #459 ) ;
#2053 = ORIENTED_EDGE ( 'NONE', *, *, #3926, .F. ) ;
#2054 = DIRECTION ( 'NONE',  ( 1.355252715606880543E-16, 0.000000000000000000, -1.000000000000000000 ) ) ;
#2055 = EDGE_CURVE ( 'NONE', #3639, #3102, #1702, .T. ) ;
#2056 = FACE_OUTER_BOUND ( 'NONE', #433, .T. ) ;
#2057 = CARTESIAN_POINT ( 'NONE',  ( -0.7249999999999996447, 1.199999999999999956, -1.350000000000000089 ) ) ;
#2058 = VERTEX_POINT ( 'NONE', #966 ) ;
#2059 = CARTESIAN_POINT ( 'NONE',  ( -1.249999999999999778, 0.3999999999999999667, 1.349999999999999423 ) ) ;
#2060 = DIRECTION ( 'NONE',  ( 0.000000000000000000, -1.000000000000000000, 0.000000000000000000 ) ) ;
#2061 = DIRECTION ( 'NONE',  ( 0.000000000000000000, -1.000000000000000000, 0.000000000000000000 ) ) ;
#2062 = ORIENTED_EDGE ( 'NONE', *, *, #305, .T. ) ;
#2063 = ORIENTED_EDGE ( 'NONE', *, *, #416, .F. ) ;
#2064 = ORIENTED_EDGE ( 'NONE', *, *, #2166, .F. ) ;
#2065 = EDGE_CURVE ( 'NONE', #1513, #513, #151, .T. ) ;
#2066 = EDGE_CURVE ( 'NONE', #3920, #4800, #1306, .T. ) ;
#2067 = VECTOR ( 'NONE', #2870, 1000.000000000000000 ) ;
#2068 = VECTOR ( 'NONE', #1518, 1000.000000000000000 ) ;
#2069 = DIRECTION ( 'NONE',  ( -1.054085445472029485E-16, 0.000000000000000000, -1.000000000000000000 ) ) ;
#2070 = CARTESIAN_POINT ( 'NONE',  ( 0.4500000000000000111, 0.000000000000000000, -0.6500000000000017986 ) ) ;
#2071 = DIRECTION ( 'NONE',  ( -1.000000000000000000, 0.000000000000000000, -1.355252715606880543E-16 ) ) ;
#2072 = PLANE ( 'NONE',  #1211 ) ;
#2073 = EDGE_CURVE ( 'NONE', #2298, #1119, #1735, .T. ) ;
#2075 = ORIENTED_EDGE ( 'NONE', *, *, #4549, .F. ) ;
#2074 = AXIS2_PLACEMENT_3D ( 'NONE', #4576, #3380, #4901 ) ;
#2076 = EDGE_LOOP ( 'NONE', ( #386, #4352, #1370, #2541, #2485, #546, #148, #4967 ) ) ;
#2077 = DIRECTION ( 'NONE',  ( 8.538092108323363195E-15, 0.000000000000000000, 1.000000000000000000 ) ) ;
#2078 = FACE_OUTER_BOUND ( 'NONE', #527, .T. ) ;
#2079 = DIRECTION ( 'NONE',  ( -1.355252715606880543E-16, 0.000000000000000000, 1.000000000000000000 ) ) ;
#2080 = DIRECTION ( 'NONE',  ( -1.000000000000000000, 0.000000000000000000, -1.355252715606880543E-16 ) ) ;
#2081 = ORIENTED_EDGE ( 'NONE', *, *, #3744, .F. ) ;
#2082 = ORIENTED_EDGE ( 'NONE', *, *, #4202, .F. ) ;
#2083 = ORIENTED_EDGE ( 'NONE', *, *, #2073, .T. ) ;
#2084 = FACE_OUTER_BOUND ( 'NONE', #4494, .T. ) ;
#2085 = DIRECTION ( 'NONE',  ( 6.458098650248650543E-16, 0.000000000000000000, 1.000000000000000000 ) ) ;
#2086 = CARTESIAN_POINT ( 'NONE',  ( 0.4499999999999999001, 1.641974234837420665, 1.549999999999997824 ) ) ;
#2087 = PRODUCT_RELATED_PRODUCT_CATEGORY ( 'part', '', ( #4029 ) ) ;
#2088 = ORIENTED_EDGE ( 'NONE', *, *, #878, .T. ) ;
#2089 = CARTESIAN_POINT ( 'NONE',  ( -0.4499999999999998446, 1.641974234837420665, -1.000000000000001998 ) ) ;
#2090 = PLANE ( 'NONE',  #2135 ) ;
#2091 = DIRECTION ( 'NONE',  ( 0.000000000000000000, -1.000000000000000000, 0.000000000000000000 ) ) ;
#2092 = VECTOR ( 'NONE', #2387, 1000.000000000000000 ) ;
#2093 = EDGE_CURVE ( 'NONE', #2776, #4762, #3216, .T. ) ;
#2094 = ORIENTED_EDGE ( 'NONE', *, *, #3916, .T. ) ;
#2095 = ORIENTED_EDGE ( 'NONE', *, *, #74, .T. ) ;
#2096 = EDGE_LOOP ( 'NONE', ( #2642, #24, #258, #4347 ) ) ;
#2097 = DIRECTION ( 'NONE',  ( -1.000000000000000000, 0.000000000000000000, -1.355252715606880543E-16 ) ) ;
#2098 = CARTESIAN_POINT ( 'NONE',  ( 0.7250000000000000888, 0.9100000000000000311, -1.510000000000000009 ) ) ;
#2099 = CARTESIAN_POINT ( 'NONE',  ( 0.8392025475225564080, 0.9100000000000000311, 1.509999999653172331 ) ) ;
#2100 = CIRCLE ( 'NONE', #4924, 0.4350000000000001643 ) ;
#2101 = LINE ( 'NONE', #2933, #2788 ) ;
#2102 = EDGE_CURVE ( 'NONE', #2420, #3048, #2742, .T. ) ;
#2103 = EDGE_CURVE ( 'NONE', #3574, #4353, #4272, .T. ) ;
#2104 = ORIENTED_EDGE ( 'NONE', *, *, #2927, .T. ) ;
#2105 = VERTEX_POINT ( 'NONE', #102 ) ;
#2106 = DIRECTION ( 'NONE',  ( 8.809142651444739304E-15, 0.000000000000000000, -1.000000000000000000 ) ) ;
#2107 = EDGE_CURVE ( 'NONE', #602, #3651, #3157, .T. ) ;
#2108 = CARTESIAN_POINT ( 'NONE',  ( 1.200000000000000178, 0.4000000000000000222, 0.6500000000000021316 ) ) ;
#2109 = SURFACE_STYLE_FILL_AREA ( #586 ) ;
#2110 = VECTOR ( 'NONE', #2489, 1000.000000000000000 ) ;
#2111 = CIRCLE ( 'NONE', #920, 0.4350000000000000533 ) ;
#2112 = CARTESIAN_POINT ( 'NONE',  ( -0.4500000000000000111, 0.000000000000000000, 0.6500000000000017986 ) ) ;
#2113 = EDGE_LOOP ( 'NONE', ( #2145, #43, #4818, #4238 ) ) ;
#2114 = AXIS2_PLACEMENT_3D ( 'NONE', #2310, #4262, #2211 ) ;
#2115 = VECTOR ( 'NONE', #4473, 1000.000000000000000 ) ;
#2116 = CARTESIAN_POINT ( 'NONE',  ( 1.249999999999999334, 0.4000000000000000222, 1.600000000000000089 ) ) ;
#2117 = CARTESIAN_POINT ( 'NONE',  ( 1.200000000000000178, 0.4000000000000000222, -0.6500000000000016875 ) ) ;
#2118 = ORIENTED_EDGE ( 'NONE', *, *, #989, .F. ) ;
#2119 = VECTOR ( 'NONE', #4160, 1000.000000000000000 ) ;
#2120 = ORIENTED_EDGE ( 'NONE', *, *, #312, .F. ) ;
#2121 = PLANE ( 'NONE',  #759 ) ;
#2122 = LINE ( 'NONE', #2167, #1390 ) ;
#2123 = PLANE ( 'NONE',  #3320 ) ;
#2124 = AXIS2_PLACEMENT_3D ( 'NONE', #3108, #1611, #4183 ) ;
#2125 = VERTEX_POINT ( 'NONE', #1678 ) ;
#2126 = VERTEX_POINT ( 'NONE', #2768 ) ;
#2127 = AXIS2_PLACEMENT_3D ( 'NONE', #1260, #940, #909 ) ;
#2128 = LINE ( 'NONE', #3673, #96 ) ;
#2129 = FACE_OUTER_BOUND ( 'NONE', #1925, .T. ) ;
#2130 = EDGE_CURVE ( 'NONE', #2739, #977, #522, .T. ) ;
#2131 = CARTESIAN_POINT ( 'NONE',  ( 1.094999999999999973, 1.010000000000000009, -0.3583333333333337256 ) ) ;
#2132 = CARTESIAN_POINT ( 'NONE',  ( -0.7250000000000000888, 0.9100000000000000311, 1.509999999999999787 ) ) ;
#2133 = VERTEX_POINT ( 'NONE', #939 ) ;
#2134 = ORIENTED_EDGE ( 'NONE', *, *, #3429, .F. ) ;
#2135 = AXIS2_PLACEMENT_3D ( 'NONE', #2924, #3606, #1385 ) ;
#2136 = DIRECTION ( 'NONE',  ( -1.000000000000000000, 0.000000000000000000, 0.000000000000000000 ) ) ;
#2137 = LINE ( 'NONE', #4760, #2511 ) ;
#2138 = CARTESIAN_POINT ( 'NONE',  ( -1.249999999999999334, 0.000000000000000000, -1.600000000000000089 ) ) ;
#2139 = DIRECTION ( 'NONE',  ( 0.000000000000000000, 0.000000000000000000, 1.000000000000000000 ) ) ;
#2140 = VERTEX_POINT ( 'NONE', #2442 ) ;
#2141 = VECTOR ( 'NONE', #4357, 1000.000000000000000 ) ;
#2142 = LINE ( 'NONE', #4064, #847 ) ;
#2143 = CYLINDRICAL_SURFACE ( 'NONE', #2577, 0.08999999999999980238 ) ;
#2144 = ADVANCED_FACE ( 'NONE', ( #4327 ), #883, .F. ) ;
#2145 = ORIENTED_EDGE ( 'NONE', *, *, #2233, .T. ) ;
#2146 = CARTESIAN_POINT ( 'NONE',  ( 1.199999999999999956, 0.4000000000000000222, -1.355051025721681679 ) ) ;
#2147 = LINE ( 'NONE', #4012, #2067 ) ;
#2148 = DIRECTION ( 'NONE',  ( 1.000000000000000000, 0.000000000000000000, 1.355252715606880543E-16 ) ) ;
#2149 = ORIENTED_EDGE ( 'NONE', *, *, #1143, .F. ) ;
#2150 = CARTESIAN_POINT ( 'NONE',  ( 0.7249999999999999778, 0.9000000000000000222, -1.510000000000000009 ) ) ;
#2151 = FACE_OUTER_BOUND ( 'NONE', #2494, .T. ) ;
#2152 = LINE ( 'NONE', #1419, #3754 ) ;
#2153 = CARTESIAN_POINT ( 'NONE',  ( -0.7250000000000000888, 1.010000000000000009, 1.444999999999999840 ) ) ;
#2154 = VERTEX_POINT ( 'NONE', #3612 ) ;
#2155 = ORIENTED_EDGE ( 'NONE', *, *, #4024, .F. ) ;
#2156 = AXIS2_PLACEMENT_3D ( 'NONE', #3878, #85, #1296 ) ;
#2157 = LINE ( 'NONE', #2178, #2593 ) ;
#2158 = CARTESIAN_POINT ( 'NONE',  ( -0.7249999999999999778, 0.9000000000000000222, 1.074999999999999734 ) ) ;
#2159 = CARTESIAN_POINT ( 'NONE',  ( 1.199999999999999956, 0.3999999999999999667, -1.355051025721681679 ) ) ;
#2160 =( GEOMETRIC_REPRESENTATION_CONTEXT ( 3 ) GLOBAL_UNCERTAINTY_ASSIGNED_CONTEXT ( ( #3589 ) ) GLOBAL_UNIT_ASSIGNED_CONTEXT ( ( #2209, #2674, #2234 ) ) REPRESENTATION_CONTEXT ( 'NONE', 'WORKASPACE' ) );
#2161 = ORIENTED_EDGE ( 'NONE', *, *, #1980, .F. ) ;
#2162 = CYLINDRICAL_SURFACE ( 'NONE', #4297, 0.2000000000000005107 ) ;
#2163 = SURFACE_SIDE_STYLE ('',( #4474 ) ) ;
#2164 = ORIENTED_EDGE ( 'NONE', *, *, #4331, .T. ) ;
#2165 = CARTESIAN_POINT ( 'NONE',  ( -1.160000000000000142, 0.9100000000000000311, 1.074999999999999067 ) ) ;
#2166 = EDGE_CURVE ( 'NONE', #412, #3181, #3164, .T. ) ;
#2167 = CARTESIAN_POINT ( 'NONE',  ( 1.160000000000000142, -9.099999999999999645, 0.1500000000000001610 ) ) ;
#2168 = CARTESIAN_POINT ( 'NONE',  ( -0.7250000000000000888, 5.970014005574767246, 1.424999999999999822 ) ) ;
#2169 = VERTEX_POINT ( 'NONE', #2170 ) ;
#2170 = CARTESIAN_POINT ( 'NONE',  ( 1.049999999999999156, 0.3999999999999999667, -1.599999999999999867 ) ) ;
#2171 = LINE ( 'NONE', #1366, #1150 ) ;
#2172 = COLOUR_RGB ( '',0.9686274509803921573, 0.8784313725490195957, 0.5999999999999999778 ) ;
#2173 = CARTESIAN_POINT ( 'NONE',  ( -0.9999999999999997780, 1.199999999999999956, -1.074999999999999956 ) ) ;
#2174 = CARTESIAN_POINT ( 'NONE',  ( 0.9999999999999997780, 1.199999999999999956, 1.074999999999999956 ) ) ;
#2175 = EDGE_LOOP ( 'NONE', ( #3691, #3050, #4321, #3901 ) ) ;
#2176 = ORIENTED_EDGE ( 'NONE', *, *, #3985, .T. ) ;
#2177 = CARTESIAN_POINT ( 'NONE',  ( -1.249999999999999778, 0.3999999999999999667, 1.399999999999999245 ) ) ;
#2178 = CARTESIAN_POINT ( 'NONE',  ( -1.249999999999999778, 0.000000000000000000, -1.349999999999999867 ) ) ;
#2179 = AXIS2_PLACEMENT_3D ( 'NONE', #1352, #2864, #659 ) ;
#2180 = DIRECTION ( 'NONE',  ( 0.000000000000000000, 1.000000000000000000, 0.000000000000000000 ) ) ;
#2181 = CARTESIAN_POINT ( 'NONE',  ( -1.250000000000000000, 0.000000000000000000, -0.1500000000000001610 ) ) ;
#2182 = VERTEX_POINT ( 'NONE', #701 ) ;
#2183 = AXIS2_PLACEMENT_3D ( 'NONE', #3884, #1479, #344 ) ;
#2184 = AXIS2_PLACEMENT_3D ( 'NONE', #4978, #48, #3404 ) ;
#2185 = CARTESIAN_POINT ( 'NONE',  ( -1.200000000000000178, 0.4000000000000000222, 0.6500000000000016875 ) ) ;
#2186 = EDGE_CURVE ( 'NONE', #3574, #3841, #2906, .T. ) ;
#2187 = FACE_OUTER_BOUND ( 'NONE', #3407, .T. ) ;
#2188 = VECTOR ( 'NONE', #4008, 1000.000000000000000 ) ;
#2189 = VECTOR ( 'NONE', #2725, 1000.000000000000000 ) ;
#2190 = ADVANCED_FACE ( 'NONE', ( #1091 ), #3699, .F. ) ;
#2191 = DIRECTION ( 'NONE',  ( 0.000000000000000000, 1.000000000000000000, 0.000000000000000000 ) ) ;
#2192 = VECTOR ( 'NONE', #3804, 1000.000000000000000 ) ;
#2193 = LINE ( 'NONE', #2888, #529 ) ;
#2194 = DIRECTION ( 'NONE',  ( -0.000000000000000000, -1.000000000000000000, 0.000000000000000000 ) ) ;
#2195 = ORIENTED_EDGE ( 'NONE', *, *, #2630, .T. ) ;
#2196 = VECTOR ( 'NONE', #3730, 1000.000000000000000 ) ;
#2197 = MANIFOLD_SOLID_BREP ( 'Fillet1', #521 ) ;
#2198 = CARTESIAN_POINT ( 'NONE',  ( 0.4499999999999997891, 0.000000000000000000, 0.6500000000000020206 ) ) ;
#2199 = CARTESIAN_POINT ( 'NONE',  ( -1.250000000000000000, -9.099999999999999645, 0.1499999999999998279 ) ) ;
#2200 = LINE ( 'NONE', #3767, #670 ) ;
#2201 = CARTESIAN_POINT ( 'NONE',  ( 1.094999999999999973, 1.010000000000000009, 0.3583333333333336701 ) ) ;
#2202 = ORIENTED_EDGE ( 'NONE', *, *, #3933, .T. ) ;
#2203 = ORIENTED_EDGE ( 'NONE', *, *, #2458, .F. ) ;
#2204 = VECTOR ( 'NONE', #1268, 1000.000000000000000 ) ;
#2205 = DIRECTION ( 'NONE',  ( 1.000000000000000000, 0.000000000000000000, 1.355252715606880543E-16 ) ) ;
#2206 = LINE ( 'NONE', #3681, #4870 ) ;
#2207 = FACE_OUTER_BOUND ( 'NONE', #2096, .T. ) ;
#2208 = CARTESIAN_POINT ( 'NONE',  ( -0.9520642674892562107, 0.9100000000000000311, -1.463118632143040054 ) ) ;
#2209 =( LENGTH_UNIT ( ) NAMED_UNIT ( * ) SI_UNIT ( .MILLI., .METRE. ) );
#2210 = CARTESIAN_POINT ( 'NONE',  ( -0.9999999999999993339, 1.641974234837420665, 1.599999999999999645 ) ) ;
#2211 = DIRECTION ( 'NONE',  ( -1.355252715606880543E-16, 0.000000000000000000, 1.000000000000000000 ) ) ;
#2212 = AXIS2_PLACEMENT_3D ( 'NONE', #1881, #1214, #3797 ) ;
#2213 = EDGE_CURVE ( 'NONE', #446, #1645, #3354, .T. ) ;
#2214 = VERTEX_POINT ( 'NONE', #2560 ) ;
#2215 = DIRECTION ( 'NONE',  ( 6.160239616395062606E-17, 0.000000000000000000, 1.000000000000000000 ) ) ;
#2216 = DIRECTION ( 'NONE',  ( -1.000000000000000000, 0.000000000000000000, 0.000000000000000000 ) ) ;
#2217 = DIRECTION ( 'NONE',  ( 1.000000000000000000, 0.000000000000000000, 0.000000000000000000 ) ) ;
#2218 = EDGE_LOOP ( 'NONE', ( #2134, #2094, #4237, #657 ) ) ;
#2219 =( NAMED_UNIT ( * ) PLANE_ANGLE_UNIT ( ) SI_UNIT ( $, .RADIAN. ) );
#2220 = LINE ( 'NONE', #2521, #3223 ) ;
#2221 = DIRECTION ( 'NONE',  ( -0.000000000000000000, -1.000000000000000000, 0.000000000000000000 ) ) ;
#2222 = EDGE_CURVE ( 'NONE', #4082, #1397, #1365, .T. ) ;
#2223 = VERTEX_POINT ( 'NONE', #631 ) ;
#2224 = ORIENTED_EDGE ( 'NONE', *, *, #833, .T. ) ;
#2225 = ADVANCED_FACE ( 'NONE', ( #1043 ), #653, .F. ) ;
#2226 = VERTEX_POINT ( 'NONE', #1781 ) ;
#2227 = B_SPLINE_CURVE_WITH_KNOTS ( 'NONE', 3,
 ( #3746, #1044, #2539, #1760 ),
 .UNSPECIFIED., .F., .F.,
 ( 4, 4 ),
 ( 0.000000000000000000, 1.000000000000000000 ),
 .UNSPECIFIED. ) ;
#2228 = DIRECTION ( 'NONE',  ( -1.000000000000000000, 0.000000000000000000, 0.000000000000000000 ) ) ;
#2229 = CARTESIAN_POINT ( 'NONE',  ( 1.049999999999999156, 1.641974234837420665, 1.600000000000000089 ) ) ;
#2230 = EDGE_CURVE ( 'NONE', #2030, #1717, #3130, .T. ) ;
#2231 = CYLINDRICAL_SURFACE ( 'NONE', #2343, 0.4350000000000001643 ) ;
#2232 = DIRECTION ( 'NONE',  ( -1.000000000000000000, 0.000000000000000000, 0.000000000000000000 ) ) ;
#2233 = EDGE_CURVE ( 'NONE', #1883, #3048, #2538, .T. ) ;
#2234 =( NAMED_UNIT ( * ) SI_UNIT ( $, .STERADIAN. ) SOLID_ANGLE_UNIT ( ) );
#2235 = ORIENTED_EDGE ( 'NONE', *, *, #1592, .T. ) ;
#2236 = CIRCLE ( 'NONE', #4657, 0.2750000000000000777 ) ;
#2237 = CARTESIAN_POINT ( 'NONE',  ( -1.159999999999999698, 0.9100000000000000311, -1.074999999999999956 ) ) ;
#2238 = DIRECTION ( 'NONE',  ( 0.000000000000000000, 1.000000000000000000, 0.000000000000000000 ) ) ;
#2239 = MECHANICAL_DESIGN_GEOMETRIC_PRESENTATION_REPRESENTATION (  '', ( #721 ), #2160 ) ;
#2240 = DIRECTION ( 'NONE',  ( 1.000000000000000000, 0.000000000000000000, 9.168604081462411628E-16 ) ) ;
#2241 = FACE_OUTER_BOUND ( 'NONE', #1279, .T. ) ;
#2242 = CARTESIAN_POINT ( 'NONE',  ( 0.7249999999999998668, 1.050000000000000044, -1.074999999999999956 ) ) ;
#2243 = EDGE_LOOP ( 'NONE', ( #3554, #183, #108, #3190 ) ) ;
#2244 = LINE ( 'NONE', #1943, #2019 ) ;
#2245 = EDGE_CURVE ( 'NONE', #1637, #425, #2969, .T. ) ;
#2246 = LINE ( 'NONE', #1851, #1287 ) ;
#2247 = ORIENTED_EDGE ( 'NONE', *, *, #239, .F. ) ;
#2248 = ORIENTED_EDGE ( 'NONE', *, *, #4899, .T. ) ;
#2249 = MECHANICAL_DESIGN_GEOMETRIC_PRESENTATION_REPRESENTATION (  '', ( #666 ), #907 ) ;
#2250 = DIRECTION ( 'NONE',  ( -1.355252715606880543E-16, 0.000000000000000000, 1.000000000000000000 ) ) ;
#2251 = CARTESIAN_POINT ( 'NONE',  ( 1.160000000000000142, -9.099999999999999645, -0.1499999999999998002 ) ) ;
#2252 = EDGE_CURVE ( 'NONE', #3702, #609, #2128, .T. ) ;
#2253 = CARTESIAN_POINT ( 'NONE',  ( -0.7250000000000000888, 0.9100000000000001421, 1.445000000000000062 ) ) ;
#2254 = CARTESIAN_POINT ( 'NONE',  ( -1.160000000000000142, 0.9100000000000000311, 1.074999999999999067 ) ) ;
#2255 = EDGE_LOOP ( 'NONE', ( #1289, #2529, #3743, #2875 ) ) ;
#2256 = MECHANICAL_DESIGN_GEOMETRIC_PRESENTATION_REPRESENTATION (  '', ( #4675 ), #101 ) ;
#2257 = ORIENTED_EDGE ( 'NONE', *, *, #997, .T. ) ;
#2258 = VERTEX_POINT ( 'NONE', #2150 ) ;
#2259 = EDGE_CURVE ( 'NONE', #4335, #2058, #3375, .T. ) ;
#2260 = AXIS2_PLACEMENT_3D ( 'NONE', #1322, #2837, #2228 ) ;
#2261 = DIRECTION ( 'NONE',  ( 0.000000000000000000, 1.000000000000000000, 0.000000000000000000 ) ) ;
#2262 = CARTESIAN_POINT ( 'NONE',  ( 0.7249999999999999778, 1.010000000000000009, -1.445000000000000062 ) ) ;
#2263 = ORIENTED_EDGE ( 'NONE', *, *, #4642, .T. ) ;
#2264 = EDGE_CURVE ( 'NONE', #3102, #732, #254, .T. ) ;
#2265 = PLANE ( 'NONE',  #2344 ) ;
#2266 = DIRECTION ( 'NONE',  ( 0.000000000000000000, 1.000000000000000000, 0.000000000000000000 ) ) ;
#2267 = CARTESIAN_POINT ( 'NONE',  ( 0.7249999999999999778, 1.050000000000000044, 1.424999999999999600 ) ) ;
#2268 = AXIS2_PLACEMENT_3D ( 'NONE', #2089, #1384, #4871 ) ;
#2269 = VERTEX_POINT ( 'NONE', #4249 ) ;
#2270 = CIRCLE ( 'NONE', #2418, 0.2500000000000002220 ) ;
#2271 = SURFACE_SIDE_STYLE ('',( #2997 ) ) ;
#2272 = SURFACE_SIDE_STYLE ('',( #1021 ) ) ;
#2273 = VECTOR ( 'NONE', #2887, 1000.000000000000000 ) ;
#2274 = ORIENTED_EDGE ( 'NONE', *, *, #2276, .F. ) ;
#2275 = VERTEX_POINT ( 'NONE', #3043 ) ;
#2276 = EDGE_CURVE ( 'NONE', #1231, #4269, #803, .T. ) ;
#2277 = LINE ( 'NONE', #3821, #1002 ) ;
#2278 = CARTESIAN_POINT ( 'NONE',  ( 0.7250000000000000888, 1.125000000000000222, -1.425000000000000044 ) ) ;
#2279 = DIRECTION ( 'NONE',  ( -1.000000000000000000, 0.000000000000000000, -1.355252715606880543E-16 ) ) ;
#2280 = CARTESIAN_POINT ( 'NONE',  ( -1.249999999999999778, 0.000000000000000000, 1.599999999999999645 ) ) ;
#2281 = VERTEX_POINT ( 'NONE', #1533 ) ;
#2282 = VERTEX_POINT ( 'NONE', #4271 ) ;
#2283 = EDGE_LOOP ( 'NONE', ( #676, #2973, #283, #4504 ) ) ;
#2284 = STYLED_ITEM ( 'NONE', ( #837 ), #540 ) ;
#2285 = CARTESIAN_POINT ( 'NONE',  ( -0.9999999999999993339, 0.000000000000000000, 1.599999999999999645 ) ) ;
#2286 = CYLINDRICAL_SURFACE ( 'NONE', #3237, 0.4350000000000001088 ) ;
#2287 = ORIENTED_EDGE ( 'NONE', *, *, #4858, .T. ) ;
#2288 = ADVANCED_FACE ( 'NONE', ( #443 ), #3453, .T. ) ;
#2289 = CARTESIAN_POINT ( 'NONE',  ( -1.160000000000000142, 0.000000000000000000, -0.1500000000000001610 ) ) ;
#2290 = COLOUR_RGB ( '',0.9686274509803921573, 0.8784313725490195957, 0.5999999999999999778 ) ;
#2291 = FACE_OUTER_BOUND ( 'NONE', #2564, .T. ) ;
#2292 = PRESENTATION_STYLE_ASSIGNMENT (( #2654 ) ) ;
#2293 = EDGE_CURVE ( 'NONE', #3162, #1388, #1485, .T. ) ;
#2294 = ORIENTED_EDGE ( 'NONE', *, *, #56, .F. ) ;
#2295 = CYLINDRICAL_SURFACE ( 'NONE', #1237, 0.3500000000000000333 ) ;
#2296 = FILL_AREA_STYLE ('',( #4224 ) ) ;
#2297 =( LENGTH_UNIT ( ) NAMED_UNIT ( * ) SI_UNIT ( .MILLI., .METRE. ) );
#2298 = VERTEX_POINT ( 'NONE', #399 ) ;
#2299 = ORIENTED_EDGE ( 'NONE', *, *, #3549, .F. ) ;
#2300 = CARTESIAN_POINT ( 'NONE',  ( -1.075000000000000178, 1.050000000000000044, 1.074999999999999512 ) ) ;
#2301 = ADVANCED_BREP_SHAPE_REPRESENTATION ( 'SG-8018CE 35.0900M-TJHSA0', ( #2197, #3857, #667, #540, #2323, #590, #713, #1606 ), #564 ) ;
#2302 = CARTESIAN_POINT ( 'NONE',  ( -1.094999999999999751, 1.010000000000000009, 0.3583333333333327819 ) ) ;
#2303 = CARTESIAN_POINT ( 'NONE',  ( -0.9999999999999988898, 0.3999999999999999667, -1.599999999999997424 ) ) ;
#2304 = CARTESIAN_POINT ( 'NONE',  ( -1.159999999999999920, 0.9100000000000000311, 1.074999999999999067 ) ) ;
#2305 = VERTEX_POINT ( 'NONE', #725 ) ;
#2306 = EDGE_CURVE ( 'NONE', #2182, #3023, #4032, .T. ) ;
#2307 = ORIENTED_EDGE ( 'NONE', *, *, #1827, .F. ) ;
#2308 = ORIENTED_EDGE ( 'NONE', *, *, #2987, .T. ) ;
#2309 = LINE ( 'NONE', #1499, #2922 ) ;
#2310 = CARTESIAN_POINT ( 'NONE',  ( 1.160000000000000142, -9.099999999999999645, -0.1499999999999998002 ) ) ;
#2311 = AXIS2_PLACEMENT_3D ( 'NONE', #2356, #437, #3597 ) ;
#2312 = CARTESIAN_POINT ( 'NONE',  ( 1.200000000000000178, 0.4000000000000000222, -0.6500000000000016875 ) ) ;
#2313 = FACE_OUTER_BOUND ( 'NONE', #3511, .T. ) ;
#2314 = EDGE_CURVE ( 'NONE', #192, #4902, #1205, .T. ) ;
#2315 = AXIS2_PLACEMENT_3D ( 'NONE', #473, #452, #2797 ) ;
#2316 = ORIENTED_EDGE ( 'NONE', *, *, #394, .T. ) ;
#2317 = ADVANCED_FACE ( 'NONE', ( #377 ), #2295, .T. ) ;
#2318 = DIRECTION ( 'NONE',  ( -1.000000000000000000, 0.000000000000000000, -1.355252715606880543E-16 ) ) ;
#2319 = CARTESIAN_POINT ( 'NONE',  ( 0.2416666666666670849, 0.9099999999999999201, -1.445000000000000062 ) ) ;
#2320 = VERTEX_POINT ( 'NONE', #2342 ) ;
#2321 = ORIENTED_EDGE ( 'NONE', *, *, #3744, .T. ) ;
#2322 = DIRECTION ( 'NONE',  ( 1.000000000000000000, 0.000000000000000000, 1.355252715606880543E-16 ) ) ;
#2323 = MANIFOLD_SOLID_BREP ( 'Boss-Extrude5[3]', #2926 ) ;
#2324 = DIRECTION ( 'NONE',  ( 0.000000000000000000, -1.000000000000000000, 0.000000000000000000 ) ) ;
#2325 = LINE ( 'NONE', #4631, #1713 ) ;
#2326 = CARTESIAN_POINT ( 'NONE',  ( -1.249999999999999778, 0.4000000000000000222, -1.349999999999999867 ) ) ;
#2327 = EDGE_CURVE ( 'NONE', #3443, #959, #2690, .T. ) ;
#2328 = CARTESIAN_POINT ( 'NONE',  ( 1.249999999999999778, 0.7349999999999995426, 0.1500000000000001610 ) ) ;
#2329 = VECTOR ( 'NONE', #992, 1000.000000000000000 ) ;
#2330 = VERTEX_POINT ( 'NONE', #4167 ) ;
#2331 = ORIENTED_EDGE ( 'NONE', *, *, #2803, .T. ) ;
#2332 = LINE ( 'NONE', #3923, #4943 ) ;
#2333 = LINE ( 'NONE', #4365, #4894 ) ;
#2334 = TOROIDAL_SURFACE ( 'NONE', #185, 0.2750000000000000777, 0.07499999999999999722 ) ;
#2335 = ORIENTED_EDGE ( 'NONE', *, *, #3827, .F. ) ;
#2336 = EDGE_CURVE ( 'NONE', #53, #3585, #2244, .T. ) ;
#2337 = CARTESIAN_POINT ( 'NONE',  ( -1.049999999999999156, 0.3999999999999999667, -1.600000000000000089 ) ) ;
#2338 = AXIS2_PLACEMENT_3D ( 'NONE', #1367, #2932, #4900 ) ;
#2339 = CARTESIAN_POINT ( 'NONE',  ( -1.159999999999999698, 0.9100000000000000311, 0.3583333333333328374 ) ) ;
#2340 = ORIENTED_EDGE ( 'NONE', *, *, #616, .T. ) ;
#2341 = ADVANCED_FACE ( 'NONE', ( #3479 ), #3430, .T. ) ;
#2342 = CARTESIAN_POINT ( 'NONE',  ( 1.249999999999999778, 0.000000000000000000, -1.349999999999999645 ) ) ;
#2343 = AXIS2_PLACEMENT_3D ( 'NONE', #3756, #1836, #3775 ) ;
#2344 = AXIS2_PLACEMENT_3D ( 'NONE', #2991, #4948, #1916 ) ;
#2345 = ORIENTED_EDGE ( 'NONE', *, *, #533, .F. ) ;
#2346 = COLOUR_RGB ( '',0.9686274509803921573, 0.8784313725490195957, 0.5999999999999999778 ) ;
#2347 = VERTEX_POINT ( 'NONE', #1578 ) ;
#2348 = AXIS2_PLACEMENT_3D ( 'NONE', #3095, #4643, #4188 ) ;
#2349 = ORIENTED_EDGE ( 'NONE', *, *, #4361, .F. ) ;
#2350 = LINE ( 'NONE', #2300, #4679 ) ;
#2351 = FACE_OUTER_BOUND ( 'NONE', #895, .T. ) ;
#2352 = CARTESIAN_POINT ( 'NONE',  ( -0.7249999999999996447, 1.199999999999999956, -1.350000000000000089 ) ) ;
#2353 = ORIENTED_EDGE ( 'NONE', *, *, #4062, .T. ) ;
#2354 = VERTEX_POINT ( 'NONE', #3788 ) ;
#2355 = CARTESIAN_POINT ( 'NONE',  ( 1.049999999999999822, 0.9000000000000000222, -1.600000000000000089 ) ) ;
#2356 = CARTESIAN_POINT ( 'NONE',  ( -0.7249999999999999778, 1.050000000000000044, 1.074999999999999734 ) ) ;
#2357 = CIRCLE ( 'NONE', #216, 0.2500000000000002220 ) ;
#2358 = CIRCLE ( 'NONE', #611, 0.2500000000000002220 ) ;
#2359 = CARTESIAN_POINT ( 'NONE',  ( -1.249999999999999778, 0.2850000000000005307, -0.2399999999999999634 ) ) ;
#2360 = CARTESIAN_POINT ( 'NONE',  ( -1.249999999999999778, 1.641974234837420665, -1.349999999999999867 ) ) ;
#2361 = ADVANCED_FACE ( 'NONE', ( #1134 ), #3814, .F. ) ;
#2362 = ORIENTED_EDGE ( 'NONE', *, *, #3594, .F. ) ;
#2363 = STYLED_ITEM ( 'NONE', ( #3924 ), #1247 ) ;
#2364 = PLANE ( 'NONE',  #4045 ) ;
#2365 = DIRECTION ( 'NONE',  ( 1.000000000000000000, 0.000000000000000000, -4.795803777790776160E-16 ) ) ;
#2366 = VECTOR ( 'NONE', #1261, 1000.000000000000000 ) ;
#2367 = ORIENTED_EDGE ( 'NONE', *, *, #486, .T. ) ;
#2368 = ORIENTED_EDGE ( 'NONE', *, *, #1719, .F. ) ;
#2369 = ORIENTED_EDGE ( 'NONE', *, *, #118, .T. ) ;
#2370 = DIRECTION ( 'NONE',  ( -1.000000000000000000, 0.000000000000000000, -1.355252715606880543E-16 ) ) ;
#2371 = CARTESIAN_POINT ( 'NONE',  ( 1.159999999999999920, 0.9100000000000000311, -1.074999999999999956 ) ) ;
#2372 = CARTESIAN_POINT ( 'NONE',  ( -0.4499999999999998446, 0.4000000000000000222, -1.000000000000001998 ) ) ;
#2373 = FACE_OUTER_BOUND ( 'NONE', #1674, .T. ) ;
#2374 = EDGE_CURVE ( 'NONE', #1566, #2226, #3577, .T. ) ;
#2375 = ADVANCED_FACE ( 'NONE', ( #2730 ), #2364, .F. ) ;
#2376 = VERTEX_POINT ( 'NONE', #1646 ) ;
#2377 = ORIENTED_EDGE ( 'NONE', *, *, #621, .T. ) ;
#2378 = EDGE_CURVE ( 'NONE', #3181, #2282, #4580, .T. ) ;
#2379 = DIRECTION ( 'NONE',  ( 0.000000000000000000, -1.000000000000000000, 0.000000000000000000 ) ) ;
#2380 = CARTESIAN_POINT ( 'NONE',  ( 1.094999999999999973, 1.010000000000000009, 1.172137799044219220 ) ) ;
#2381 = SURFACE_STYLE_USAGE ( .BOTH. , #3269 ) ;
#2382 = DIRECTION ( 'NONE',  ( 1.000000000000000000, 0.000000000000000000, 0.000000000000000000 ) ) ;
#2383 = LINE ( 'NONE', #3117, #3474 ) ;
#2384 = ORIENTED_EDGE ( 'NONE', *, *, #770, .F. ) ;
#2385 = VECTOR ( 'NONE', #3904, 1000.000000000000000 ) ;
#2386 = DIRECTION ( 'NONE',  ( -0.000000000000000000, 1.000000000000000000, -0.000000000000000000 ) ) ;
#2387 = DIRECTION ( 'NONE',  ( -0.000000000000000000, -1.000000000000000000, 0.000000000000000000 ) ) ;
#2388 = ORIENTED_EDGE ( 'NONE', *, *, #3827, .T. ) ;
#2389 = VERTEX_POINT ( 'NONE', #488 ) ;
#2390 = CARTESIAN_POINT ( 'NONE',  ( -0.9999999999999988898, 0.4000000000000000222, -1.599999999999997424 ) ) ;
#2391 =( NAMED_UNIT ( * ) PLANE_ANGLE_UNIT ( ) SI_UNIT ( $, .RADIAN. ) );
#2392 = EDGE_CURVE ( 'NONE', #4651, #2354, #1275, .T. ) ;
#2393 = CARTESIAN_POINT ( 'NONE',  ( -0.4499999999999998446, 0.4000000000000000222, -1.000000000000001998 ) ) ;
#2394 = CARTESIAN_POINT ( 'NONE',  ( -1.094999999999999973, 1.050000000000000044, 1.074999999999999289 ) ) ;
#2395 = EDGE_LOOP ( 'NONE', ( #1152, #539, #4406, #2369 ) ) ;
#2396 = ORIENTED_EDGE ( 'NONE', *, *, #3452, .T. ) ;
#2397 = EDGE_CURVE ( 'NONE', #3809, #2376, #1946, .T. ) ;
#2398 = CARTESIAN_POINT ( 'NONE',  ( 1.249999999999999778, 0.000000000000000000, -1.349999999999999645 ) ) ;
#2399 = CARTESIAN_POINT ( 'NONE',  ( 0.7250000000000000888, 1.010000000000000009, 1.444999999999999840 ) ) ;
#2400 = FILL_AREA_STYLE_COLOUR ( '', #3030 ) ;
#2401 = ORIENTED_EDGE ( 'NONE', *, *, #250, .F. ) ;
#2402 = CARTESIAN_POINT ( 'NONE',  ( 1.250000000000000000, 0.000000000000000000, 1.600000000000000089 ) ) ;
#2403 = DIRECTION ( 'NONE',  ( 1.355252715606880543E-16, 0.000000000000000000, -1.000000000000000000 ) ) ;
#2404 = EDGE_CURVE ( 'NONE', #2599, #1852, #115, .T. ) ;
#2405 = EDGE_LOOP ( 'NONE', ( #3592, #1920, #328, #4311 ) ) ;
#2406 = VECTOR ( 'NONE', #4904, 1000.000000000000000 ) ;
#2407 = DIRECTION ( 'NONE',  ( 0.000000000000000000, -1.000000000000000000, 0.000000000000000000 ) ) ;
#2408 = LINE ( 'NONE', #3501, #510 ) ;
#2409 = DIRECTION ( 'NONE',  ( 1.000000000000000000, 0.000000000000000000, 0.000000000000000000 ) ) ;
#2410 = ORIENTED_EDGE ( 'NONE', *, *, #3055, .T. ) ;
#2411 = ORIENTED_EDGE ( 'NONE', *, *, #1264, .T. ) ;
#2412 = EDGE_LOOP ( 'NONE', ( #3967, #3189, #4172, #583 ) ) ;
#2413 = FACE_OUTER_BOUND ( 'NONE', #4277, .T. ) ;
#2414 = FILL_AREA_STYLE ('',( #1335 ) ) ;
#2415 = CARTESIAN_POINT ( 'NONE',  ( -1.249999999999999778, 0.4000000000000000222, 1.599999999999999645 ) ) ;
#2416 = CARTESIAN_POINT ( 'NONE',  ( -1.005051025721681812, 0.000000000000000000, -1.549999999999997824 ) ) ;
#2417 = UNCERTAINTY_MEASURE_WITH_UNIT (LENGTH_MEASURE( 1.000000000000000082E-05 ), #2297, 'distance_accuracy_value', 'NONE');
#2418 = AXIS2_PLACEMENT_3D ( 'NONE', #2028, #1667, #67 ) ;
#2419 = AXIS2_PLACEMENT_3D ( 'NONE', #4545, #1574, #1108 ) ;
#2420 = VERTEX_POINT ( 'NONE', #4011 ) ;
#2421 = EDGE_CURVE ( 'NONE', #3639, #3256, #3911, .T. ) ;
#2422 = ORIENTED_EDGE ( 'NONE', *, *, #4401, .T. ) ;
#2423 = B_SPLINE_CURVE_WITH_KNOTS ( 'NONE', 3,
 ( #3179, #4235, #3226, #1302 ),
 .UNSPECIFIED., .F., .F.,
 ( 4, 4 ),
 ( 0.000000000000000000, 1.000000000000000000 ),
 .UNSPECIFIED. ) ;
#2424 = CIRCLE ( 'NONE', #683, 0.2500000000000002220 ) ;
#2425 = PLANE ( 'NONE',  #2433 ) ;
#2426 = DIRECTION ( 'NONE',  ( 1.000000000000000000, 0.000000000000000000, 0.000000000000000000 ) ) ;
#2427 = DIRECTION ( 'NONE',  ( -1.355252715606880543E-16, 0.000000000000000000, 1.000000000000000000 ) ) ;
#2428 = DIRECTION ( 'NONE',  ( -1.000000000000000000, 0.000000000000000000, 6.458098650248651529E-16 ) ) ;
#2429 = DIRECTION ( 'NONE',  ( -6.085084693074930239E-14, 0.000000000000000000, 1.000000000000000000 ) ) ;
#2430 = DIRECTION ( 'NONE',  ( -1.000000000000000000, 0.000000000000000000, -1.355252715606880789E-16 ) ) ;
#2431 = EDGE_CURVE ( 'NONE', #1017, #40, #95, .T. ) ;
#2432 = ORIENTED_EDGE ( 'NONE', *, *, #4540, .T. ) ;
#2433 = AXIS2_PLACEMENT_3D ( 'NONE', #1343, #4389, #3191 ) ;
#2434 = EDGE_CURVE ( 'NONE', #2126, #3703, #4668, .T. ) ;
#2435 = CARTESIAN_POINT ( 'NONE',  ( 1.250000000000000000, 0.9000000000000000222, 1.600000000000000089 ) ) ;
#2436 = ADVANCED_FACE ( 'NONE', ( #4348 ), #901, .F. ) ;
#2437 = FILL_AREA_STYLE ('',( #1601 ) ) ;
#2438 = PLANE ( 'NONE',  #2916 ) ;
#2439 = ORIENTED_EDGE ( 'NONE', *, *, #4403, .F. ) ;
#2440 = ORIENTED_EDGE ( 'NONE', *, *, #826, .T. ) ;
#2441 = ORIENTED_EDGE ( 'NONE', *, *, #1220, .F. ) ;
#2442 = CARTESIAN_POINT ( 'NONE',  ( 1.249999999999999334, 0.3999999999999999667, -1.399999999999999467 ) ) ;
#2443 = CARTESIAN_POINT ( 'NONE',  ( 1.159999999999999920, 0.9000000000000000222, 1.074999999999999956 ) ) ;
#2444 = DIRECTION ( 'NONE',  ( -0.000000000000000000, -1.000000000000000000, 0.000000000000000000 ) ) ;
#2445 = VECTOR ( 'NONE', #4470, 1000.000000000000000 ) ;
#2446 = CARTESIAN_POINT ( 'NONE',  ( -0.2416666666666659469, 0.9099999999999999201, 1.445000000000000062 ) ) ;
#2447 = ORIENTED_EDGE ( 'NONE', *, *, #4480, .T. ) ;
#2448 = ORIENTED_EDGE ( 'NONE', *, *, #4955, .T. ) ;
#2449 = CARTESIAN_POINT ( 'NONE',  ( 0.7250000000000000888, 0.9000000000000000222, 1.509999999999999787 ) ) ;
#2450 = EDGE_CURVE ( 'NONE', #2347, #3639, #4769, .T. ) ;
#2451 = DIRECTION ( 'NONE',  ( 0.000000000000000000, 1.000000000000000000, 0.000000000000000000 ) ) ;
#2452 = CARTESIAN_POINT ( 'NONE',  ( -1.160000000000000142, 0.9000000000000000222, 1.074999999999999067 ) ) ;
#2453 = ADVANCED_FACE ( 'NONE', ( #2813 ), #3149, .T. ) ;
#2454 = DIRECTION ( 'NONE',  ( 1.000000000000000000, 0.000000000000000000, 0.000000000000000000 ) ) ;
#2455 = EDGE_LOOP ( 'NONE', ( #323, #3147, #1210, #4729 ) ) ;
#2456 = CARTESIAN_POINT ( 'NONE',  ( 1.160000000000000142, 0.2850000000000005307, -0.1499999999999998002 ) ) ;
#2457 = CARTESIAN_POINT ( 'NONE',  ( 1.005051025721681812, 1.641974234837420665, 1.549999999999997602 ) ) ;
#2458 = EDGE_CURVE ( 'NONE', #500, #3284, #2917, .T. ) ;
#2459 = CARTESIAN_POINT ( 'NONE',  ( -1.249999999999999778, 0.3999999999999999667, 1.599999999999999645 ) ) ;
#2460 = ORIENTED_EDGE ( 'NONE', *, *, #3839, .F. ) ;
#2461 = DIRECTION ( 'NONE',  ( 6.458098650248652515E-16, 0.000000000000000000, 1.000000000000000000 ) ) ;
#2462 = CARTESIAN_POINT ( 'NONE',  ( -1.005051025721681812, 0.000000000000000000, -1.549999999999997824 ) ) ;
#2463 = CYLINDRICAL_SURFACE ( 'NONE', #3640, 0.3499999999999999223 ) ;
#2464 = ORIENTED_EDGE ( 'NONE', *, *, #2905, .F. ) ;
#2465 = ADVANCED_FACE ( 'NONE', ( #932 ), #3548, .F. ) ;
#2466 = VERTEX_POINT ( 'NONE', #2059 ) ;
#2467 = CIRCLE ( 'NONE', #322, 0.2500000000000002220 ) ;
#2468 = CARTESIAN_POINT ( 'NONE',  ( 0.7249999999999998668, 0.9000000000000000222, -1.074999999999999956 ) ) ;
#2469 = DIRECTION ( 'NONE',  ( -0.000000000000000000, -1.000000000000000000, 0.000000000000000000 ) ) ;
#2470 = CARTESIAN_POINT ( 'NONE',  ( 0.4499999999999999001, 0.000000000000000000, 1.549999999999997824 ) ) ;
#2471 = DIRECTION ( 'NONE',  ( -1.000000000000000000, 0.000000000000000000, -1.355252715606880543E-16 ) ) ;
#2473 = VERTEX_POINT ( 'NONE', #3605 ) ;
#2472 = COLOUR_RGB ( '',0.7921568627450980005, 0.8196078431372548767, 0.9333333333333333481 ) ;
#2474 = EDGE_LOOP ( 'NONE', ( #625, #4476, #135, #362 ) ) ;
#2475 = EDGE_LOOP ( 'NONE', ( #2287, #1988, #914, #4578 ) ) ;
#2476 = CARTESIAN_POINT ( 'NONE',  ( -0.4499999999999999001, 0.4000000000000000222, -1.549999999999997824 ) ) ;
#2477 = CARTESIAN_POINT ( 'NONE',  ( 0.4500000000000000111, 1.641974234837420665, -0.6500000000000017986 ) ) ;
#2478 = CYLINDRICAL_SURFACE ( 'NONE', #4483, 0.08999999999999958034 ) ;
#2479 = CARTESIAN_POINT ( 'NONE',  ( -0.9999999999999993339, 0.000000000000000000, 1.599999999999999645 ) ) ;
#2480 = ORIENTED_EDGE ( 'NONE', *, *, #3954, .T. ) ;
#2481 = VERTEX_POINT ( 'NONE', #3120 ) ;
#2482 = FACE_OUTER_BOUND ( 'NONE', #3836, .T. ) ;
#2483 = LINE ( 'NONE', #2117, #923 ) ;
#2484 = VECTOR ( 'NONE', #1259, 1000.000000000000000 ) ;
#2485 = ORIENTED_EDGE ( 'NONE', *, *, #4195, .T. ) ;
#2486 = ADVANCED_FACE ( 'NONE', ( #169 ), #1695, .T. ) ;
#2487 = CARTESIAN_POINT ( 'NONE',  ( -0.4499999999999998446, 0.000000000000000000, -1.000000000000001998 ) ) ;
#2488 = LINE ( 'NONE', #4773, #3963 ) ;
#2489 = DIRECTION ( 'NONE',  ( -1.000000000000000000, 0.000000000000000000, 1.401985567869192464E-17 ) ) ;
#2490 = ADVANCED_FACE ( 'NONE', ( #4500 ), #2121, .F. ) ;
#2491 = ORIENTED_EDGE ( 'NONE', *, *, #4646, .T. ) ;
#2492 = ORIENTED_EDGE ( 'NONE', *, *, #951, .F. ) ;
#2493 = VECTOR ( 'NONE', #426, 1000.000000000000000 ) ;
#2494 = EDGE_LOOP ( 'NONE', ( #3542, #562, #3779, #4420 ) ) ;
#2495 = DIRECTION ( 'NONE',  ( 1.000000000000000000, 0.000000000000000000, 1.355252715606880543E-16 ) ) ;
#2496 = CARTESIAN_POINT ( 'NONE',  ( 0.4499999999999999001, 0.000000000000000000, 1.549999999999997824 ) ) ;
#2497 = DIRECTION ( 'NONE',  ( -1.000000000000000000, 0.000000000000000000, 0.000000000000000000 ) ) ;
#2498 = DIRECTION ( 'NONE',  ( 1.000000000000000000, 0.000000000000000000, 0.000000000000000000 ) ) ;
#2499 = VERTEX_POINT ( 'NONE', #2534 ) ;
#2500 = EDGE_LOOP ( 'NONE', ( #3313, #2082, #1521, #3708 ) ) ;
#2501 = PLANE ( 'NONE',  #1027 ) ;
#2502 = FACE_OUTER_BOUND ( 'NONE', #4903, .T. ) ;
#2503 = CARTESIAN_POINT ( 'NONE',  ( -0.7249999999999996447, 0.9100000000000000311, -1.509999999999999787 ) ) ;
#2504 = EDGE_CURVE ( 'NONE', #1387, #2473, #3041, .T. ) ;
#2505 = STYLED_ITEM ( 'NONE', ( #2292 ), #3857 ) ;
#2506 = AXIS2_PLACEMENT_3D ( 'NONE', #4802, #4069, #3713 ) ;
#2507 = DIRECTION ( 'NONE',  ( 1.355252715606880543E-16, 0.000000000000000000, -1.000000000000000000 ) ) ;
#2508 = AXIS2_PLACEMENT_3D ( 'NONE', #2360, #2004, #462 ) ;
#2509 = DIRECTION ( 'NONE',  ( 1.000000000000000000, 0.000000000000000000, 0.000000000000000000 ) ) ;
#2510 = CARTESIAN_POINT ( 'NONE',  ( 1.000000000000000444, 1.199999999999999956, -1.074999999999999734 ) ) ;
#2511 = VECTOR ( 'NONE', #188, 1000.000000000000000 ) ;
#2512 = EDGE_LOOP ( 'NONE', ( #4724, #2857, #2294, #807 ) ) ;
#2513 = CARTESIAN_POINT ( 'NONE',  ( -0.9520642674892584312, 0.9100000000000000311, 1.463118632143037390 ) ) ;
#2514 = CARTESIAN_POINT ( 'NONE',  ( 0.4500000000000000111, 0.4000000000000000222, -0.6500000000000017986 ) ) ;
#2515 = DIRECTION ( 'NONE',  ( -1.000000000000000000, 0.000000000000000000, 0.000000000000000000 ) ) ;
#2516 = EDGE_CURVE ( 'NONE', #3703, #986, #3739, .T. ) ;
#2517 = VECTOR ( 'NONE', #4131, 1000.000000000000000 ) ;
#2518 = ORIENTED_EDGE ( 'NONE', *, *, #478, .T. ) ;
#2519 = VERTEX_POINT ( 'NONE', #1754 ) ;
#2520 = SURFACE_STYLE_FILL_AREA ( #3765 ) ;
#2521 = CARTESIAN_POINT ( 'NONE',  ( -0.4499999999999999001, 0.000000000000000000, -1.549999999999997824 ) ) ;
#2522 = DIRECTION ( 'NONE',  ( 1.355252715606880543E-16, -0.000000000000000000, -1.000000000000000000 ) ) ;
#2523 = ORIENTED_EDGE ( 'NONE', *, *, #1141, .F. ) ;
#2524 = ORIENTED_EDGE ( 'NONE', *, *, #3882, .T. ) ;
#2525 = CIRCLE ( 'NONE', #2600, 0.2500000000000002220 ) ;
#2526 = CARTESIAN_POINT ( 'NONE',  ( 1.159999999999999920, 0.9100000000000000311, 1.074999999999999956 ) ) ;
#2527 = CARTESIAN_POINT ( 'NONE',  ( -0.4500000000000002887, 0.000000000000000000, 1.549999999999997824 ) ) ;
#2528 = CARTESIAN_POINT ( 'NONE',  ( -1.200000000000000178, 0.000000000000000000, -0.6500000000000021316 ) ) ;
#2529 = ORIENTED_EDGE ( 'NONE', *, *, #2066, .F. ) ;
#2530 = EDGE_CURVE ( 'NONE', #2873, #732, #4891, .T. ) ;
#2531 =( BOUNDED_SURFACE ( )  B_SPLINE_SURFACE ( 2, 3, ( 
 ( #3903, #4640, #1218, #1269, #3492, #38 ),
 ( #3976, #1615, #1999, #1294, #891, #3136 ),
 ( #2801, #1640, #2702, #3539, #3566, #458 ) ),
 .UNSPECIFIED., .F., .F., .F. ) 
 B_SPLINE_SURFACE_WITH_KNOTS ( ( 3, 3 ),
 ( 4, 2, 4 ),
 ( 0.000000000000000000, 1.000000000000000000 ),
 ( 6.283185307179585344, 7.068583470577033623, 7.853981633974482790 ),
 .UNSPECIFIED. ) 
 GEOMETRIC_REPRESENTATION_ITEM ( )  RATIONAL_B_SPLINE_SURFACE ( (
 ( 1.000000000000000000, 1.000000000000000000, 1.000000000000000000, 1.000000000000000000, 1.000000000000000000, 1.000000000000000000),
 ( 0.7071067811865475727, 0.7071067811865475727, 0.7071067811865475727, 0.7071067811865475727, 0.7071067811865475727, 0.7071067811865475727),
 ( 1.000000000000000000, 1.000000000000000000, 1.000000000000000000, 1.000000000000000000, 1.000000000000000000, 1.000000000000000000) ) ) 
 REPRESENTATION_ITEM ( '' )  SURFACE ( )  );
#2532 = CARTESIAN_POINT ( 'NONE',  ( 1.249999999999999334, 0.3999999999999999667, 1.600000000000000089 ) ) ;
#2533 = FILL_AREA_STYLE_COLOUR ( '', #4464 ) ;
#2534 = CARTESIAN_POINT ( 'NONE',  ( -0.9999999999999993339, 0.3999999999999999667, 1.599999999999999645 ) ) ;
#2535 = DIRECTION ( 'NONE',  ( 0.000000000000000000, 0.000000000000000000, 1.000000000000000000 ) ) ;
#2536 = CARTESIAN_POINT ( 'NONE',  ( 1.249999999999999778, 0.000000000000000000, -1.599999999999999645 ) ) ;
#2537 = ORIENTED_EDGE ( 'NONE', *, *, #4946, .T. ) ;
#2538 = LINE ( 'NONE', #2198, #176 ) ;
#2539 = CARTESIAN_POINT ( 'NONE',  ( -0.2416666666666666685, 1.010000000000000009, -1.445000000000000062 ) ) ;
#2540 = DIRECTION ( 'NONE',  ( -0.000000000000000000, -1.000000000000000000, 0.000000000000000000 ) ) ;
#2541 = ORIENTED_EDGE ( 'NONE', *, *, #4019, .T. ) ;
#2542 = ORIENTED_EDGE ( 'NONE', *, *, #2583, .T. ) ;
#2543 = VECTOR ( 'NONE', #3541, 1000.000000000000000 ) ;
#2544 = EDGE_CURVE ( 'NONE', #40, #4264, #2111, .T. ) ;
#2545 = DIRECTION ( 'NONE',  ( 1.355252715606880543E-16, 0.000000000000000000, -1.000000000000000000 ) ) ;
#2546 = DIRECTION ( 'NONE',  ( -1.000000000000000000, 0.000000000000000000, 0.000000000000000000 ) ) ;
#2547 = LINE ( 'NONE', #1880, #4862 ) ;
#2548 = CARTESIAN_POINT ( 'NONE',  ( -1.113118632143037967, 0.9100000000000000311, -1.302064267489258409 ) ) ;
#2549 = DIRECTION ( 'NONE',  ( 1.000000000000000000, 0.000000000000000000, 1.355252715606880543E-16 ) ) ;
#2550 = VERTEX_POINT ( 'NONE', #1824 ) ;
#2551 = ADVANCED_FACE ( 'NONE', ( #294 ), #1039, .F. ) ;
#2552 = PRODUCT_DEFINITION_FORMATION_WITH_SPECIFIED_SOURCE ( 'ANY', '', #4029, .NOT_KNOWN. ) ;
#2553 = CARTESIAN_POINT ( 'NONE',  ( 1.250000000000000000, 1.200000000000000178, 1.399999999999999689 ) ) ;
#2554 = CARTESIAN_POINT ( 'NONE',  ( -1.249999999999999778, 0.000000000000000000, -0.2399999999999999634 ) ) ;
#2555 = DIRECTION ( 'NONE',  ( -1.000000000000000000, 0.000000000000000000, -1.355252715606880543E-16 ) ) ;
#2556 = DIRECTION ( 'NONE',  ( 0.000000000000000000, 1.000000000000000000, 0.000000000000000000 ) ) ;
#2557 = DIRECTION ( 'NONE',  ( -0.000000000000000000, -1.000000000000000000, 0.000000000000000000 ) ) ;
#2558 = STYLED_ITEM ( 'NONE', ( #4076 ), #2197 ) ;
#2559 = ORIENTED_EDGE ( 'NONE', *, *, #4232, .T. ) ;
#2560 = CARTESIAN_POINT ( 'NONE',  ( 1.049999999999999822, 0.9000000000000000222, 1.600000000000000089 ) ) ;
#2561 = CARTESIAN_POINT ( 'NONE',  ( -1.249999999999999778, 1.200000000000000178, -1.400000000000000133 ) ) ;
#2562 = VECTOR ( 'NONE', #1608, 1000.000000000000000 ) ;
#2563 = FACE_OUTER_BOUND ( 'NONE', #191, .T. ) ;
#2564 = EDGE_LOOP ( 'NONE', ( #2591, #906, #1591, #4342 ) ) ;
#2565 = VERTEX_POINT ( 'NONE', #2487 ) ;
#2566 = PLANE ( 'NONE',  #3875 ) ;
#2567 = CARTESIAN_POINT ( 'NONE',  ( 1.159999999999999920, 0.9100000000000000311, 1.074999999999999956 ) ) ;
#2568 = VECTOR ( 'NONE', #3205, 1000.000000000000000 ) ;
#2569 = LINE ( 'NONE', #710, #4369 ) ;
#2570 = CARTESIAN_POINT ( 'NONE',  ( 0.7250000000000000888, 1.010000000000000009, 1.444999999999999840 ) ) ;
#2571 = EDGE_CURVE ( 'NONE', #2140, #858, #1454, .T. ) ;
#2572 = EDGE_CURVE ( 'NONE', #3894, #442, #4847, .T. ) ;
#2573 = MECHANICAL_DESIGN_GEOMETRIC_PRESENTATION_REPRESENTATION (  '', ( #2505 ), #114 ) ;
#2574 = AXIS2_PLACEMENT_3D ( 'NONE', #3199, #4743, #4322 ) ;
#2575 = LINE ( 'NONE', #2624, #4378 ) ;
#2576 = CARTESIAN_POINT ( 'NONE',  ( -0.7249999999999996447, 1.050000000000000044, -1.424999999999999822 ) ) ;
#2577 = AXIS2_PLACEMENT_3D ( 'NONE', #1822, #3349, #3689 ) ;
#2578 = VECTOR ( 'NONE', #3629, 1000.000000000000000 ) ;
#2579 = DIRECTION ( 'NONE',  ( -1.355252715606880543E-16, 0.000000000000000000, 1.000000000000000000 ) ) ;
#2580 = CIRCLE ( 'NONE', #3811, 0.4350000000000000533 ) ;
#2581 = PLANE ( 'NONE',  #1342 ) ;
#2582 = DIRECTION ( 'NONE',  ( 0.000000000000000000, -1.000000000000000000, 0.000000000000000000 ) ) ;
#2583 = EDGE_CURVE ( 'NONE', #3266, #876, #2869, .T. ) ;
#2584 = ORIENTED_EDGE ( 'NONE', *, *, #1, .F. ) ;
#2585 = EDGE_CURVE ( 'NONE', #1659, #4264, #2923, .T. ) ;
#2586 = CARTESIAN_POINT ( 'NONE',  ( -1.200000000000000178, 0.4000000000000000222, -0.6500000000000021316 ) ) ;
#2587 = CARTESIAN_POINT ( 'NONE',  ( 0.9999999999999993339, 1.641974234837420665, -1.599999999999996758 ) ) ;
#2588 = DIRECTION ( 'NONE',  ( -1.000000000000000000, 0.000000000000000000, 0.000000000000000000 ) ) ;
#2589 = CARTESIAN_POINT ( 'NONE',  ( -1.249999999999999778, 0.000000000000000000, 1.349999999999999423 ) ) ;
#2590 = VERTEX_POINT ( 'NONE', #626 ) ;
#2591 = ORIENTED_EDGE ( 'NONE', *, *, #3769, .F. ) ;
#2592 = ORIENTED_EDGE ( 'NONE', *, *, #1118, .T. ) ;
#2593 = VECTOR ( 'NONE', #2106, 1000.000000000000000 ) ;
#2594 = FACE_OUTER_BOUND ( 'NONE', #47, .T. ) ;
#2595 = LINE ( 'NONE', #638, #692 ) ;
#2596 = DIRECTION ( 'NONE',  ( 0.000000000000000000, 1.000000000000000000, 0.000000000000000000 ) ) ;
#2597 = DIRECTION ( 'NONE',  ( -0.000000000000000000, -1.000000000000000000, 0.000000000000000000 ) ) ;
#2598 = DIRECTION ( 'NONE',  ( -1.000000000000000000, 0.000000000000000000, 0.000000000000000000 ) ) ;
#2599 = VERTEX_POINT ( 'NONE', #1800 ) ;
#2600 = AXIS2_PLACEMENT_3D ( 'NONE', #2899, #1360, #2946 ) ;
#2601 = CARTESIAN_POINT ( 'NONE',  ( 1.159999999999999920, 0.9100000000000000311, -1.074999999999999734 ) ) ;
#2602 =( NAMED_UNIT ( * ) SI_UNIT ( $, .STERADIAN. ) SOLID_ANGLE_UNIT ( ) );
#2603 = AXIS2_PLACEMENT_3D ( 'NONE', #4133, #1858, #690 ) ;
#2604 = ORIENTED_EDGE ( 'NONE', *, *, #547, .T. ) ;
#2605 = EDGE_CURVE ( 'NONE', #2776, #4770, #2964, .T. ) ;
#2606 = FACE_OUTER_BOUND ( 'NONE', #3902, .T. ) ;
#2607 = LINE ( 'NONE', #3351, #863 ) ;
#2608 = CARTESIAN_POINT ( 'NONE',  ( -1.160000000000000142, 0.9100000000000000311, 1.074999999999999067 ) ) ;
#2609 = ORIENTED_EDGE ( 'NONE', *, *, #1118, .F. ) ;
#2610 = ADVANCED_FACE ( 'NONE', ( #596 ), #4520, .T. ) ;
#2611 = EDGE_CURVE ( 'NONE', #4229, #1055, #4477, .T. ) ;
#2612 = CARTESIAN_POINT ( 'NONE',  ( 0.000000000000000000, 0.9000000000000000222, 0.000000000000000000 ) ) ;
#2613 = CARTESIAN_POINT ( 'NONE',  ( -0.2416666666666663355, 0.9100000000000000311, 1.509999999999999787 ) ) ;
#2614 = ORIENTED_EDGE ( 'NONE', *, *, #1811, .T. ) ;
#2615 = ORIENTED_EDGE ( 'NONE', *, *, #150, .F. ) ;
#2616 = DIRECTION ( 'NONE',  ( 0.000000000000000000, 1.000000000000000000, 0.000000000000000000 ) ) ;
#2617 = DIRECTION ( 'NONE',  ( 0.000000000000000000, 1.000000000000000000, 0.000000000000000000 ) ) ;
#2618 = DIRECTION ( 'NONE',  ( -0.7071067811865474617, 0.000000000000000000, 0.7071067811865474617 ) ) ;
#2619 = LINE ( 'NONE', #1931, #3908 ) ;
#2620 = LINE ( 'NONE', #4136, #4737 ) ;
#2621 = ORIENTED_EDGE ( 'NONE', *, *, #1863, .T. ) ;
#2622 = ORIENTED_EDGE ( 'NONE', *, *, #4018, .T. ) ;
#2623 = VECTOR ( 'NONE', #3486, 1000.000000000000000 ) ;
#2624 = CARTESIAN_POINT ( 'NONE',  ( 1.005051025721682256, 0.4000000000000000222, -1.549999999999997158 ) ) ;
#2625 = PLANE ( 'NONE',  #3603 ) ;
#2626 = ORIENTED_EDGE ( 'NONE', *, *, #326, .T. ) ;
#2627 = CARTESIAN_POINT ( 'NONE',  ( -1.005051025721681812, 0.000000000000000000, -1.549999999999997824 ) ) ;
#2628 = CYLINDRICAL_SURFACE ( 'NONE', #295, 0.2000000000000003164 ) ;
#2629 = FACE_BOUND ( 'NONE', #387, .T. ) ;
#2630 = EDGE_CURVE ( 'NONE', #4285, #2298, #3328, .T. ) ;
#2631 = ORIENTED_EDGE ( 'NONE', *, *, #88, .T. ) ;
#2632 = CARTESIAN_POINT ( 'NONE',  ( -0.7250000000000000888, 1.125000000000000000, 1.349999999999999867 ) ) ;
#2633 = CARTESIAN_POINT ( 'NONE',  ( 0.7250000000000000888, 1.010000000000000009, -1.445000000000000062 ) ) ;
#2634 = FACE_OUTER_BOUND ( 'NONE', #126, .T. ) ;
#2635 = VERTEX_POINT ( 'NONE', #1728 ) ;
#2636 = ORIENTED_EDGE ( 'NONE', *, *, #1612, .T. ) ;
#2637 = CYLINDRICAL_SURFACE ( 'NONE', #4197, 0.08999999999999980238 ) ;
#2638 = CARTESIAN_POINT ( 'NONE',  ( -0.4499999999999999001, 1.641974234837420665, -1.549999999999997824 ) ) ;
#2639 = CARTESIAN_POINT ( 'NONE',  ( 1.000000000000000444, 1.199999999999999956, -1.074999999999999734 ) ) ;
#2640 = CARTESIAN_POINT ( 'NONE',  ( -0.9520642674892562107, 0.9100000000000000311, -1.463118632143040054 ) ) ;
#2641 = DIRECTION ( 'NONE',  ( 1.000000000000000000, 0.000000000000000000, 1.355252715606880543E-16 ) ) ;
#2642 = ORIENTED_EDGE ( 'NONE', *, *, #896, .T. ) ;
#2643 = ORIENTED_EDGE ( 'NONE', *, *, #1198, .T. ) ;
#2644 = VECTOR ( 'NONE', #2069, 1000.000000000000000 ) ;
#2645 = EDGE_CURVE ( 'NONE', #555, #1072, #4531, .T. ) ;
#2646 = EDGE_CURVE ( 'NONE', #4902, #2275, #3252, .T. ) ;
#2647 = CARTESIAN_POINT ( 'NONE',  ( -1.200000000000000178, 0.000000000000000000, -0.6500000000000021316 ) ) ;
#2648 = CARTESIAN_POINT ( 'NONE',  ( 1.249999999999999778, 0.4000000000000000222, -1.599999999999999645 ) ) ;
#2649 = ORIENTED_EDGE ( 'NONE', *, *, #23, .T. ) ;
#2650 = ORIENTED_EDGE ( 'NONE', *, *, #141, .T. ) ;
#2651 = EDGE_CURVE ( 'NONE', #2792, #4738, #44, .T. ) ;
#2652 = CYLINDRICAL_SURFACE ( 'NONE', #2819, 0.2500000000000002220 ) ;
#2653 = DIRECTION ( 'NONE',  ( 1.355252715606880543E-16, 0.000000000000000000, -1.000000000000000000 ) ) ;
#2654 = SURFACE_STYLE_USAGE ( .BOTH. , #393 ) ;
#2655 = AXIS2_PLACEMENT_3D ( 'NONE', #1436, #4502, #2947 ) ;
#2656 = VECTOR ( 'NONE', #3372, 1000.000000000000000 ) ;
#2657 =( BOUNDED_SURFACE ( )  B_SPLINE_SURFACE ( 2, 3, ( 
 ( #2153, #3288, #4411, #969 ),
 ( #553, #2446, #4049, #995 ),
 ( #2132, #4023, #1420, #1784 ) ),
 .UNSPECIFIED., .F., .F., .F. ) 
 B_SPLINE_SURFACE_WITH_KNOTS ( ( 3, 3 ),
 ( 4, 4 ),
 ( 0.000000000000000000, 1.000000000000000000 ),
 ( 1.084202172485504434E-19, 0.001450000000000000334 ),
 .UNSPECIFIED. ) 
 GEOMETRIC_REPRESENTATION_ITEM ( )  RATIONAL_B_SPLINE_SURFACE ( (
 ( 1.000000000000000000, 1.000000000000000000, 1.000000000000000000, 1.000000000000000000),
 ( 0.7071067811865475727, 0.7071067811865475727, 0.7071067811865475727, 0.7071067811865475727),
 ( 1.000000000000000000, 1.000000000000000000, 1.000000000000000000, 1.000000000000000000) ) ) 
 REPRESENTATION_ITEM ( '' )  SURFACE ( )  );
#2658 = ORIENTED_EDGE ( 'NONE', *, *, #3916, .F. ) ;
#2659 = AXIS2_PLACEMENT_3D ( 'NONE', #2710, #2365, #3578 ) ;
#2660 = MECHANICAL_DESIGN_GEOMETRIC_PRESENTATION_REPRESENTATION (  '', ( #434 ), #3647 ) ;
#2661 = EDGE_CURVE ( 'NONE', #3703, #3456, #4163, .T. ) ;
#2662 = DIRECTION ( 'NONE',  ( 1.000000000000000000, 0.000000000000000000, 0.000000000000000000 ) ) ;
#2663 = DIRECTION ( 'NONE',  ( 8.538092108323361617E-15, 0.000000000000000000, 1.000000000000000000 ) ) ;
#2664 = EDGE_CURVE ( 'NONE', #766, #2689, #785, .T. ) ;
#2665 = DIRECTION ( 'NONE',  ( 1.000000000000000000, 0.000000000000000000, 8.809142651444737726E-15 ) ) ;
#2666 = CIRCLE ( 'NONE', #514, 0.3499999999999999223 ) ;
#2667 = ORIENTED_EDGE ( 'NONE', *, *, #2230, .T. ) ;
#2668 = ORIENTED_EDGE ( 'NONE', *, *, #477, .T. ) ;
#2669 = VERTEX_POINT ( 'NONE', #3423 ) ;
#2670 = DIRECTION ( 'NONE',  ( 0.000000000000000000, 0.000000000000000000, -1.000000000000000000 ) ) ;
#2671 = DIRECTION ( 'NONE',  ( 0.000000000000000000, -1.000000000000000000, 0.000000000000000000 ) ) ;
#2672 = FACE_OUTER_BOUND ( 'NONE', #3188, .T. ) ;
#2673 = DIRECTION ( 'NONE',  ( 1.000000000000000000, 0.000000000000000000, 0.000000000000000000 ) ) ;
#2674 =( NAMED_UNIT ( * ) PLANE_ANGLE_UNIT ( ) SI_UNIT ( $, .RADIAN. ) );
#2675 = EDGE_LOOP ( 'NONE', ( #2460, #3021, #988, #3973 ) ) ;
#2676 = CIRCLE ( 'NONE', #3570, 0.3500000000000000333 ) ;
#2677 = CYLINDRICAL_SURFACE ( 'NONE', #2031, 0.2500000000000002220 ) ;
#2678 = ORIENTED_EDGE ( 'NONE', *, *, #2327, .T. ) ;
#2679 = EDGE_CURVE ( 'NONE', #4588, #3456, #3448, .T. ) ;
#2680 = MECHANICAL_DESIGN_GEOMETRIC_PRESENTATION_REPRESENTATION (  '', ( #2284 ), #375 ) ;
#2681 = CARTESIAN_POINT ( 'NONE',  ( 1.200000000000000178, 0.4000000000000000222, 0.6500000000000021316 ) ) ;
#2682 = CARTESIAN_POINT ( 'NONE',  ( 1.094999999999999973, 1.010000000000000009, -1.074999999999999734 ) ) ;
#2683 = ADVANCED_FACE ( 'NONE', ( #341 ), #3038, .T. ) ;
#2684 = EDGE_CURVE ( 'NONE', #3340, #3702, #4143, .T. ) ;
#2685 = ADVANCED_FACE ( 'NONE', ( #3760 ), #2652, .T. ) ;
#2686 = DIRECTION ( 'NONE',  ( -0.000000000000000000, -1.000000000000000000, 0.000000000000000000 ) ) ;
#2687 = MECHANICAL_DESIGN_GEOMETRIC_PRESENTATION_REPRESENTATION (  '', ( #2363 ), #1183 ) ;
#2688 = CARTESIAN_POINT ( 'NONE',  ( 0.7249999999999998668, 1.050000000000000044, -1.074999999999999956 ) ) ;
#2689 = VERTEX_POINT ( 'NONE', #3810 ) ;
#2690 = LINE ( 'NONE', #1510, #4690 ) ;
#2691 = CARTESIAN_POINT ( 'NONE',  ( 1.249999999999998890, 0.3999999999999999667, 1.399999999999999911 ) ) ;
#2692 =( BOUNDED_CURVE ( )  B_SPLINE_CURVE ( 2, ( #4936, #2253, #3796 ),
 .UNSPECIFIED., .F., .F. ) 
 B_SPLINE_CURVE_WITH_KNOTS ( ( 3, 3 ),
 ( 0.000000000000000000, 1.000000000000000000 ),
 .UNSPECIFIED. ) 
 CURVE ( )  GEOMETRIC_REPRESENTATION_ITEM ( )  RATIONAL_B_SPLINE_CURVE ( ( 1.000000000000000000, 0.7071067811865475727, 1.000000000000000000 ) ) 
 REPRESENTATION_ITEM ( '' )  );
#2693 = VERTEX_POINT ( 'NONE', #370 ) ;
#2694 = ORIENTED_EDGE ( 'NONE', *, *, #4624, .F. ) ;
#2695 = DIRECTION ( 'NONE',  ( 0.000000000000000000, -1.000000000000000000, 0.000000000000000000 ) ) ;
#2696 = CARTESIAN_POINT ( 'NONE',  ( 1.249999999999999334, 0.4000000000000000222, 1.600000000000000089 ) ) ;
#2697 = DIRECTION ( 'NONE',  ( 1.000000000000000000, 0.000000000000000000, 1.355252715606880543E-16 ) ) ;
#2698 = CARTESIAN_POINT ( 'NONE',  ( -0.7250000000000001998, 0.9100000000000000311, 1.509999999999999787 ) ) ;
#2699 = VERTEX_POINT ( 'NONE', #4920 ) ;
#2700 = EDGE_CURVE ( 'NONE', #1231, #1305, #3321, .T. ) ;
#2701 = ORIENTED_EDGE ( 'NONE', *, *, #4916, .F. ) ;
#2702 = CARTESIAN_POINT ( 'NONE',  ( -1.113118632143040410, 0.9100000000000000311, 1.302064267489255744 ) ) ;
#2703 = DIRECTION ( 'NONE',  ( 0.000000000000000000, -1.000000000000000000, 0.000000000000000000 ) ) ;
#2704 = ORIENTED_EDGE ( 'NONE', *, *, #2934, .F. ) ;
#2705 = AXIS2_PLACEMENT_3D ( 'NONE', #3111, #4687, #1960 ) ;
#2706 = FACE_OUTER_BOUND ( 'NONE', #865, .T. ) ;
#2707 = PLANE ( 'NONE',  #4768 ) ;
#2708 = VERTEX_POINT ( 'NONE', #2289 ) ;
#2709 = CARTESIAN_POINT ( 'NONE',  ( -0.7249999999999998668, 5.970014005574767246, -1.074999999999999734 ) ) ;
#2710 = CARTESIAN_POINT ( 'NONE',  ( 1.200000000000000178, 1.641974234837420665, -0.6500000000000016875 ) ) ;
#2711 =( NAMED_UNIT ( * ) PLANE_ANGLE_UNIT ( ) SI_UNIT ( $, .RADIAN. ) );
#2712 = ORIENTED_EDGE ( 'NONE', *, *, #2789, .F. ) ;
#2713 = ORIENTED_EDGE ( 'NONE', *, *, #2960, .F. ) ;
#2714 = ORIENTED_EDGE ( 'NONE', *, *, #2876, .F. ) ;
#2715 = DIRECTION ( 'NONE',  ( 1.355252715606880543E-16, -0.000000000000000000, -1.000000000000000000 ) ) ;
#2716 = CARTESIAN_POINT ( 'NONE',  ( -1.249999999999999778, 0.000000000000000000, 1.599999999999999645 ) ) ;
#2717 = CARTESIAN_POINT ( 'NONE',  ( -1.113118632143037967, 0.9100000000000000311, -1.302064267489258409 ) ) ;
#2718 = DIRECTION ( 'NONE',  ( 0.000000000000000000, -1.000000000000000000, 0.000000000000000000 ) ) ;
#2719 = AXIS2_PLACEMENT_3D ( 'NONE', #4808, #2878, #4525 ) ;
#2720 = ORIENTED_EDGE ( 'NONE', *, *, #2572, .F. ) ;
#2721 = ORIENTED_EDGE ( 'NONE', *, *, #1551, .F. ) ;
#2722 = CARTESIAN_POINT ( 'NONE',  ( 0.7250000000000001998, 0.9099999999999999201, 1.445000000000000062 ) ) ;
#2723 = ADVANCED_FACE ( 'NONE', ( #1129 ), #1200, .F. ) ;
#2724 = CARTESIAN_POINT ( 'NONE',  ( -1.075000000000000178, 0.9000000000000000222, 1.074999999999999512 ) ) ;
#2725 = DIRECTION ( 'NONE',  ( -1.355252715606880543E-16, 0.000000000000000000, 1.000000000000000000 ) ) ;
#2726 = VECTOR ( 'NONE', #3794, 1000.000000000000000 ) ;
#2727 = FACE_OUTER_BOUND ( 'NONE', #3840, .T. ) ;
#2728 = ORIENTED_EDGE ( 'NONE', *, *, #929, .F. ) ;
#2729 = ADVANCED_FACE ( 'NONE', ( #3397 ), #2265, .F. ) ;
#2730 = FACE_OUTER_BOUND ( 'NONE', #1182, .T. ) ;
#2731 = VECTOR ( 'NONE', #297, 1000.000000000000114 ) ;
#2732 = EDGE_CURVE ( 'NONE', #2599, #4072, #3068, .T. ) ;
#2733 = SURFACE_STYLE_USAGE ( .BOTH. , #1301 ) ;
#2734 = AXIS2_PLACEMENT_3D ( 'NONE', #671, #2191, #1083 ) ;
#2735 = EDGE_CURVE ( 'NONE', #3894, #1147, #1722, .T. ) ;
#2736 = ORIENTED_EDGE ( 'NONE', *, *, #23, .F. ) ;
#2737 = EDGE_CURVE ( 'NONE', #3123, #425, #1500, .T. ) ;
#2738 = PRESENTATION_LAYER_ASSIGNMENT (  '', '', ( #434 ) ) ;
#2739 = VERTEX_POINT ( 'NONE', #2312 ) ;
#2740 = CIRCLE ( 'NONE', #37, 0.08999999999999958034 ) ;
#2741 = ORIENTED_EDGE ( 'NONE', *, *, #4142, .T. ) ;
#2742 = LINE ( 'NONE', #3994, #4670 ) ;
#2743 = CARTESIAN_POINT ( 'NONE',  ( 0.9181351240713347961, 0.9099999999999999201, -1.405123894006722551 ) ) ;
#2744 = LINE ( 'NONE', #497, #2141 ) ;
#2745 = VECTOR ( 'NONE', #4944, 1000.000000000000000 ) ;
#2746 = CARTESIAN_POINT ( 'NONE',  ( 1.250000000000000000, -9.099999999999999645, 0.2399999999999997413 ) ) ;
#2747 = VERTEX_POINT ( 'NONE', #2627 ) ;
#2748 = ORIENTED_EDGE ( 'NONE', *, *, #3716, .T. ) ;
#2749 = EDGE_LOOP ( 'NONE', ( #1019, #879, #1707, #3609 ) ) ;
#2750 = DIRECTION ( 'NONE',  ( -1.000000000000000000, 0.000000000000000000, 0.000000000000000000 ) ) ;
#2751 = CARTESIAN_POINT ( 'NONE',  ( 0.8221377990442197969, 1.010000000000000009, 1.445000000000000062 ) ) ;
#2752 = CARTESIAN_POINT ( 'NONE',  ( -0.4500000000000000111, 1.641974234837420665, 0.6500000000000017986 ) ) ;
#2753 = AXIS2_PLACEMENT_3D ( 'NONE', #4610, #80, #3826 ) ;
#2754 = ORIENTED_EDGE ( 'NONE', *, *, #4387, .T. ) ;
#2755 = VECTOR ( 'NONE', #3362, 1000.000000000000000 ) ;
#2756 = FACE_OUTER_BOUND ( 'NONE', #2775, .T. ) ;
#2757 = DIRECTION ( 'NONE',  ( 1.000000000000000000, 0.000000000000000000, 0.000000000000000000 ) ) ;
#2758 = ORIENTED_EDGE ( 'NONE', *, *, #2544, .T. ) ;
#2759 = EDGE_CURVE ( 'NONE', #4027, #609, #3856, .T. ) ;
#2760 = VECTOR ( 'NONE', #1845, 1000.000000000000000 ) ;
#2761 = CARTESIAN_POINT ( 'NONE',  ( -1.200000000000000178, 0.3999999999999999667, 0.6500000000000016875 ) ) ;
#2762 = CARTESIAN_POINT ( 'NONE',  ( -0.9999999999999993339, 0.3999999999999999667, 1.599999999999999645 ) ) ;
#2763 = EDGE_CURVE ( 'NONE', #2550, #3650, #3475, .T. ) ;
#2764 = ADVANCED_FACE ( 'NONE', ( #2606 ), #748, .F. ) ;
#2765 = ORIENTED_EDGE ( 'NONE', *, *, #1160, .T. ) ;
#2766 = ORIENTED_EDGE ( 'NONE', *, *, #2981, .T. ) ;
#2767 = ORIENTED_EDGE ( 'NONE', *, *, #2504, .T. ) ;
#2768 = CARTESIAN_POINT ( 'NONE',  ( -1.200000000000000400, 0.3999999999999999667, 1.355051025721681457 ) ) ;
#2769 = DIRECTION ( 'NONE',  ( -1.355252715606880543E-16, 0.000000000000000000, 1.000000000000000000 ) ) ;
#2770 = DIRECTION ( 'NONE',  ( 0.000000000000000000, -1.000000000000000000, 0.000000000000000000 ) ) ;
#2771 = EDGE_CURVE ( 'NONE', #99, #2305, #4714, .T. ) ;
#2772 = CYLINDRICAL_SURFACE ( 'NONE', #3698, 0.3500000000000000888 ) ;
#2773 = ORIENTED_EDGE ( 'NONE', *, *, #1810, .T. ) ;
#2774 = VERTEX_POINT ( 'NONE', #2337 ) ;
#2775 = EDGE_LOOP ( 'NONE', ( #2362, #4645, #889, #173 ) ) ;
#2776 = VERTEX_POINT ( 'NONE', #1963 ) ;
#2777 = CARTESIAN_POINT ( 'NONE',  ( -1.249999999999999334, 0.4000000000000000222, -1.600000000000000089 ) ) ;
#2778 = FACE_OUTER_BOUND ( 'NONE', #94, .T. ) ;
#2779 = FACE_OUTER_BOUND ( 'NONE', #1096, .T. ) ;
#2780 = LINE ( 'NONE', #4340, #2385 ) ;
#2781 = ADVANCED_FACE ( 'NONE', ( #2756 ), #66, .F. ) ;
#2782 = LINE ( 'NONE', #2027, #276 ) ;
#2783 = DIRECTION ( 'NONE',  ( -1.000000000000000000, 0.000000000000000000, 1.401985567869192464E-17 ) ) ;
#2784 = VERTEX_POINT ( 'NONE', #142 ) ;
#2785 = CIRCLE ( 'NONE', #4427, 0.07499999999999998335 ) ;
#2786 = DIRECTION ( 'NONE',  ( -0.7071067811865474617, 0.000000000000000000, 0.7071067811865474617 ) ) ;
#2787 = PLANE ( 'NONE',  #840 ) ;
#2788 = VECTOR ( 'NONE', #3701, 1000.000000000000000 ) ;
#2789 = EDGE_CURVE ( 'NONE', #1072, #1217, #4345, .T. ) ;
#2790 = SURFACE_SIDE_STYLE ('',( #4649 ) ) ;
#2791 = ORIENTED_EDGE ( 'NONE', *, *, #4195, .F. ) ;
#2792 = VERTEX_POINT ( 'NONE', #484 ) ;
#2793 = ORIENTED_EDGE ( 'NONE', *, *, #2213, .F. ) ;
#2794 = FACE_OUTER_BOUND ( 'NONE', #970, .T. ) ;
#2795 = CARTESIAN_POINT ( 'NONE',  ( -1.249999999999999334, 0.000000000000000000, -1.600000000000000089 ) ) ;
#2796 = CARTESIAN_POINT ( 'NONE',  ( 1.159999999653172242, 0.9100000000000000311, 1.189202547522555831 ) ) ;
#2797 = DIRECTION ( 'NONE',  ( -1.000000000000000000, 0.000000000000000000, -1.355252715606880543E-16 ) ) ;
#2798 = ORIENTED_EDGE ( 'NONE', *, *, #3763, .T. ) ;
#2799 = EDGE_LOOP ( 'NONE', ( #1173, #4747, #664, #705, #795, #1006, #2367, #4551, #3798 ) ) ;
#2800 = CARTESIAN_POINT ( 'NONE',  ( 1.250000000000000000, -9.099999999999999645, -0.2399999999999994083 ) ) ;
#2801 = CARTESIAN_POINT ( 'NONE',  ( -1.160000000000000142, 0.9100000000000000311, 1.074999999999999067 ) ) ;
#2802 = CARTESIAN_POINT ( 'NONE',  ( 1.249999999999999778, 0.000000000000000000, -1.599999999999999645 ) ) ;
#2803 = EDGE_CURVE ( 'NONE', #780, #1126, #440, .T. ) ;
#2804 = CARTESIAN_POINT ( 'NONE',  ( 0.7250000000000001998, 0.9100000000000001421, 1.445000000000000062 ) ) ;
#2805 = VERTEX_POINT ( 'NONE', #2002 ) ;
#2806 = EDGE_CURVE ( 'NONE', #1885, #1305, #1666, .T. ) ;
#2807 = ADVANCED_FACE ( 'NONE', ( #2056 ), #4265, .T. ) ;
#2808 =( GEOMETRIC_REPRESENTATION_CONTEXT ( 3 ) GLOBAL_UNCERTAINTY_ASSIGNED_CONTEXT ( ( #2017 ) ) GLOBAL_UNIT_ASSIGNED_CONTEXT ( ( #1418, #1392, #1782 ) ) REPRESENTATION_CONTEXT ( 'NONE', 'WORKASPACE' ) );
#2809 = CARTESIAN_POINT ( 'NONE',  ( -1.200000000000000178, 0.4000000000000000222, 0.6500000000000016875 ) ) ;
#2810 = CARTESIAN_POINT ( 'NONE',  ( 1.005051025721682256, 0.000000000000000000, -1.549999999999997158 ) ) ;
#2811 = VERTEX_POINT ( 'NONE', #1621 ) ;
#2812 = AXIS2_PLACEMENT_3D ( 'NONE', #4020, #3586, #2370 ) ;
#2813 = FACE_OUTER_BOUND ( 'NONE', #2816, .T. ) ;
#2814 = DIRECTION ( 'NONE',  ( -3.764590876685790570E-16, 0.000000000000000000, 1.000000000000000000 ) ) ;
#2815 = ORIENTED_EDGE ( 'NONE', *, *, #2107, .T. ) ;
#2816 = EDGE_LOOP ( 'NONE', ( #1832, #2377, #26, #2609 ) ) ;
#2817 = ORIENTED_EDGE ( 'NONE', *, *, #2314, .F. ) ;
#2818 = CIRCLE ( 'NONE', #1944, 0.2000000000000005107 ) ;
#2819 = AXIS2_PLACEMENT_3D ( 'NONE', #777, #4219, #1527 ) ;
#2820 = PLANE ( 'NONE',  #2812 ) ;
#2821 = CARTESIAN_POINT ( 'NONE',  ( 1.094999999705002613, 0.9099999999999999201, -1.172137799042173967 ) ) ;
#2822 = FACE_OUTER_BOUND ( 'NONE', #2829, .T. ) ;
#2823 = DIRECTION ( 'NONE',  ( -1.355252715606880543E-16, 0.000000000000000000, 1.000000000000000000 ) ) ;
#2824 = UNCERTAINTY_MEASURE_WITH_UNIT (LENGTH_MEASURE( 1.000000000000000082E-05 ), #4165, 'distance_accuracy_value', 'NONE');
#2825 = VECTOR ( 'NONE', #39, 1000.000000000000000 ) ;
#2826 = VECTOR ( 'NONE', #166, 1000.000000000000000 ) ;
#2827 = VERTEX_POINT ( 'NONE', #2359 ) ;
#2828 = VERTEX_POINT ( 'NONE', #3220 ) ;
#2829 = EDGE_LOOP ( 'NONE', ( #3936, #2411, #3610, #3913 ) ) ;
#2830 = VECTOR ( 'NONE', #557, 1000.000000000000000 ) ;
#2831 = FACE_OUTER_BOUND ( 'NONE', #3528, .T. ) ;
#2832 = LINE ( 'NONE', #2477, #2273 ) ;
#2833 = LINE ( 'NONE', #974, #2044 ) ;
#2834 = VECTOR ( 'NONE', #4204, 1000.000000000000000 ) ;
#2835 = EDGE_CURVE ( 'NONE', #2305, #4335, #3116, .T. ) ;
#2836 = EDGE_CURVE ( 'NONE', #959, #4757, #2782, .T. ) ;
#2837 = DIRECTION ( 'NONE',  ( 0.000000000000000000, 1.000000000000000000, 0.000000000000000000 ) ) ;
#2838 = DIRECTION ( 'NONE',  ( 0.000000000000000000, 0.000000000000000000, 1.000000000000000000 ) ) ;
#2839 = ADVANCED_FACE ( 'NONE', ( #2706 ), #3497, .T. ) ;
#2840 = LINE ( 'NONE', #4692, #3885 ) ;
#2841 = EDGE_CURVE ( 'NONE', #500, #1717, #4665, .T. ) ;
#2842 = ORIENTED_EDGE ( 'NONE', *, *, #1286, .T. ) ;
#2843 = VECTOR ( 'NONE', #3619, 1000.000000000000000 ) ;
#2844 = CARTESIAN_POINT ( 'NONE',  ( -1.159999999999999698, 0.9100000000000000311, -1.074999999999999956 ) ) ;
#2845 = DIRECTION ( 'NONE',  ( -0.000000000000000000, -1.000000000000000000, 0.000000000000000000 ) ) ;
#2846 = DIRECTION ( 'NONE',  ( -1.054085445472029485E-16, 0.000000000000000000, -1.000000000000000000 ) ) ;
#2847 = ORIENTED_EDGE ( 'NONE', *, *, #1772, .T. ) ;
#2848 = AXIS2_PLACEMENT_3D ( 'NONE', #4887, #3731, #2232 ) ;
#2849 = VERTEX_POINT ( 'NONE', #461 ) ;
#2850 = CARTESIAN_POINT ( 'NONE',  ( 0.9999999999999988898, 0.3999999999999999667, 1.599999999999997202 ) ) ;
#2851 = CARTESIAN_POINT ( 'NONE',  ( -1.249999999999999778, 1.641974234837420665, 1.599999999999999645 ) ) ;
#2852 = CARTESIAN_POINT ( 'NONE',  ( -1.055123954335630776, 1.010000000000000231, 1.268135063742414248 ) ) ;
#2853 = CIRCLE ( 'NONE', #700, 0.2500000000000002220 ) ;
#2854 = PLANE ( 'NONE',  #5 ) ;
#2855 = VERTEX_POINT ( 'NONE', #898 ) ;
#2856 = ORIENTED_EDGE ( 'NONE', *, *, #516, .F. ) ;
#2857 = ORIENTED_EDGE ( 'NONE', *, *, #3083, .F. ) ;
#2858 = FACE_OUTER_BOUND ( 'NONE', #3451, .T. ) ;
#2859 = CARTESIAN_POINT ( 'NONE',  ( -1.249999999999999778, 0.000000000000000000, 1.399999999999999245 ) ) ;
#2860 = CARTESIAN_POINT ( 'NONE',  ( 1.250000000000000000, -9.099999999999999645, 0.2399999999999997413 ) ) ;
#2861 = CARTESIAN_POINT ( 'NONE',  ( 0.4499999999999999001, 0.4000000000000000222, 1.549999999999997824 ) ) ;
#2862 = VERTEX_POINT ( 'NONE', #1981 ) ;
#2863 = EDGE_CURVE ( 'NONE', #1546, #4269, #2740, .T. ) ;
#2864 = DIRECTION ( 'NONE',  ( -1.000000000000000000, 0.000000000000000000, -3.764590876685790570E-16 ) ) ;
#2865 = DIRECTION ( 'NONE',  ( 0.000000000000000000, -1.000000000000000000, 0.000000000000000000 ) ) ;
#2866 = FACE_OUTER_BOUND ( 'NONE', #2982, .T. ) ;
#2867 = EDGE_CURVE ( 'NONE', #4738, #3866, #874, .T. ) ;
#2868 = ORIENTED_EDGE ( 'NONE', *, *, #2700, .F. ) ;
#2869 = LINE ( 'NONE', #4452, #273 ) ;
#2870 = DIRECTION ( 'NONE',  ( 0.000000000000000000, -1.000000000000000000, 0.000000000000000000 ) ) ;
#2871 = CARTESIAN_POINT ( 'NONE',  ( 0.7249999999999998668, 5.970014005574767246, -1.074999999999999956 ) ) ;
#2872 = PRESENTATION_LAYER_ASSIGNMENT (  '', '', ( #721 ) ) ;
#2873 = VERTEX_POINT ( 'NONE', #3173 ) ;
#2874 = ORIENTED_EDGE ( 'NONE', *, *, #3131, .T. ) ;
#2875 = ORIENTED_EDGE ( 'NONE', *, *, #2905, .T. ) ;
#2876 = EDGE_CURVE ( 'NONE', #2811, #604, #678, .T. ) ;
#2877 = CIRCLE ( 'NONE', #3696, 0.2000000000000005107 ) ;
#2878 = DIRECTION ( 'NONE',  ( 0.000000000000000000, 1.000000000000000000, 0.000000000000000000 ) ) ;
#2879 = CARTESIAN_POINT ( 'NONE',  ( -1.249999999999999334, 0.4000000000000000222, -1.600000000000000089 ) ) ;
#2880 = CARTESIAN_POINT ( 'NONE',  ( -1.249999999999999334, 0.000000000000000000, -1.600000000000000089 ) ) ;
#2881 = DIRECTION ( 'NONE',  ( 1.000000000000000000, 0.000000000000000000, -1.401985567869189998E-17 ) ) ;
#2882 = UNCERTAINTY_MEASURE_WITH_UNIT (LENGTH_MEASURE( 1.000000000000000082E-05 ), #1617, 'distance_accuracy_value', 'NONE');
#2884 = ORIENTED_EDGE ( 'NONE', *, *, #3400, .T. ) ;
#2883 = VECTOR ( 'NONE', #4811, 1000.000000000000000 ) ;
#2885 = ORIENTED_EDGE ( 'NONE', *, *, #1339, .F. ) ;
#2886 = DIRECTION ( 'NONE',  ( 1.000000000000000000, 0.000000000000000000, 1.355252715606880543E-16 ) ) ;
#2887 = DIRECTION ( 'NONE',  ( -0.000000000000000000, -1.000000000000000000, 0.000000000000000000 ) ) ;
#2888 = CARTESIAN_POINT ( 'NONE',  ( 0.9999999999999993339, 0.000000000000000000, -1.599999999999996758 ) ) ;
#2889 = DIRECTION ( 'NONE',  ( 1.000000000000000000, -0.000000000000000000, 1.355252715606880543E-16 ) ) ;
#2890 = EDGE_LOOP ( 'NONE', ( #2001, #595, #298, #2621 ) ) ;
#2891 = EDGE_CURVE ( 'NONE', #3494, #2590, #1297, .T. ) ;
#2892 =( BOUNDED_SURFACE ( )  B_SPLINE_SURFACE ( 2, 3, ( 
 ( #3414, #4605, #1123, #3485, #1587, #1562 ),
 ( #450, #3085, #4632, #1192, #3845, #9 ),
 ( #3438, #408, #2640, #2717, #1541, #3106 ) ),
 .UNSPECIFIED., .F., .F., .F. ) 
 B_SPLINE_SURFACE_WITH_KNOTS ( ( 3, 3 ),
 ( 4, 2, 4 ),
 ( 0.000000000000000000, 1.000000000000000000 ),
 ( 4.712388980384689674, 5.497787143782137065, 6.283185307179585344 ),
 .UNSPECIFIED. ) 
 GEOMETRIC_REPRESENTATION_ITEM ( )  RATIONAL_B_SPLINE_SURFACE ( (
 ( 1.000000000000000000, 1.000000000000000000, 1.000000000000000000, 1.000000000000000000, 1.000000000000000000, 1.000000000000000000),
 ( 0.7071067811865475727, 0.7071067811865475727, 0.7071067811865481278, 0.7071067811865481278, 0.7071067811865475727, 0.7071067811865475727),
 ( 1.000000000000000000, 1.000000000000000000, 1.000000000000000000, 1.000000000000000000, 1.000000000000000000, 1.000000000000000000) ) ) 
 REPRESENTATION_ITEM ( '' )  SURFACE ( )  );
#2893 = CARTESIAN_POINT ( 'NONE',  ( -0.7250000000000000888, 1.199999999999999956, 1.349999999999999867 ) ) ;
#2894 =( NAMED_UNIT ( * ) PLANE_ANGLE_UNIT ( ) SI_UNIT ( $, .RADIAN. ) );
#2895 = COLOUR_RGB ( '',0.7921568627450980005, 0.8196078431372548767, 0.9333333333333333481 ) ;
#2896 = ORIENTED_EDGE ( 'NONE', *, *, #141, .F. ) ;
#2897 = ORIENTED_EDGE ( 'NONE', *, *, #3426, .T. ) ;
#2898 = DIRECTION ( 'NONE',  ( -1.000000000000000000, 0.000000000000000000, 0.000000000000000000 ) ) ;
#2899 = CARTESIAN_POINT ( 'NONE',  ( 1.249999999999999778, 0.000000000000000000, -1.599999999999999645 ) ) ;
#2900 = CARTESIAN_POINT ( 'NONE',  ( -1.049999999999999600, 1.200000000000000178, 1.599999999999999645 ) ) ;
#2901 = CIRCLE ( 'NONE', #824, 0.2000000000000003164 ) ;
#2902 = ORIENTED_EDGE ( 'NONE', *, *, #3148, .F. ) ;
#2903 = ORIENTED_EDGE ( 'NONE', *, *, #4471, .F. ) ;
#2904 = AXIS2_PLACEMENT_3D ( 'NONE', #3125, #75, #355 ) ;
#2905 = EDGE_CURVE ( 'NONE', #3517, #982, #925, .T. ) ;
#2906 = LINE ( 'NONE', #3333, #577 ) ;
#2907 = FILL_AREA_STYLE_COLOUR ( '', #184 ) ;
#2908 = CYLINDRICAL_SURFACE ( 'NONE', #2338, 0.2000000000000005107 ) ;
#2909 = CARTESIAN_POINT ( 'NONE',  ( -1.200000000000000400, 0.000000000000000000, 1.355051025721681457 ) ) ;
#2910 = ADVANCED_FACE ( 'NONE', ( #2482 ), #4498, .T. ) ;
#2911 = EDGE_LOOP ( 'NONE', ( #4252, #2896, #2874, #467 ) ) ;
#2912 = ORIENTED_EDGE ( 'NONE', *, *, #3400, .F. ) ;
#2913 = CARTESIAN_POINT ( 'NONE',  ( 1.249999999999999778, 0.4000000000000000222, -1.599999999999999645 ) ) ;
#2914 = CARTESIAN_POINT ( 'NONE',  ( 0.9999999999999988898, 0.4000000000000000222, 1.599999999999997202 ) ) ;
#2915 = LINE ( 'NONE', #4059, #2445 ) ;
#2916 = AXIS2_PLACEMENT_3D ( 'NONE', #490, #4405, #1277 ) ;
#2917 = CIRCLE ( 'NONE', #4290, 0.08999999999999958034 ) ;
#2918 = DIRECTION ( 'NONE',  ( -1.000000000000000000, 0.000000000000000000, 0.000000000000000000 ) ) ;
#2919 = ORIENTED_EDGE ( 'NONE', *, *, #501, .F. ) ;
#2920 = LINE ( 'NONE', #2553, #924 ) ;
#2921 = LINE ( 'NONE', #1079, #4216 ) ;
#2922 = VECTOR ( 'NONE', #4566, 1000.000000000000000 ) ;
#2923 = LINE ( 'NONE', #4430, #431 ) ;
#2924 = CARTESIAN_POINT ( 'NONE',  ( 1.200000000000000178, 1.641974234837420665, 0.6500000000000021316 ) ) ;
#2925 = CARTESIAN_POINT ( 'NONE',  ( 1.250000000000000000, 0.3999999999999999667, 1.399999999999999689 ) ) ;
#2926 = CLOSED_SHELL ( 'NONE', ( #3690, #1077, #2683, #852, #776, #2341, #1794, #91, #3860, #2453, #3065 ) ) ;
#2927 = EDGE_CURVE ( 'NONE', #1637, #2855, #4135, .T. ) ;
#2928 = ORIENTED_EDGE ( 'NONE', *, *, #3801, .F. ) ;
#2929 = VECTOR ( 'NONE', #3774, 1000.000000000000000 ) ;
#2930 = DIRECTION ( 'NONE',  ( -0.000000000000000000, -1.000000000000000000, 0.000000000000000000 ) ) ;
#2931 = DIRECTION ( 'NONE',  ( 0.000000000000000000, 1.000000000000000000, 0.000000000000000000 ) ) ;
#2932 = DIRECTION ( 'NONE',  ( -0.000000000000000000, -1.000000000000000000, 0.000000000000000000 ) ) ;
#2933 = CARTESIAN_POINT ( 'NONE',  ( 1.094999999999999973, 1.050000000000000044, 1.074999999999999956 ) ) ;
#2934 = EDGE_CURVE ( 'NONE', #3725, #1961, #1750, .T. ) ;
#2935 = VERTEX_POINT ( 'NONE', #4007 ) ;
#2936 = ORIENTED_EDGE ( 'NONE', *, *, #3172, .T. ) ;
#2937 = AXIS2_PLACEMENT_3D ( 'NONE', #2752, #4314, #4921 ) ;
#2938 = DIRECTION ( 'NONE',  ( -1.000000000000000000, 0.000000000000000000, 6.618676052963838991E-17 ) ) ;
#2939 = DIRECTION ( 'NONE',  ( 0.000000000000000000, -1.000000000000000000, 0.000000000000000000 ) ) ;
#2940 = DIRECTION ( 'NONE',  ( 1.000000000000000000, 0.000000000000000000, 0.000000000000000000 ) ) ;
#2941 = EDGE_LOOP ( 'NONE', ( #253, #3499, #3873, #1590 ) ) ;
#2942 = ADVANCED_FACE ( 'NONE', ( #2943 ), #246, .T. ) ;
#2943 = FACE_OUTER_BOUND ( 'NONE', #4371, .T. ) ;
#2944 = DIRECTION ( 'NONE',  ( -0.000000000000000000, -1.000000000000000000, -0.000000000000000000 ) ) ;
#2945 = CARTESIAN_POINT ( 'NONE',  ( -0.7999999999999998224, 0.3999999999999999667, -0.6500000000000020206 ) ) ;
#2946 = DIRECTION ( 'NONE',  ( 1.000000000000000000, 0.000000000000000000, 0.000000000000000000 ) ) ;
#2947 = DIRECTION ( 'NONE',  ( -1.000000000000000000, 0.000000000000000000, 0.000000000000000000 ) ) ;
#2948 = ORIENTED_EDGE ( 'NONE', *, *, #4263, .F. ) ;
#2949 = CARTESIAN_POINT ( 'NONE',  ( -1.160000000000000142, 0.7349999999999995426, -0.1500000000000001610 ) ) ;
#2950 = EDGE_CURVE ( 'NONE', #4044, #3809, #2920, .T. ) ;
#2951 = LINE ( 'NONE', #1830, #1229 ) ;
#2952 =( NAMED_UNIT ( * ) SI_UNIT ( $, .STERADIAN. ) SOLID_ANGLE_UNIT ( ) );
#2953 = ORIENTED_EDGE ( 'NONE', *, *, #2434, .T. ) ;
#2954 = ORIENTED_EDGE ( 'NONE', *, *, #3014, .F. ) ;
#2955 = CIRCLE ( 'NONE', #805, 0.3500000000000000333 ) ;
#2956 = CARTESIAN_POINT ( 'NONE',  ( -1.249999999999999334, 0.3999999999999999667, -1.399999999999999689 ) ) ;
#2957 = CARTESIAN_POINT ( 'NONE',  ( 1.249999999999999334, 0.4000000000000000222, 1.600000000000000089 ) ) ;
#2958 = CARTESIAN_POINT ( 'NONE',  ( -1.249999999999999778, 0.000000000000000000, 1.599999999999999645 ) ) ;
#2959 = VECTOR ( 'NONE', #4728, 1000.000000000000000 ) ;
#2960 = EDGE_CURVE ( 'NONE', #1699, #53, #264, .T. ) ;
#2961 = CARTESIAN_POINT ( 'NONE',  ( -1.005051025721681812, 0.4000000000000000222, -1.549999999999997824 ) ) ;
#2962 = CARTESIAN_POINT ( 'NONE',  ( 1.249999999999999778, 0.4000000000000000222, -1.599999999999999645 ) ) ;
#2963 = EDGE_CURVE ( 'NONE', #1531, #40, #1773, .T. ) ;
#2964 = LINE ( 'NONE', #4039, #4459 ) ;
#2965 = DIRECTION ( 'NONE',  ( 0.000000000000000000, -1.000000000000000000, 0.000000000000000000 ) ) ;
#2966 = FACE_OUTER_BOUND ( 'NONE', #502, .T. ) ;
#2967 = VECTOR ( 'NONE', #549, 1000.000000000000000 ) ;
#2968 = ORIENTED_EDGE ( 'NONE', *, *, #620, .F. ) ;
#2969 = LINE ( 'NONE', #4436, #2329 ) ;
#2970 = VECTOR ( 'NONE', #4100, 1000.000000000000000 ) ;
#2971 = DIRECTION ( 'NONE',  ( 1.000000000000000000, 0.000000000000000000, 0.000000000000000000 ) ) ;
#2972 = CARTESIAN_POINT ( 'NONE',  ( -0.7249999999999996447, 0.9100000000000000311, -1.509999999999999787 ) ) ;
#2973 = ORIENTED_EDGE ( 'NONE', *, *, #4686, .T. ) ;
#2974 = ORIENTED_EDGE ( 'NONE', *, *, #3402, .F. ) ;
#2975 = PLANE ( 'NONE',  #423 ) ;
#2976 = CARTESIAN_POINT ( 'NONE',  ( -1.160000000000000142, 0.000000000000000000, 0.1499999999999998279 ) ) ;
#2977 = AXIS2_PLACEMENT_3D ( 'NONE', #4879, #255, #1440 ) ;
#2978 = CARTESIAN_POINT ( 'NONE',  ( -1.049999999999999156, 1.641974234837420665, -1.600000000000000089 ) ) ;
#2979 = DIRECTION ( 'NONE',  ( -1.000000000000000000, 0.000000000000000000, 0.000000000000000000 ) ) ;
#2980 = DIRECTION ( 'NONE',  ( 0.000000000000000000, 1.000000000000000000, 0.000000000000000000 ) ) ;
#2981 = EDGE_CURVE ( 'NONE', #4353, #4824, #1724, .T. ) ;
#2982 = EDGE_LOOP ( 'NONE', ( #4742, #3496, #1676, #3175 ) ) ;
#2983 = VECTOR ( 'NONE', #2846, 1000.000000000000000 ) ;
#2984 = COLOUR_RGB ( '',0.9686274509803921573, 0.8784313725490195957, 0.5999999999999999778 ) ;
#2985 = DIRECTION ( 'NONE',  ( 0.000000000000000000, -1.000000000000000000, 0.000000000000000000 ) ) ;
#2986 = CARTESIAN_POINT ( 'NONE',  ( -0.7250000000000001998, 1.050000000000000044, 1.444999999999999840 ) ) ;
#2987 = EDGE_CURVE ( 'NONE', #2862, #2784, #1036, .T. ) ;
#2988 = TOROIDAL_SURFACE ( 'NONE', #2022, 0.2750000000000001332, 0.07499999999999999722 ) ;
#2989 = VECTOR ( 'NONE', #848, 1000.000000000000000 ) ;
#2990 = ORIENTED_EDGE ( 'NONE', *, *, #4511, .T. ) ;
#2991 = CARTESIAN_POINT ( 'NONE',  ( 0.7249999999999999778, 1.050000000000000044, -1.445000000000000062 ) ) ;
#2992 = VECTOR ( 'NONE', #973, 1000.000000000000000 ) ;
#2993 = DIRECTION ( 'NONE',  ( 1.000000000000000000, 0.000000000000000000, 1.355252715606880543E-16 ) ) ;
#2994 = EDGE_CURVE ( 'NONE', #3920, #3494, #566, .T. ) ;
#2995 = FACE_OUTER_BOUND ( 'NONE', #1778, .T. ) ;
#2996 = EDGE_LOOP ( 'NONE', ( #2331, #4532, #1524, #3859 ) ) ;
#2997 = SURFACE_STYLE_FILL_AREA ( #4925 ) ;
#2998 =( NAMED_UNIT ( * ) PLANE_ANGLE_UNIT ( ) SI_UNIT ( $, .RADIAN. ) );
#2999 = CIRCLE ( 'NONE', #1884, 0.08999999999999958034 ) ;
#3000 = PLANE ( 'NONE',  #3142 ) ;
#3001 = EDGE_LOOP ( 'NONE', ( #1860, #1758, #4414, #2885 ) ) ;
#3002 = ORIENTED_EDGE ( 'NONE', *, *, #3148, .T. ) ;
#3003 = VECTOR ( 'NONE', #734, 1000.000000000000000 ) ;
#3004 = DIRECTION ( 'NONE',  ( 1.000000000000000000, 0.000000000000000000, 0.000000000000000000 ) ) ;
#3005 = CARTESIAN_POINT ( 'NONE',  ( -1.005051025721682256, 0.000000000000000000, 1.549999999999997380 ) ) ;
#3006 = CARTESIAN_POINT ( 'NONE',  ( 1.250000000000000000, 0.9000000000000000222, -1.600000000000000089 ) ) ;
#3007 = DIRECTION ( 'NONE',  ( 0.000000000000000000, -1.000000000000000000, 0.000000000000000000 ) ) ;
#3008 = CARTESIAN_POINT ( 'NONE',  ( 0.9999999999999988898, 0.000000000000000000, 1.599999999999997202 ) ) ;
#3009 = ORIENTED_EDGE ( 'NONE', *, *, #303, .F. ) ;
#3010 = CIRCLE ( 'NONE', #224, 0.2500000000000002220 ) ;
#3011 = CARTESIAN_POINT ( 'NONE',  ( 0.7249999999999999778, 1.050000000000000044, -1.425000000000000044 ) ) ;
#3012 = EDGE_CURVE ( 'NONE', #4353, #2862, #3324, .T. ) ;
#3013 = VECTOR ( 'NONE', #3969, 1000.000000000000000 ) ;
#3014 = EDGE_CURVE ( 'NONE', #3358, #2105, #4777, .T. ) ;
#3015 = DIRECTION ( 'NONE',  ( -7.506309209004537245E-16, 0.000000000000000000, 1.000000000000000000 ) ) ;
#3016 = DIRECTION ( 'NONE',  ( 1.000000000000000000, -0.000000000000000000, -2.551422967320885000E-16 ) ) ;
#3017 = PLANE ( 'NONE',  #4051 ) ;
#3018 = VERTEX_POINT ( 'NONE', #1380 ) ;
#3019 = B_SPLINE_CURVE_WITH_KNOTS ( 'NONE', 3,
 ( #4126, #2201, #3768, #3406 ),
 .UNSPECIFIED., .F., .F.,
 ( 4, 4 ),
 ( 0.000000000000000000, 1.000000000000000000 ),
 .UNSPECIFIED. ) ;
#3020 = LINE ( 'NONE', #1069, #887 ) ;
#3021 = ORIENTED_EDGE ( 'NONE', *, *, #4267, .T. ) ;
#3022 = EDGE_CURVE ( 'NONE', #4953, #4087, #2142, .T. ) ;
#3023 = VERTEX_POINT ( 'NONE', #2893 ) ;
#3024 = PLANE ( 'NONE',  #1309 ) ;
#3025 = CARTESIAN_POINT ( 'NONE',  ( 1.249999999999999778, 0.4000000000000000222, -1.349999999999999645 ) ) ;
#3026 = DIRECTION ( 'NONE',  ( 0.000000000000000000, 1.000000000000000000, 0.000000000000000000 ) ) ;
#3027 = CARTESIAN_POINT ( 'NONE',  ( -1.094999999999999973, 0.9099999999999999201, 0.3583333333333329485 ) ) ;
#3028 = DIRECTION ( 'NONE',  ( 0.000000000000000000, 1.000000000000000000, 0.000000000000000000 ) ) ;
#3029 = ORIENTED_EDGE ( 'NONE', *, *, #4979, .F. ) ;
#3031 = CARTESIAN_POINT ( 'NONE',  ( 1.250000000000000000, -9.099999999999999645, 0.2399999999999997413 ) ) ;
#3030 = COLOUR_RGB ( '',0.9686274509803921573, 0.8784313725490195957, 0.5999999999999999778 ) ;
#3032 = EDGE_LOOP ( 'NONE', ( #3787, #3163, #937, #1582 ) ) ;
#3033 = VECTOR ( 'NONE', #4528, 1000.000000000000000 ) ;
#3034 = LINE ( 'NONE', #2961, #603 ) ;
#3035 =( LENGTH_UNIT ( ) NAMED_UNIT ( * ) SI_UNIT ( .MILLI., .METRE. ) );
#3036 = ORIENTED_EDGE ( 'NONE', *, *, #3141, .T. ) ;
#3037 = ADVANCED_FACE ( 'NONE', ( #4036 ), #4796, .F. ) ;
#3038 = PLANE ( 'NONE',  #3067 ) ;
#3039 = PLANE ( 'NONE',  #140 ) ;
#3040 = DIRECTION ( 'NONE',  ( 0.000000000000000000, -1.000000000000000000, 0.000000000000000000 ) ) ;
#3041 = B_SPLINE_CURVE_WITH_KNOTS ( 'NONE', 3,
 ( #2165, #4093, #1411, #2513, #1775, #4827 ),
 .UNSPECIFIED., .F., .F.,
 ( 4, 2, 4 ),
 ( 0.000000000000000000, 0.4999999999999997224, 1.000000000000000000 ),
 .UNSPECIFIED. ) ;
#3042 = ORIENTED_EDGE ( 'NONE', *, *, #3447, .T. ) ;
#3043 = CARTESIAN_POINT ( 'NONE',  ( 1.005051025721682256, 0.000000000000000000, -1.549999999999997158 ) ) ;
#3044 = CARTESIAN_POINT ( 'NONE',  ( 0.2416666666666664187, 1.010000000000000009, -1.445000000000000062 ) ) ;
#3045 =( BOUNDED_CURVE ( )  B_SPLINE_CURVE ( 2, ( #2972, #4508, #1094 ),
 .UNSPECIFIED., .F., .F. ) 
 B_SPLINE_CURVE_WITH_KNOTS ( ( 3, 3 ),
 ( 0.000000000000000000, 1.000000000000000000 ),
 .UNSPECIFIED. ) 
 CURVE ( )  GEOMETRIC_REPRESENTATION_ITEM ( )  RATIONAL_B_SPLINE_CURVE ( ( 1.000000000000000000, 0.7071067811865475727, 1.000000000000000000 ) ) 
 REPRESENTATION_ITEM ( '' )  );
#3046 = CARTESIAN_POINT ( 'NONE',  ( 0.7250000000000000888, 0.9100000000000000311, 1.509999999999999787 ) ) ;
#3047 = EDGE_CURVE ( 'NONE', #4757, #3702, #4467, .T. ) ;
#3048 = VERTEX_POINT ( 'NONE', #4113 ) ;
#3049 = VERTEX_POINT ( 'NONE', #1353 ) ;
#3050 = ORIENTED_EDGE ( 'NONE', *, *, #990, .T. ) ;
#3051 = CARTESIAN_POINT ( 'NONE',  ( 1.892680516623403848E-17, 1.125000000000000000, 1.349999999999999867 ) ) ;
#3052 = CARTESIAN_POINT ( 'NONE',  ( -1.074999999999999734, 1.050000000000000044, -1.074999999999999956 ) ) ;
#3053 = DIRECTION ( 'NONE',  ( 3.764590876685790570E-16, 0.000000000000000000, -1.000000000000000000 ) ) ;
#3054 = CARTESIAN_POINT ( 'NONE',  ( -1.094999999999999973, 1.010000000000000009, -0.3583333333333338366 ) ) ;
#3055 = EDGE_CURVE ( 'NONE', #3651, #3162, #1176, .T. ) ;
#3056 = DIRECTION ( 'NONE',  ( -1.000000000000000000, 0.000000000000000000, 0.000000000000000000 ) ) ;
#3057 = ORIENTED_EDGE ( 'NONE', *, *, #4019, .F. ) ;
#3058 = B_SPLINE_CURVE_WITH_KNOTS ( 'NONE', 3,
 ( #2503, #4842, #2208, #2548, #1053, #1402 ),
 .UNSPECIFIED., .F., .F.,
 ( 4, 2, 4 ),
 ( 0.000000000000000000, 0.4999999999999997224, 1.000000000000000000 ),
 .UNSPECIFIED. ) ;
#3059 = DIRECTION ( 'NONE',  ( -0.000000000000000000, -1.000000000000000000, 0.000000000000000000 ) ) ;
#3060 = ORIENTED_EDGE ( 'NONE', *, *, #3429, .T. ) ;
#3061 = AXIS2_PLACEMENT_3D ( 'NONE', #3895, #2250, #4582 ) ;
#3062 = LINE ( 'NONE', #2210, #4055 ) ;
#3063 = DIRECTION ( 'NONE',  ( -0.000000000000000000, -1.000000000000000000, 0.000000000000000000 ) ) ;
#3064 = ORIENTED_EDGE ( 'NONE', *, *, #643, .T. ) ;
#3065 = ADVANCED_FACE ( 'NONE', ( #222 ), #2162, .F. ) ;
#3066 = VECTOR ( 'NONE', #1826, 1000.000000000000000 ) ;
#3067 = AXIS2_PLACEMENT_3D ( 'NONE', #4974, #1549, #695 ) ;
#3068 = LINE ( 'NONE', #4620, #199 ) ;
#3069 = DIRECTION ( 'NONE',  ( 1.000000000000000000, 0.000000000000000000, 0.000000000000000000 ) ) ;
#3070 = AXIS2_PLACEMENT_3D ( 'NONE', #117, #3545, #1223 ) ;
#3071 = AXIS2_PLACEMENT_3D ( 'NONE', #90, #1222, #1271 ) ;
#3072 = ORIENTED_EDGE ( 'NONE', *, *, #2960, .T. ) ;
#3073 = VECTOR ( 'NONE', #4616, 1000.000000000000000 ) ;
#3074 = DIRECTION ( 'NONE',  ( 0.000000000000000000, -1.000000000000000000, 0.000000000000000000 ) ) ;
#3075 =( LENGTH_UNIT ( ) NAMED_UNIT ( * ) SI_UNIT ( .MILLI., .METRE. ) );
#3076 = B_SPLINE_CURVE_WITH_KNOTS ( 'NONE', 3,
 ( #4644, #1111, #2339, #2608 ),
 .UNSPECIFIED., .F., .F.,
 ( 4, 4 ),
 ( 0.000000000000000000, 1.000000000000000000 ),
 .UNSPECIFIED. ) ;
#3077 = EDGE_CURVE ( 'NONE', #3284, #336, #1473, .T. ) ;
#3078 = AXIS2_PLACEMENT_3D ( 'NONE', #2957, #4535, #1448 ) ;
#3079 = VERTEX_POINT ( 'NONE', #2601 ) ;
#3080 = ORIENTED_EDGE ( 'NONE', *, *, #896, .F. ) ;
#3081 = CARTESIAN_POINT ( 'NONE',  ( 1.249999999999999334, 0.000000000000000000, 1.349999999999999867 ) ) ;
#3082 = CYLINDRICAL_SURFACE ( 'NONE', #1181, 0.2500000000000002220 ) ;
#3083 = EDGE_CURVE ( 'NONE', #1699, #4730, #3034, .T. ) ;
#3084 = CARTESIAN_POINT ( 'NONE',  ( -0.7250000000000000888, 0.9000000000000000222, 1.424999999999999822 ) ) ;
#3085 = CARTESIAN_POINT ( 'NONE',  ( -0.8221377990421737669, 0.9100000000000062483, -1.444999999705002480 ) ) ;
#3086 = CARTESIAN_POINT ( 'NONE',  ( 1.249999999999999778, 0.4000000000000000222, -1.349999999999999645 ) ) ;
#3087 = AXIS2_PLACEMENT_3D ( 'NONE', #2049, #4683, #4732 ) ;
#3088 = ORIENTED_EDGE ( 'NONE', *, *, #309, .T. ) ;
#3089 = VERTEX_POINT ( 'NONE', #389 ) ;
#3090 = DIRECTION ( 'NONE',  ( 1.000000000000000000, 0.000000000000000000, 0.000000000000000000 ) ) ;
#3091 = SURFACE_STYLE_FILL_AREA ( #4617 ) ;
#3092 = ORIENTED_EDGE ( 'NONE', *, *, #2186, .F. ) ;
#3093 = VECTOR ( 'NONE', #4761, 1000.000000000000000 ) ;
#3094 = ORIENTED_EDGE ( 'NONE', *, *, #3686, .T. ) ;
#3095 = CARTESIAN_POINT ( 'NONE',  ( 1.249999999999999334, 0.4000000000000000222, 1.600000000000000089 ) ) ;
#3096 = VECTOR ( 'NONE', #1235, 1000.000000000000000 ) ;
#3097 = ORIENTED_EDGE ( 'NONE', *, *, #2891, .T. ) ;
#3098 = PRESENTATION_STYLE_ASSIGNMENT (( #4552 ) ) ;
#3099 = FACE_OUTER_BOUND ( 'NONE', #4227, .T. ) ;
#3100 = VERTEX_POINT ( 'NONE', #772 ) ;
#3101 = EDGE_LOOP ( 'NONE', ( #1250, #4214, #3119, #4309 ) ) ;
#3102 = VERTEX_POINT ( 'NONE', #4969 ) ;
#3103 = EDGE_CURVE ( 'NONE', #3291, #4082, #1911, .T. ) ;
#3104 = DIRECTION ( 'NONE',  ( 0.000000000000000000, -1.000000000000000000, 0.000000000000000000 ) ) ;
#3105 = CARTESIAN_POINT ( 'NONE',  ( 0.7249999999999999778, 0.9000000000000000222, 1.424999999999999600 ) ) ;
#3106 = CARTESIAN_POINT ( 'NONE',  ( -1.159999999999999698, 0.9100000000000000311, -1.074999999999999067 ) ) ;
#3107 = CARTESIAN_POINT ( 'NONE',  ( 0.7249999999999999778, 0.9100000000000000311, -1.510000000000000009 ) ) ;
#3108 = CARTESIAN_POINT ( 'NONE',  ( -1.250000000000000000, 0.2850000000000005307, 0.1499999999999998279 ) ) ;
#3109 = ORIENTED_EDGE ( 'NONE', *, *, #4024, .T. ) ;
#3110 = CARTESIAN_POINT ( 'NONE',  ( 0.7249999999999999778, 1.050000000000000044, -1.425000000000000044 ) ) ;
#3111 = CARTESIAN_POINT ( 'NONE',  ( 1.249999999999999778, 0.3999999999999999667, -1.599999999999999645 ) ) ;
#3112 = ORIENTED_EDGE ( 'NONE', *, *, #398, .T. ) ;
#3113 = ADVANCED_FACE ( 'NONE', ( #315 ), #1936, .F. ) ;
#3114 = EDGE_CURVE ( 'NONE', #832, #4087, #1842, .T. ) ;
#3115 = CIRCLE ( 'NONE', #1602, 0.2500000000000002220 ) ;
#3116 = LINE ( 'NONE', #821, #2189 ) ;
#3117 = CARTESIAN_POINT ( 'NONE',  ( -1.094999999999999751, 1.050000000000000044, -1.074999999999999956 ) ) ;
#3118 = EDGE_CURVE ( 'NONE', #3049, #2223, #4889, .T. ) ;
#3119 = ORIENTED_EDGE ( 'NONE', *, *, #4950, .T. ) ;
#3120 = CARTESIAN_POINT ( 'NONE',  ( -0.9999999999999988898, 0.000000000000000000, -1.599999999999997424 ) ) ;
#3121 = CARTESIAN_POINT ( 'NONE',  ( 0.7250000000000000888, 1.050000000000000044, 1.444999999999999840 ) ) ;
#3122 = ORIENTED_EDGE ( 'NONE', *, *, #3172, .F. ) ;
#3123 = VERTEX_POINT ( 'NONE', #1547 ) ;
#3124 = ORIENTED_EDGE ( 'NONE', *, *, #927, .F. ) ;
#3125 = CARTESIAN_POINT ( 'NONE',  ( 1.160000000000000142, -9.099999999999999645, -0.1499999999999998002 ) ) ;
#3126 = CARTESIAN_POINT ( 'NONE',  ( 1.094999999999999973, 1.010000000000000009, -1.172137799044214779 ) ) ;
#3127 = PLANE ( 'NONE',  #1823 ) ;
#3128 = CARTESIAN_POINT ( 'NONE',  ( 0.9999999999999993339, 0.4000000000000000222, -1.599999999999996758 ) ) ;
#3129 = UNCERTAINTY_MEASURE_WITH_UNIT (LENGTH_MEASURE( 1.000000000000000082E-05 ), #3706, 'distance_accuracy_value', 'NONE');
#3130 = CIRCLE ( 'NONE', #4191, 0.08999999999999958034 ) ;
#3131 = EDGE_CURVE ( 'NONE', #4572, #3291, #3735, .T. ) ;
#3132 = ORIENTED_EDGE ( 'NONE', *, *, #1307, .T. ) ;
#3133 = EDGE_LOOP ( 'NONE', ( #157, #568, #685, #943, #4456, #1133, #850, #1718, #381, #2948, #2335, #1256, #971, #232, #1320, #361, #306, #3180, #3992, #3064, #904, #1162, #2492, #1330, #4658, #2728, #4457, #944, #1230, #4688, #658, #1683, #52, #2817, #2856, #1653, #888 ) ) ;
#3134 = ORIENTED_EDGE ( 'NONE', *, *, #1719, .T. ) ;
#3135 = DIRECTION ( 'NONE',  ( 0.000000000000000000, 1.000000000000000000, 0.000000000000000000 ) ) ;
#3136 = CARTESIAN_POINT ( 'NONE',  ( -0.7249999999999997558, 0.9099999999999999201, 1.445000000000000062 ) ) ;
#3137 = DIRECTION ( 'NONE',  ( -1.000000000000000000, 0.000000000000000000, 0.000000000000000000 ) ) ;
#3138 = CARTESIAN_POINT ( 'NONE',  ( 1.159999999999999920, 0.9000000000000000222, 1.074999999999999956 ) ) ;
#3139 = STYLED_ITEM ( 'NONE', ( #4744 ), #775 ) ;
#3140 = ORIENTED_EDGE ( 'NONE', *, *, #2645, .F. ) ;
#3141 = EDGE_CURVE ( 'NONE', #4776, #2275, #2575, .T. ) ;
#3142 = AXIS2_PLACEMENT_3D ( 'NONE', #2612, #4005, #3599 ) ;
#3143 = DIRECTION ( 'NONE',  ( -0.000000000000000000, -1.000000000000000000, -0.000000000000000000 ) ) ;
#3144 = LINE ( 'NONE', #1249, #1483 ) ;
#3145 = EDGE_CURVE ( 'NONE', #2499, #3203, #3062, .T. ) ;
#3146 = EDGE_CURVE ( 'NONE', #4770, #2849, #1453, .T. ) ;
#3147 = ORIENTED_EDGE ( 'NONE', *, *, #1029, .T. ) ;
#3148 = EDGE_CURVE ( 'NONE', #3651, #71, #4241, .T. ) ;
#3149 = PLANE ( 'NONE',  #2574 ) ;
#3150 = CIRCLE ( 'NONE', #3957, 0.2500000000000002220 ) ;
#3151 = LINE ( 'NONE', #2762, #1167 ) ;
#3152 = AXIS2_PLACEMENT_3D ( 'NONE', #1985, #3500, #853 ) ;
#3153 = ORIENTED_EDGE ( 'NONE', *, *, #3491, .T. ) ;
#3154 = AXIS2_PLACEMENT_3D ( 'NONE', #981, #2944, #4140 ) ;
#3155 = EDGE_LOOP ( 'NONE', ( #4694, #410, #2636, #3271 ) ) ;
#3156 = EDGE_CURVE ( 'NONE', #1217, #2030, #1078, .T. ) ;
#3157 = LINE ( 'NONE', #2850, #2484 ) ;
#3158 = LINE ( 'NONE', #2070, #4475 ) ;
#3159 = DIRECTION ( 'NONE',  ( 1.000000000000000000, 0.000000000000000000, 3.764590876685790570E-16 ) ) ;
#3160 = AXIS2_PLACEMENT_3D ( 'NONE', #4108, #3595, #1687 ) ;
#3161 = DIRECTION ( 'NONE',  ( 0.000000000000000000, -1.000000000000000000, 0.000000000000000000 ) ) ;
#3162 = VERTEX_POINT ( 'NONE', #1148 ) ;
#3163 = ORIENTED_EDGE ( 'NONE', *, *, #4746, .F. ) ;
#3164 = B_SPLINE_CURVE_WITH_KNOTS ( 'NONE', 3,
 ( #129, #1654, #4099, #3721, #234, #1417 ),
 .UNSPECIFIED., .F., .F.,
 ( 4, 2, 4 ),
 ( 0.000000000000000000, 0.5000000000000002220, 1.000000000000000000 ),
 .UNSPECIFIED. ) ;
#3165 = CARTESIAN_POINT ( 'NONE',  ( -1.074999999999999734, 1.050000000000000044, -1.074999999999999956 ) ) ;
#3166 = CARTESIAN_POINT ( 'NONE',  ( 1.095000000000000417, 0.9099999999999999201, 1.075000000000000178 ) ) ;
#3167 = LINE ( 'NONE', #1316, #379 ) ;
#3168 = DIRECTION ( 'NONE',  ( 0.000000000000000000, -1.000000000000000000, 0.000000000000000000 ) ) ;
#3169 = CIRCLE ( 'NONE', #1496, 0.3500000000000001443 ) ;
#3170 = ORIENTED_EDGE ( 'NONE', *, *, #1952, .F. ) ;
#3171 = VECTOR ( 'NONE', #356, 1000.000000000000000 ) ;
#3172 = EDGE_CURVE ( 'NONE', #1464, #476, #693, .T. ) ;
#3173 = CARTESIAN_POINT ( 'NONE',  ( 0.9999999999999993339, 0.000000000000000000, -1.599999999999996758 ) ) ;
#3174 = PLANE ( 'NONE',  #3395 ) ;
#3175 = ORIENTED_EDGE ( 'NONE', *, *, #1749, .T. ) ;
#3176 = VECTOR ( 'NONE', #2079, 1000.000000000000000 ) ;
#3177 = DIRECTION ( 'NONE',  ( 1.000000000000000000, 0.000000000000000000, -6.458098650248652515E-16 ) ) ;
#3178 = CARTESIAN_POINT ( 'NONE',  ( 1.249999999999999334, 0.000000000000000000, 1.600000000000000089 ) ) ;
#3179 = CARTESIAN_POINT ( 'NONE',  ( -0.7250000000000000888, 1.010000000000000009, 1.444999999999999840 ) ) ;
#3180 = ORIENTED_EDGE ( 'NONE', *, *, #1398, .F. ) ;
#3181 = VERTEX_POINT ( 'NONE', #744 ) ;
#3182 = EDGE_CURVE ( 'NONE', #513, #3123, #1177, .T. ) ;
#3183 = LINE ( 'NONE', #4780, #750 ) ;
#3184 = DIRECTION ( 'NONE',  ( -0.000000000000000000, -1.000000000000000000, 0.000000000000000000 ) ) ;
#3185 = LINE ( 'NONE', #179, #4961 ) ;
#3186 = PLANE ( 'NONE',  #1770 ) ;
#3187 = EDGE_CURVE ( 'NONE', #2420, #2550, #3393, .T. ) ;
#3188 = EDGE_LOOP ( 'NONE', ( #1341, #2176, #3094, #4778, #1740, #4248, #3112, #68, #2897 ) ) ;
#3189 = ORIENTED_EDGE ( 'NONE', *, *, #1812, .F. ) ;
#3190 = ORIENTED_EDGE ( 'NONE', *, *, #1698, .F. ) ;
#3191 = DIRECTION ( 'NONE',  ( -1.000000000000000000, 0.000000000000000000, -1.355252715606880543E-16 ) ) ;
#3192 = CARTESIAN_POINT ( 'NONE',  ( -0.7249999999999998668, 1.050000000000000044, -1.074999999999999734 ) ) ;
#3193 = CARTESIAN_POINT ( 'NONE',  ( 1.159999999999999920, 0.9000000000000000222, -1.074999999999999734 ) ) ;
#3194 = CARTESIAN_POINT ( 'NONE',  ( -0.4500000000000000111, 0.4000000000000000222, 0.6500000000000017986 ) ) ;
#3195 = CARTESIAN_POINT ( 'NONE',  ( 1.249999999999999778, 0.2850000000000005307, 0.1500000000000001610 ) ) ;
#3196 = DIRECTION ( 'NONE',  ( -3.466925551552480752E-17, 0.000000000000000000, 1.000000000000000000 ) ) ;
#3197 = ORIENTED_EDGE ( 'NONE', *, *, #3022, .F. ) ;
#3198 = CIRCLE ( 'NONE', #1677, 0.3700000000000001066 ) ;
#3199 = CARTESIAN_POINT ( 'NONE',  ( 0.9999999999999993339, 1.641974234837420665, -1.599999999999996758 ) ) ;
#3200 = FACE_OUTER_BOUND ( 'NONE', #575, .T. ) ;
#3201 = PLANE ( 'NONE',  #4289 ) ;
#3202 = EDGE_LOOP ( 'NONE', ( #438, #1603, #4441, #554 ) ) ;
#3203 = VERTEX_POINT ( 'NONE', #2285 ) ;
#3204 = ORIENTED_EDGE ( 'NONE', *, *, #4912, .T. ) ;
#3205 = DIRECTION ( 'NONE',  ( 1.000000000000000000, 0.000000000000000000, 5.217722955086476205E-14 ) ) ;
#3206 = CARTESIAN_POINT ( 'NONE',  ( 0.7250000000000000888, 1.010000000000000009, -1.445000000000000062 ) ) ;
#3207 = CARTESIAN_POINT ( 'NONE',  ( -1.249999999999999778, 1.641974234837420665, 1.349999999999999423 ) ) ;
#3208 = CARTESIAN_POINT ( 'NONE',  ( -0.9999999999999993339, 1.641974234837420665, 1.599999999999999645 ) ) ;
#3209 = EDGE_CURVE ( 'NONE', #545, #2747, #2309, .T. ) ;
#3210 = ORIENTED_EDGE ( 'NONE', *, *, #1446, .T. ) ;
#3211 = ORIENTED_EDGE ( 'NONE', *, *, #4931, .F. ) ;
#3212 = CARTESIAN_POINT ( 'NONE',  ( -1.005051025721682256, 0.000000000000000000, 1.549999999999997380 ) ) ;
#3213 = EDGE_CURVE ( 'NONE', #2046, #2849, #4138, .T. ) ;
#3214 = DIRECTION ( 'NONE',  ( 1.000000000000000000, 0.000000000000000000, 0.000000000000000000 ) ) ;
#3215 = CARTESIAN_POINT ( 'NONE',  ( -1.199999999999999956, 0.3999999999999999667, -1.355051025721681901 ) ) ;
#3216 = CIRCLE ( 'NONE', #1853, 0.07499999999999998335 ) ;
#3217 = CARTESIAN_POINT ( 'NONE',  ( -1.160000000000000142, 0.9100000000000000311, 1.074999999999999067 ) ) ;
#3218 = ORIENTED_EDGE ( 'NONE', *, *, #346, .T. ) ;
#3219 = CARTESIAN_POINT ( 'NONE',  ( 0.4500000000000002887, 1.641974234837420665, -1.549999999999997824 ) ) ;
#3220 = CARTESIAN_POINT ( 'NONE',  ( -0.7249999999999996447, 0.9000000000000000222, -1.424999999999999822 ) ) ;
#3221 = FACE_OUTER_BOUND ( 'NONE', #1887, .T. ) ;
#3222 = VERTEX_POINT ( 'NONE', #2647 ) ;
#3223 = VECTOR ( 'NONE', #212, 1000.000000000000000 ) ;
#3224 = CARTESIAN_POINT ( 'NONE',  ( -1.249999999999999778, 1.641974234837420665, 1.349999999999999423 ) ) ;
#3225 = DIRECTION ( 'NONE',  ( -1.000000000000000000, 0.000000000000000000, 0.000000000000000000 ) ) ;
#3226 = CARTESIAN_POINT ( 'NONE',  ( 0.2416666666666666685, 1.010000000000000009, 1.445000000000000062 ) ) ;
#3227 = ORIENTED_EDGE ( 'NONE', *, *, #3145, .F. ) ;
#3228 = ORIENTED_EDGE ( 'NONE', *, *, #665, .T. ) ;
#3229 = ORIENTED_EDGE ( 'NONE', *, *, #4717, .F. ) ;
#3230 = AXIS2_PLACEMENT_3D ( 'NONE', #698, #3741, #4479 ) ;
#3231 = AXIS2_PLACEMENT_3D ( 'NONE', #17, #4591, #1477 ) ;
#3232 = DIRECTION ( 'NONE',  ( -0.000000000000000000, -1.000000000000000000, -0.000000000000000000 ) ) ;
#3233 = CARTESIAN_POINT ( 'NONE',  ( 1.250000000000000000, 0.000000000000000000, -0.2399999999999994083 ) ) ;
#3234 = ADVANCED_FACE ( 'NONE', ( #1197 ), #63, .T. ) ;
#3235 = LINE ( 'NONE', #3644, #3096 ) ;
#3236 = FACE_OUTER_BOUND ( 'NONE', #402, .T. ) ;
#3237 = AXIS2_PLACEMENT_3D ( 'NONE', #3831, #2703, #3468 ) ;
#3238 = ORIENTED_EDGE ( 'NONE', *, *, #1292, .T. ) ;
#3239 = ORIENTED_EDGE ( 'NONE', *, *, #486, .F. ) ;
#3240 = ADVANCED_FACE ( 'NONE', ( #2778 ), #3711, .T. ) ;
#3241 = AXIS2_PLACEMENT_3D ( 'NONE', #260, #585, #1711 ) ;
#3242 = CARTESIAN_POINT ( 'NONE',  ( 0.7250000000000000888, 1.050000000000000044, 1.074999999999999734 ) ) ;
#3243 = CYLINDRICAL_SURFACE ( 'NONE', #3889, 0.2500000000000002220 ) ;
#3244 = FACE_OUTER_BOUND ( 'NONE', #1543, .T. ) ;
#3245 = FACE_OUTER_BOUND ( 'NONE', #3697, .T. ) ;
#3246 = ORIENTED_EDGE ( 'NONE', *, *, #516, .T. ) ;
#3247 = DIRECTION ( 'NONE',  ( 1.355252715606880543E-16, -0.000000000000000000, -1.000000000000000000 ) ) ;
#3248 = DIRECTION ( 'NONE',  ( 1.000000000000000000, 0.000000000000000000, 0.000000000000000000 ) ) ;
#3249 = CARTESIAN_POINT ( 'NONE',  ( -1.049999999999999600, 0.000000000000000000, 1.599999999999999645 ) ) ;
#3250 = ORIENTED_EDGE ( 'NONE', *, *, #2994, .F. ) ;
#3251 = CIRCLE ( 'NONE', #3087, 0.2500000000000002220 ) ;
#3252 = LINE ( 'NONE', #3692, #1318 ) ;
#3253 = DIRECTION ( 'NONE',  ( 0.000000000000000000, 1.000000000000000000, 0.000000000000000000 ) ) ;
#3254 = FACE_OUTER_BOUND ( 'NONE', #3537, .T. ) ;
#3255 = EDGE_LOOP ( 'NONE', ( #2902, #2410, #3638, #1278 ) ) ;
#3256 = VERTEX_POINT ( 'NONE', #4363 ) ;
#3257 = AXIS2_PLACEMENT_3D ( 'NONE', #1004, #261, #3776 ) ;
#3258 = VERTEX_POINT ( 'NONE', #1662 ) ;
#3259 = DIRECTION ( 'NONE',  ( 1.000000000000000000, 0.000000000000000000, 0.000000000000000000 ) ) ;
#3260 = FILL_AREA_STYLE ('',( #993 ) ) ;
#3261 = FACE_OUTER_BOUND ( 'NONE', #1630, .T. ) ;
#3262 = AXIS2_PLACEMENT_3D ( 'NONE', #711, #4865, #640 ) ;
#3263 = FACE_OUTER_BOUND ( 'NONE', #139, .T. ) ;
#3264 = ORIENTED_EDGE ( 'NONE', *, *, #3114, .F. ) ;
#3265 = EDGE_CURVE ( 'NONE', #3585, #2565, #2332, .T. ) ;
#3266 = VERTEX_POINT ( 'NONE', #2355 ) ;
#3267 = DIRECTION ( 'NONE',  ( -0.000000000000000000, -1.000000000000000000, 0.000000000000000000 ) ) ;
#3268 = CARTESIAN_POINT ( 'NONE',  ( -1.249999999999999778, 0.4000000000000000222, 1.599999999999999645 ) ) ;
#3269 = SURFACE_SIDE_STYLE ('',( #2109 ) ) ;
#3270 = PLANE ( 'NONE',  #1525 ) ;
#3271 = ORIENTED_EDGE ( 'NONE', *, *, #4646, .F. ) ;
#3272 = B_SPLINE_CURVE_WITH_KNOTS ( 'NONE', 3,
 ( #656, #4080, #1681, #4463, #3677, #3997 ),
 .UNSPECIFIED., .F., .F.,
 ( 4, 2, 4 ),
 ( 0.000000000000000000, 0.4999999999999998335, 1.000000000000000000 ),
 .UNSPECIFIED. ) ;
#3273 = DIRECTION ( 'NONE',  ( 0.000000000000000000, -1.000000000000000000, 0.000000000000000000 ) ) ;
#3274 = CARTESIAN_POINT ( 'NONE',  ( 1.249999999999999334, 0.000000000000000000, 1.600000000000000089 ) ) ;
#3275 = ADVANCED_FACE ( 'NONE', ( #504 ), #2531, .T. ) ;
#3276 = ORIENTED_EDGE ( 'NONE', *, *, #3807, .T. ) ;
#3277 = ORIENTED_EDGE ( 'NONE', *, *, #155, .F. ) ;
#3278 = CARTESIAN_POINT ( 'NONE',  ( 0.7250000000000000888, 0.9000000000000000222, 1.074999999999999734 ) ) ;
#3279 = EDGE_CURVE ( 'NONE', #3222, #2281, #137, .T. ) ;
#3280 = DIRECTION ( 'NONE',  ( 0.000000000000000000, -1.000000000000000000, 0.000000000000000000 ) ) ;
#3281 = DIRECTION ( 'NONE',  ( 1.000000000000000000, 0.000000000000000000, 0.000000000000000000 ) ) ;
#3282 = AXIS2_PLACEMENT_3D ( 'NONE', #2181, #3322, #4888 ) ;
#3283 = EDGE_LOOP ( 'NONE', ( #1581, #4805, #786, #1431 ) ) ;
#3284 = VERTEX_POINT ( 'NONE', #3467 ) ;
#3285 = ORIENTED_EDGE ( 'NONE', *, *, #31, .T. ) ;
#3286 = VECTOR ( 'NONE', #1395, 1000.000000000000000 ) ;
#3287 = CARTESIAN_POINT ( 'NONE',  ( 1.159999999999999698, 0.9100000000000000311, -0.3583333333333337256 ) ) ;
#3288 = CARTESIAN_POINT ( 'NONE',  ( -0.2416666666666663077, 1.010000000000000009, 1.444999999999999840 ) ) ;
#3289 = ADVANCED_FACE ( 'NONE', ( #1593 ), #110, .T. ) ;
#3290 = ORIENTED_EDGE ( 'NONE', *, *, #2605, .F. ) ;
#3291 = VERTEX_POINT ( 'NONE', #3110 ) ;
#3292 = PLANE ( 'NONE',  #1251 ) ;
#3293 = DIRECTION ( 'NONE',  ( 7.506309209004537245E-16, 0.000000000000000000, -1.000000000000000000 ) ) ;
#3294 = CARTESIAN_POINT ( 'NONE',  ( -1.095000000000000195, 0.9100000000000001421, 1.074999999999999067 ) ) ;
#3295 = LINE ( 'NONE', #975, #3516 ) ;
#3296 = ORIENTED_EDGE ( 'NONE', *, *, #4025, .F. ) ;
#3297 = DIRECTION ( 'NONE',  ( 1.000000000000000000, 0.000000000000000000, 0.000000000000000000 ) ) ;
#3298 = EDGE_CURVE ( 'NONE', #2275, #2873, #2424, .T. ) ;
#3299 = DIRECTION ( 'NONE',  ( 0.000000000000000000, -1.000000000000000000, 0.000000000000000000 ) ) ;
#3300 = AXIS2_PLACEMENT_3D ( 'NONE', #1776, #3253, #598 ) ;
#3301 = ADVANCED_FACE ( 'NONE', ( #2078 ), #4001, .F. ) ;
#3302 = EDGE_CURVE ( 'NONE', #1348, #2499, #4695, .T. ) ;
#3303 = CARTESIAN_POINT ( 'NONE',  ( -0.4500000000000000111, 0.3999999999999999667, 0.6500000000000017986 ) ) ;
#3304 = CARTESIAN_POINT ( 'NONE',  ( 1.249999999999999334, 0.000000000000000000, -1.399999999999999467 ) ) ;
#3305 = CARTESIAN_POINT ( 'NONE',  ( 1.094999999999999973, 1.010000000000000009, -1.074999999999999734 ) ) ;
#3306 = PRESENTATION_LAYER_ASSIGNMENT (  '', '', ( #3139 ) ) ;
#3307 = ORIENTED_EDGE ( 'NONE', *, *, #4577, .T. ) ;
#3308 = VECTOR ( 'NONE', #4169, 1000.000000000000000 ) ;
#3309 = DIRECTION ( 'NONE',  ( -1.000000000000000000, 0.000000000000000000, 0.000000000000000000 ) ) ;
#3310 = CYLINDRICAL_SURFACE ( 'NONE', #263, 0.08999999999999980238 ) ;
#3311 = FACE_OUTER_BOUND ( 'NONE', #4399, .T. ) ;
#3312 = CARTESIAN_POINT ( 'NONE',  ( -1.249999999999999778, 0.000000000000000000, 1.349999999999999423 ) ) ;
#3313 = ORIENTED_EDGE ( 'NONE', *, *, #4638, .T. ) ;
#3314 = CIRCLE ( 'NONE', #3391, 0.2500000000000002220 ) ;
#3315 = ORIENTED_EDGE ( 'NONE', *, *, #2103, .F. ) ;
#3316 = EDGE_CURVE ( 'NONE', #3162, #589, #4390, .T. ) ;
#3317 = LINE ( 'NONE', #4083, #2517 ) ;
#3318 = CARTESIAN_POINT ( 'NONE',  ( -0.4500000000000002887, 0.4000000000000000222, 1.549999999999997824 ) ) ;
#3319 = CARTESIAN_POINT ( 'NONE',  ( 1.074999999999999956, 0.9000000000000000222, 1.074999999999999956 ) ) ;
#3320 = AXIS2_PLACEMENT_3D ( 'NONE', #1803, #1846, #4145 ) ;
#3321 = CIRCLE ( 'NONE', #3231, 0.08999999999999958034 ) ;
#3322 = DIRECTION ( 'NONE',  ( 0.000000000000000000, 1.000000000000000000, 0.000000000000000000 ) ) ;
#3323 = VECTOR ( 'NONE', #146, 1000.000000000000000 ) ;
#3324 = LINE ( 'NONE', #4822, #1325 ) ;
#3325 = PLANE ( 'NONE',  #1798 ) ;
#3326 = VECTOR ( 'NONE', #3781, 1000.000000000000000 ) ;
#3327 = EDGE_CURVE ( 'NONE', #3806, #832, #3478, .T. ) ;
#3328 = LINE ( 'NONE', #2945, #4930 ) ;
#3329 = DIRECTION ( 'NONE',  ( 0.000000000000000000, 1.000000000000000000, 0.000000000000000000 ) ) ;
#3330 = CARTESIAN_POINT ( 'NONE',  ( 1.249999999999999334, 0.000000000000000000, 1.600000000000000089 ) ) ;
#3331 = ORIENTED_EDGE ( 'NONE', *, *, #441, .F. ) ;
#3332 = AXIS2_PLACEMENT_3D ( 'NONE', #308, #1445, #2136 ) ;
#3333 = CARTESIAN_POINT ( 'NONE',  ( 1.249999999999999778, 1.641974234837420665, -1.349999999999999645 ) ) ;
#3334 = DIRECTION ( 'NONE',  ( 0.000000000000000000, 1.000000000000000000, 0.000000000000000000 ) ) ;
#3335 = CARTESIAN_POINT ( 'NONE',  ( 1.159999999999999920, 0.9100000000000000311, -1.074999999999999956 ) ) ;
#3336 = DIRECTION ( 'NONE',  ( -0.000000000000000000, -1.000000000000000000, 0.000000000000000000 ) ) ;
#3337 = AXIS2_PLACEMENT_3D ( 'NONE', #3761, #1894, #2653 ) ;
#3338 = VERTEX_POINT ( 'NONE', #3620 ) ;
#3339 = EDGE_CURVE ( 'NONE', #1482, #959, #2137, .T. ) ;
#3340 = VERTEX_POINT ( 'NONE', #1003 ) ;
#3341 = LINE ( 'NONE', #307, #3632 ) ;
#3342 = CIRCLE ( 'NONE', #1185, 0.2500000000000002220 ) ;
#3343 = CARTESIAN_POINT ( 'NONE',  ( 1.250000000000000000, 1.200000000000000178, -1.399999999999999689 ) ) ;
#3344 = EDGE_CURVE ( 'NONE', #3464, #4087, #1018, .T. ) ;
#3345 = CARTESIAN_POINT ( 'NONE',  ( 1.200000000000000178, 0.000000000000000000, 0.6500000000000021316 ) ) ;
#3346 = EDGE_CURVE ( 'NONE', #1126, #1017, #2580, .T. ) ;
#3347 = CARTESIAN_POINT ( 'NONE',  ( -1.200000000000000178, 0.000000000000000000, 0.6500000000000016875 ) ) ;
#3348 = CARTESIAN_POINT ( 'NONE',  ( -1.249999999999999778, 1.641974234837420665, -1.349999999999999867 ) ) ;
#3349 = DIRECTION ( 'NONE',  ( 0.000000000000000000, 1.000000000000000000, 0.000000000000000000 ) ) ;
#3350 = DIRECTION ( 'NONE',  ( 1.355252715606880543E-16, 0.000000000000000000, -1.000000000000000000 ) ) ;
#3351 = CARTESIAN_POINT ( 'NONE',  ( -1.005051025721681812, 0.3999999999999999667, -1.549999999999997824 ) ) ;
#3352 = CARTESIAN_POINT ( 'NONE',  ( 1.249999999999999778, 0.000000000000000000, -1.349999999999999645 ) ) ;
#3353 = ORIENTED_EDGE ( 'NONE', *, *, #1627, .T. ) ;
#3354 = LINE ( 'NONE', #1848, #1221 ) ;
#3355 = CYLINDRICAL_SURFACE ( 'NONE', #4400, 0.2500000000000002220 ) ;
#3356 = EDGE_CURVE ( 'NONE', #4918, #4588, #439, .T. ) ;
#3357 = FACE_OUTER_BOUND ( 'NONE', #1938, .T. ) ;
#3358 = VERTEX_POINT ( 'NONE', #614 ) ;
#3359 = VERTEX_POINT ( 'NONE', #1374 ) ;
#3360 = CIRCLE ( 'NONE', #717, 0.08999999999999980238 ) ;
#3361 = LINE ( 'NONE', #1723, #3718 ) ;
#3362 = DIRECTION ( 'NONE',  ( 0.000000000000000000, -1.000000000000000000, 0.000000000000000000 ) ) ;
#3363 = ADVANCED_FACE ( 'NONE', ( #4815 ), #3243, .T. ) ;
#3364 = LINE ( 'NONE', #1122, #687 ) ;
#3365 = DIRECTION ( 'NONE',  ( 1.000000000000000000, 0.000000000000000000, 3.466925551552480752E-17 ) ) ;
#3366 = CARTESIAN_POINT ( 'NONE',  ( 0.7249999999999999778, 0.9000000000000000222, -1.425000000000000044 ) ) ;
#3367 = VERTEX_POINT ( 'NONE', #242 ) ;
#3368 = ADVANCED_FACE ( 'NONE', ( #2502 ), #4058, .F. ) ;
#3369 = DIRECTION ( 'NONE',  ( 0.000000000000000000, -1.000000000000000000, 0.000000000000000000 ) ) ;
#3370 = PLANE ( 'NONE',  #4537 ) ;
#3371 = ORIENTED_EDGE ( 'NONE', *, *, #2806, .T. ) ;
#3372 = DIRECTION ( 'NONE',  ( 1.355252715606880543E-16, -0.000000000000000000, -1.000000000000000000 ) ) ;
#3373 = PLANE ( 'NONE',  #2937 ) ;
#3374 = CARTESIAN_POINT ( 'NONE',  ( 1.250000000000000000, 0.9000000000000000222, 1.600000000000000089 ) ) ;
#3375 = CIRCLE ( 'NONE', #820, 0.3500000000000000333 ) ;
#3376 = VERTEX_POINT ( 'NONE', #2859 ) ;
#3377 = DIRECTION ( 'NONE',  ( -1.000000000000000000, 0.000000000000000000, 6.458098650248650543E-16 ) ) ;
#3378 =( NAMED_UNIT ( * ) SI_UNIT ( $, .STERADIAN. ) SOLID_ANGLE_UNIT ( ) );
#3379 = LINE ( 'NONE', #727, #3308 ) ;
#3380 = DIRECTION ( 'NONE',  ( 1.355252715606880543E-16, 0.000000000000000000, -1.000000000000000000 ) ) ;
#3381 = ORIENTED_EDGE ( 'NONE', *, *, #1551, .T. ) ;
#3382 = EDGE_LOOP ( 'NONE', ( #1011, #4334, #2868, #814 ) ) ;
#3383 = EDGE_CURVE ( 'NONE', #1055, #2635, #218, .T. ) ;
#3384 = CARTESIAN_POINT ( 'NONE',  ( -1.160000000000000142, -9.099999999999999645, -0.1500000000000001610 ) ) ;
#3385 = CARTESIAN_POINT ( 'NONE',  ( 1.159999999999999698, 0.9100000000000000311, -0.3583333333333337256 ) ) ;
#3386 = AXIS2_PLACEMENT_3D ( 'NONE', #1022, #1460, #702 ) ;
#3387 = CARTESIAN_POINT ( 'NONE',  ( -1.249999999999999778, 0.3999999999999999667, -1.349999999999999867 ) ) ;
#3388 = DIRECTION ( 'NONE',  ( -1.000000000000000000, 0.000000000000000000, 0.000000000000000000 ) ) ;
#3389 = CYLINDRICAL_SURFACE ( 'NONE', #1132, 0.3700000000000000511 ) ;
#3390 = ORIENTED_EDGE ( 'NONE', *, *, #2293, .T. ) ;
#3391 = AXIS2_PLACEMENT_3D ( 'NONE', #3694, #2194, #1756 ) ;
#3392 = AXIS2_PLACEMENT_3D ( 'NONE', #2435, #3988, #122 ) ;
#3393 = LINE ( 'NONE', #2681, #2745 ) ;
#3394 = CARTESIAN_POINT ( 'NONE',  ( -0.9999999999999988898, 0.3999999999999999667, -1.599999999999997424 ) ) ;
#3395 = AXIS2_PLACEMENT_3D ( 'NONE', #1272, #2403, #3955 ) ;
#3396 = VECTOR ( 'NONE', #3736, 1000.000000000000000 ) ;
#3397 = FACE_OUTER_BOUND ( 'NONE', #3598, .T. ) ;
#3398 = AXIS2_PLACEMENT_3D ( 'NONE', #1821, #4089, #3248 ) ;
#3399 = LINE ( 'NONE', #4975, #696 ) ;
#3400 = EDGE_CURVE ( 'NONE', #2784, #2693, #2832, .T. ) ;
#3401 = CARTESIAN_POINT ( 'NONE',  ( 1.249999999999999334, 0.3999999999999999667, 1.600000000000000089 ) ) ;
#3402 = EDGE_CURVE ( 'NONE', #1957, #3222, #4030, .T. ) ;
#3403 = ORIENTED_EDGE ( 'NONE', *, *, #2735, .T. ) ;
#3404 = DIRECTION ( 'NONE',  ( 1.000000000000000000, 0.000000000000000000, 1.355252715606880543E-16 ) ) ;
#3405 = PRESENTATION_STYLE_ASSIGNMENT (( #1945 ) ) ;
#3406 = CARTESIAN_POINT ( 'NONE',  ( 1.094999999999999973, 1.010000000000000009, -1.074999999999999734 ) ) ;
#3407 = EDGE_LOOP ( 'NONE', ( #1363, #4749, #3042, #25 ) ) ;
#3408 = ORIENTED_EDGE ( 'NONE', *, *, #2450, .T. ) ;
#3409 = EDGE_LOOP ( 'NONE', ( #3197, #548, #2614, #2754, #1240, #2464, #3818, #4209 ) ) ;
#3410 = AXIS2_PLACEMENT_3D ( 'NONE', #2716, #2617, #3795 ) ;
#3411 = DIRECTION ( 'NONE',  ( -1.401985567869187533E-17, 0.000000000000000000, -1.000000000000000000 ) ) ;
#3412 = DIRECTION ( 'NONE',  ( -0.000000000000000000, -1.000000000000000000, 0.000000000000000000 ) ) ;
#3413 = DIRECTION ( 'NONE',  ( 0.000000000000000000, -1.000000000000000000, 0.000000000000000000 ) ) ;
#3414 = CARTESIAN_POINT ( 'NONE',  ( -0.7249999999999996447, 1.010000000000000009, -1.444999999999999840 ) ) ;
#3415 = CARTESIAN_POINT ( 'NONE',  ( -1.249999999999999778, 0.4000000000000000222, 1.599999999999999645 ) ) ;
#3416 = VERTEX_POINT ( 'NONE', #639 ) ;
#3417 = ORIENTED_EDGE ( 'NONE', *, *, #4947, .T. ) ;
#3418 = ORIENTED_EDGE ( 'NONE', *, *, #3452, .F. ) ;
#3419 = CIRCLE ( 'NONE', #4074, 0.2750000000000001887 ) ;
#3420 = DIRECTION ( 'NONE',  ( 1.000000000000000000, 0.000000000000000000, 0.000000000000000000 ) ) ;
#3421 = DIRECTION ( 'NONE',  ( 1.355252715606880543E-16, 0.000000000000000000, -1.000000000000000000 ) ) ;
#3422 = EDGE_LOOP ( 'NONE', ( #3080, #4153, #1595, #1935, #4895, #4465, #2368, #182 ) ) ;
#3423 = CARTESIAN_POINT ( 'NONE',  ( -0.7250000000000000888, 1.050000000000000044, 1.444999999999999840 ) ) ;
#3424 = DIRECTION ( 'NONE',  ( 3.466925551552483833E-17, 0.000000000000000000, -1.000000000000000000 ) ) ;
#3425 = FACE_OUTER_BOUND ( 'NONE', #2076, .T. ) ;
#3426 = EDGE_CURVE ( 'NONE', #2376, #4027, #1030, .T. ) ;
#3427 = ORIENTED_EDGE ( 'NONE', *, *, #4722, .F. ) ;
#3428 = EDGE_CURVE ( 'NONE', #1267, #15, #4469, .T. ) ;
#3429 = EDGE_CURVE ( 'NONE', #1852, #3376, #1744, .T. ) ;
#3430 = PLANE ( 'NONE',  #2184 ) ;
#3431 = LINE ( 'NONE', #21, #1623 ) ;
#3432 = ORIENTED_EDGE ( 'NONE', *, *, #56, .T. ) ;
#3433 = ORIENTED_EDGE ( 'NONE', *, *, #3512, .T. ) ;
#3434 = VERTEX_POINT ( 'NONE', #3705 ) ;
#3435 = LINE ( 'NONE', #4653, #1789 ) ;
#3436 = CARTESIAN_POINT ( 'NONE',  ( 1.250000000000000000, 0.9000000000000000222, -0.2399999999999994083 ) ) ;
#3437 = CARTESIAN_POINT ( 'NONE',  ( -1.200000000000000400, 1.641974234837420665, 1.355051025721681457 ) ) ;
#3438 = CARTESIAN_POINT ( 'NONE',  ( -0.7249999999999996447, 0.9100000000000000311, -1.509999999999999787 ) ) ;
#3439 = DIRECTION ( 'NONE',  ( -1.355252715606880543E-16, 0.000000000000000000, 1.000000000000000000 ) ) ;
#3440 = ORIENTED_EDGE ( 'NONE', *, *, #1714, .T. ) ;
#3442 = ORIENTED_EDGE ( 'NONE', *, *, #4612, .T. ) ;
#3441 = VECTOR ( 'NONE', #220, 1000.000000000000000 ) ;
#3443 = VERTEX_POINT ( 'NONE', #3318 ) ;
#3444 = VECTOR ( 'NONE', #378, 1000.000000000000000 ) ;
#3445 = DIRECTION ( 'NONE',  ( -1.355252715606880543E-16, 0.000000000000000000, 1.000000000000000000 ) ) ;
#3446 = B_SPLINE_CURVE_WITH_KNOTS ( 'NONE', 3,
 ( #728, #2613, #4170, #3046 ),
 .UNSPECIFIED., .F., .F.,
 ( 4, 4 ),
 ( 0.000000000000000000, 1.000000000000000000 ),
 .UNSPECIFIED. ) ;
#3447 = EDGE_CURVE ( 'NONE', #1137, #652, #2547, .T. ) ;
#3448 = LINE ( 'NONE', #800, #2656 ) ;
#3449 = PLANE ( 'NONE',  #4957 ) ;
#3450 = CYLINDRICAL_SURFACE ( 'NONE', #202, 0.3500000000000001443 ) ;
#3451 = EDGE_LOOP ( 'NONE', ( #1786, #1442, #3617, #4127, #3504, #4601, #314, #1389, #4129, #4844 ) ) ;
#3452 = EDGE_CURVE ( 'NONE', #442, #1311, #2666, .T. ) ;
#3453 = PLANE ( 'NONE',  #4913 ) ;
#3454 = CARTESIAN_POINT ( 'NONE',  ( -0.7249999999999999778, 0.9100000000000000311, -1.509999999999999787 ) ) ;
#3455 = APPLICATION_PROTOCOL_DEFINITION ( 'draft international standard', 'automotive_design', 1998, #1372 ) ;
#3456 = VERTEX_POINT ( 'NONE', #689 ) ;
#3457 = ORIENTED_EDGE ( 'NONE', *, *, #3302, .F. ) ;
#3458 = MECHANICAL_DESIGN_GEOMETRIC_PRESENTATION_REPRESENTATION (  '', ( #746 ), #2808 ) ;
#3459 = CARTESIAN_POINT ( 'NONE',  ( 0.4500000000000002887, 0.4000000000000000222, -1.549999999999997824 ) ) ;
#3460 = CARTESIAN_POINT ( 'NONE',  ( -1.249999999999999778, 0.9000000000000000222, -0.2399999999999999634 ) ) ;
#3461 = DIRECTION ( 'NONE',  ( -1.000000000000000000, 0.000000000000000000, -1.355252715606880543E-16 ) ) ;
#3462 = LINE ( 'NONE', #2326, #4559 ) ;
#3463 = CARTESIAN_POINT ( 'NONE',  ( 0.9181350637424143812, 1.010000000000000009, 1.405123954335630643 ) ) ;
#3464 = VERTEX_POINT ( 'NONE', #4178 ) ;
#3465 = ORIENTED_EDGE ( 'NONE', *, *, #4573, .F. ) ;
#3466 = AXIS2_PLACEMENT_3D ( 'NONE', #3384, #2205, #2054 ) ;
#3467 = CARTESIAN_POINT ( 'NONE',  ( 1.160000000000000142, 0.9000000000000000222, -0.1499999999999998002 ) ) ;
#3468 = DIRECTION ( 'NONE',  ( 1.000000000000000000, 0.000000000000000000, 0.000000000000000000 ) ) ;
#3469 = ORIENTED_EDGE ( 'NONE', *, *, #2963, .T. ) ;
#3470 = CIRCLE ( 'NONE', #198, 0.07499999999999998335 ) ;
#3471 = VECTOR ( 'NONE', #753, 1000.000000000000000 ) ;
#3472 = DIRECTION ( 'NONE',  ( 0.000000000000000000, -1.000000000000000000, 0.000000000000000000 ) ) ;
#3473 = CYLINDRICAL_SURFACE ( 'NONE', #275, 0.2000000000000003164 ) ;
#3474 = VECTOR ( 'NONE', #3196, 1000.000000000000000 ) ;
#3475 = CIRCLE ( 'NONE', #2348, 0.2500000000000002220 ) ;
#3476 = EDGE_CURVE ( 'NONE', #4762, #4097, #1540, .T. ) ;
#3477 = ORIENTED_EDGE ( 'NONE', *, *, #3077, .T. ) ;
#3478 = CIRCLE ( 'NONE', #207, 0.2000000000000003164 ) ;
#3479 = FACE_OUTER_BOUND ( 'NONE', #1258, .T. ) ;
#3480 = VECTOR ( 'NONE', #4132, 1000.000000000000000 ) ;
#3481 = EDGE_LOOP ( 'NONE', ( #3204, #4600, #4786, #1958 ) ) ;
#3482 = ORIENTED_EDGE ( 'NONE', *, *, #1650, .T. ) ;
#3483 = CARTESIAN_POINT ( 'NONE',  ( -1.249999999999999778, 0.000000000000000000, -1.349999999999999867 ) ) ;
#3484 = LINE ( 'NONE', #427, #133 ) ;
#3485 = CARTESIAN_POINT ( 'NONE',  ( -1.055123894006727570, 1.010000000000000009, -1.268135124071317898 ) ) ;
#3486 = DIRECTION ( 'NONE',  ( -0.000000000000000000, -1.000000000000000000, 0.000000000000000000 ) ) ;
#3487 = ADVANCED_FACE ( 'NONE', ( #1468 ), #310, .F. ) ;
#3488 = VECTOR ( 'NONE', #660, 1000.000000000000000 ) ;
#3489 = ORIENTED_EDGE ( 'NONE', *, *, #2732, .T. ) ;
#3490 = EDGE_LOOP ( 'NONE', ( #2447, #4701, #798, #2714 ) ) ;
#3491 = EDGE_CURVE ( 'NONE', #3725, #350, #4561, .T. ) ;
#3492 = CARTESIAN_POINT ( 'NONE',  ( -0.8221377990442199080, 1.010000000000000009, 1.444999999999999618 ) ) ;
#3493 = CARTESIAN_POINT ( 'NONE',  ( 1.049999999999999822, 1.200000000000000178, 1.600000000000000089 ) ) ;
#3494 = VERTEX_POINT ( 'NONE', #1170 ) ;
#3495 = CIRCLE ( 'NONE', #3257, 0.08999999999999980238 ) ;
#3496 = ORIENTED_EDGE ( 'NONE', *, *, #211, .F. ) ;
#3497 = PLANE ( 'NONE',  #844 ) ;
#3498 = AXIS2_PLACEMENT_3D ( 'NONE', #2280, #1953, #2673 ) ;
#3499 = ORIENTED_EDGE ( 'NONE', *, *, #2450, .F. ) ;
#3500 = DIRECTION ( 'NONE',  ( 0.000000000000000000, -1.000000000000000000, 0.000000000000000000 ) ) ;
#3501 = CARTESIAN_POINT ( 'NONE',  ( 1.249999999999999334, 1.641974234837420665, 1.349999999999999867 ) ) ;
#3502 = EDGE_CURVE ( 'NONE', #2565, #2125, #3364, .T. ) ;
#3503 = ORIENTED_EDGE ( 'NONE', *, *, #2585, .T. ) ;
#3504 = ORIENTED_EDGE ( 'NONE', *, *, #1673, .F. ) ;
#3505 = LINE ( 'NONE', #1584, #1705 ) ;
#3506 =( LENGTH_UNIT ( ) NAMED_UNIT ( * ) SI_UNIT ( .MILLI., .METRE. ) );
#3507 = EDGE_CURVE ( 'NONE', #4141, #2182, #4157, .T. ) ;
#3508 = LINE ( 'NONE', #764, #1747 ) ;
#3509 = DIRECTION ( 'NONE',  ( 8.809142651444739304E-15, 0.000000000000000000, -1.000000000000000000 ) ) ;
#3510 = CARTESIAN_POINT ( 'NONE',  ( -1.160000000000000142, 0.9000000000000000222, 0.1499999999999998279 ) ) ;
#3511 = EDGE_LOOP ( 'NONE', ( #209, #880, #4812, #1519, #843, #4207, #1038, #4673, #329 ) ) ;
#3512 = EDGE_CURVE ( 'NONE', #2389, #2473, #2692, .T. ) ;
#3513 = ADVANCED_FACE ( 'NONE', ( #357 ), #4604, .F. ) ;
#3514 = DIRECTION ( 'NONE',  ( -1.000000000000000000, 0.000000000000000000, -9.168604081462411628E-16 ) ) ;
#3515 = DIRECTION ( 'NONE',  ( 1.000000000000000000, 0.000000000000000000, 0.000000000000000000 ) ) ;
#3516 = VECTOR ( 'NONE', #1376, 1000.000000000000000 ) ;
#3517 = VERTEX_POINT ( 'NONE', #287 ) ;
#3518 = EDGE_CURVE ( 'NONE', #3048, #4748, #763, .T. ) ;
#3519 = VECTOR ( 'NONE', #4439, 1000.000000000000000 ) ;
#3520 = DIRECTION ( 'NONE',  ( 1.000000000000000000, 0.000000000000000000, 6.085084693074930239E-14 ) ) ;
#3521 = PLANE ( 'NONE',  #2508 ) ;
#3522 = VECTOR ( 'NONE', #3509, 1000.000000000000000 ) ;
#3523 = ORIENTED_EDGE ( 'NONE', *, *, #354, .T. ) ;
#3524 = DIRECTION ( 'NONE',  ( 1.000000000000000000, 0.000000000000000000, 0.000000000000000000 ) ) ;
#3525 = CARTESIAN_POINT ( 'NONE',  ( -1.249999999999999778, -9.099999999999999645, -0.2399999999999999634 ) ) ;
#3526 =( NAMED_UNIT ( * ) SI_UNIT ( $, .STERADIAN. ) SOLID_ANGLE_UNIT ( ) );
#3527 = ORIENTED_EDGE ( 'NONE', *, *, #3118, .F. ) ;
#3528 = EDGE_LOOP ( 'NONE', ( #3921, #4627, #73, #4228, #3993, #528, #419, #3307, #2422 ) ) ;
#3529 = CARTESIAN_POINT ( 'NONE',  ( 1.249999999999999778, 0.3999999999999999667, -1.599999999999999645 ) ) ;
#3530 = CARTESIAN_POINT ( 'NONE',  ( 1.113118632143026421, 0.9100000000000000311, -1.302064267489257521 ) ) ;
#3531 = CARTESIAN_POINT ( 'NONE',  ( -1.094999999999999973, 1.010000000000000009, 1.074999999999999289 ) ) ;
#3532 = LINE ( 'NONE', #886, #3522 ) ;
#3533 = VECTOR ( 'NONE', #3377, 1000.000000000000000 ) ;
#3534 = ORIENTED_EDGE ( 'NONE', *, *, #4746, .T. ) ;
#3535 = EDGE_CURVE ( 'NONE', #2774, #200, #4886, .T. ) ;
#3536 = ORIENTED_EDGE ( 'NONE', *, *, #3265, .T. ) ;
#3537 = EDGE_LOOP ( 'NONE', ( #3009, #2195, #3238, #1195 ) ) ;
#3538 = DIRECTION ( 'NONE',  ( -0.000000000000000000, -1.000000000000000000, 0.000000000000000000 ) ) ;
#3539 = CARTESIAN_POINT ( 'NONE',  ( -0.9520642674892584312, 0.9100000000000000311, 1.463118632143037612 ) ) ;
#3540 = CARTESIAN_POINT ( 'NONE',  ( 0.4500000000000002887, 0.000000000000000000, -1.549999999999997824 ) ) ;
#3541 = DIRECTION ( 'NONE',  ( -1.000000000000000000, 0.000000000000000000, -1.355252715606880543E-16 ) ) ;
#3542 = ORIENTED_EDGE ( 'NONE', *, *, #187, .F. ) ;
#3543 = CIRCLE ( 'NONE', #2260, 0.3499999999999999223 ) ;
#3544 = DIRECTION ( 'NONE',  ( 0.000000000000000000, 1.000000000000000000, 0.000000000000000000 ) ) ;
#3545 = DIRECTION ( 'NONE',  ( 0.000000000000000000, -1.000000000000000000, 0.000000000000000000 ) ) ;
#3546 = EDGE_LOOP ( 'NONE', ( #1095, #4284, #3555, #2491, #214, #2006, #1583, #1996, #2592 ) ) ;
#3547 = ADVANCED_FACE ( 'NONE', ( #2672 ), #4906, .F. ) ;
#3548 = PLANE ( 'NONE',  #3392 ) ;
#3549 = EDGE_CURVE ( 'NONE', #3266, #576, #931, .T. ) ;
#3550 = VECTOR ( 'NONE', #2148, 1000.000000000000000 ) ;
#3551 = CARTESIAN_POINT ( 'NONE',  ( -0.7249999999999998668, 1.125000000000000222, -1.074999999999999734 ) ) ;
#3552 = VECTOR ( 'NONE', #2215, 1000.000000000000000 ) ;
#3553 = CARTESIAN_POINT ( 'NONE',  ( -0.4499999999999998446, 0.3999999999999999667, -1.000000000000001998 ) ) ;
#3554 = ORIENTED_EDGE ( 'NONE', *, *, #3447, .F. ) ;
#3555 = ORIENTED_EDGE ( 'NONE', *, *, #956, .T. ) ;
#3556 = ORIENTED_EDGE ( 'NONE', *, *, #951, .T. ) ;
#3557 = DIRECTION ( 'NONE',  ( -1.000000000000000000, 0.000000000000000000, -9.168604081462413600E-16 ) ) ;
#3558 = DIRECTION ( 'NONE',  ( -1.000000000000000000, 0.000000000000000000, 0.000000000000000000 ) ) ;
#3559 = EDGE_CURVE ( 'NONE', #4379, #446, #3470, .T. ) ;
#3560 = CARTESIAN_POINT ( 'NONE',  ( 0.7250000000000000888, 1.050000000000000044, 1.074999999999999734 ) ) ;
#3561 = AXIS2_PLACEMENT_3D ( 'NONE', #947, #2451, #4416 ) ;
#3562 = LINE ( 'NONE', #2746, #1061 ) ;
#3563 = ORIENTED_EDGE ( 'NONE', *, *, #872, .T. ) ;
#3564 = ORIENTED_EDGE ( 'NONE', *, *, #2306, .T. ) ;
#3565 = CARTESIAN_POINT ( 'NONE',  ( 0.7249999999999999778, 1.199999999999999956, 1.349999999999999645 ) ) ;
#3566 = CARTESIAN_POINT ( 'NONE',  ( -0.8392025475225565190, 0.9100000000000000311, 1.509999999653122371 ) ) ;
#3567 = CARTESIAN_POINT ( 'NONE',  ( -1.074999999999999734, 0.9000000000000000222, -1.074999999999999956 ) ) ;
#3568 = EDGE_CURVE ( 'NONE', #206, #2708, #2569, .T. ) ;
#3569 =( NAMED_UNIT ( * ) SI_UNIT ( $, .STERADIAN. ) SOLID_ANGLE_UNIT ( ) );
#3570 = AXIS2_PLACEMENT_3D ( 'NONE', #972, #4028, #556 ) ;
#3571 = CIRCLE ( 'NONE', #3820, 0.2500000000000002220 ) ;
#3572 = CARTESIAN_POINT ( 'NONE',  ( -1.249999999999999778, 0.9000000000000000222, 1.599999999999999645 ) ) ;
#3573 = DIRECTION ( 'NONE',  ( 0.000000000000000000, -1.000000000000000000, 0.000000000000000000 ) ) ;
#3574 = VERTEX_POINT ( 'NONE', #661 ) ;
#3575 = AXIS2_PLACEMENT_3D ( 'NONE', #2802, #1295, #219 ) ;
#3576 = EDGE_CURVE ( 'NONE', #2126, #4588, #1142, .T. ) ;
#3577 = LINE ( 'NONE', #4298, #3803 ) ;
#3578 = DIRECTION ( 'NONE',  ( -4.795803777790776160E-16, 0.000000000000000000, -1.000000000000000000 ) ) ;
#3579 = CARTESIAN_POINT ( 'NONE',  ( 0.7249999999999998668, 0.9000000000000000222, -1.074999999999999956 ) ) ;
#3580 = ADVANCED_FACE ( 'NONE', ( #2207 ), #2231, .T. ) ;
#3581 = ORIENTED_EDGE ( 'NONE', *, *, #457, .F. ) ;
#3582 = EDGE_CURVE ( 'NONE', #2389, #1364, #2423, .T. ) ;
#3583 = ORIENTED_EDGE ( 'NONE', *, *, #3356, .F. ) ;
#3584 = ADVANCED_FACE ( 'NONE', ( #29 ), #1561, .F. ) ;
#3585 = VERTEX_POINT ( 'NONE', #3962 ) ;
#3586 = DIRECTION ( 'NONE',  ( 0.000000000000000000, 1.000000000000000000, 0.000000000000000000 ) ) ;
#3587 = CARTESIAN_POINT ( 'NONE',  ( 1.250000000000000000, 0.9000000000000000222, -1.399999999999999689 ) ) ;
#3588 = DIRECTION ( 'NONE',  ( -1.355252715606880543E-16, 0.000000000000000000, 1.000000000000000000 ) ) ;
#3589 = UNCERTAINTY_MEASURE_WITH_UNIT (LENGTH_MEASURE( 1.000000000000000082E-05 ), #2209, 'distance_accuracy_value', 'NONE');
#3590 = ORIENTED_EDGE ( 'NONE', *, *, #3956, .T. ) ;
#3591 = ORIENTED_EDGE ( 'NONE', *, *, #569, .T. ) ;
#3592 = ORIENTED_EDGE ( 'NONE', *, *, #3047, .T. ) ;
#3593 = CARTESIAN_POINT ( 'NONE',  ( 1.075000000000000178, 1.050000000000000044, -1.074999999999999734 ) ) ;
#3594 = EDGE_CURVE ( 'NONE', #1397, #2305, #1087, .T. ) ;
#3595 = DIRECTION ( 'NONE',  ( -0.000000000000000000, -1.000000000000000000, -0.000000000000000000 ) ) ;
#3596 = DIRECTION ( 'NONE',  ( 0.000000000000000000, -1.000000000000000000, 0.000000000000000000 ) ) ;
#3597 = DIRECTION ( 'NONE',  ( -1.000000000000000000, 0.000000000000000000, 0.000000000000000000 ) ) ;
#3598 = EDGE_LOOP ( 'NONE', ( #4450, #3625, #1457, #4557 ) ) ;
#3599 = DIRECTION ( 'NONE',  ( -1.000000000000000000, 0.000000000000000000, -1.355252715606880543E-16 ) ) ;
#3600 = CARTESIAN_POINT ( 'NONE',  ( -1.159999999999999698, 0.9000000000000000222, -1.074999999999999956 ) ) ;
#3601 = DIRECTION ( 'NONE',  ( -0.000000000000000000, -1.000000000000000000, 0.000000000000000000 ) ) ;
#3602 = VERTEX_POINT ( 'NONE', #3084 ) ;
#3603 = AXIS2_PLACEMENT_3D ( 'NONE', #716, #3782, #1865 ) ;
#3604 = EDGE_CURVE ( 'NONE', #4738, #4285, #572, .T. ) ;
#3605 = CARTESIAN_POINT ( 'NONE',  ( -0.7250000000000001998, 0.9100000000000000311, 1.509999999999999787 ) ) ;
#3606 = DIRECTION ( 'NONE',  ( 1.000000000000000000, 0.000000000000000000, 7.506309209004537245E-16 ) ) ;
#3607 = CARTESIAN_POINT ( 'NONE',  ( -1.200000000000000178, 0.4000000000000000222, 0.6500000000000016875 ) ) ;
#3608 = ADVANCED_FACE ( 'NONE', ( #1191, #934 ), #3201, .T. ) ;
#3609 = ORIENTED_EDGE ( 'NONE', *, *, #1952, .T. ) ;
#3610 = ORIENTED_EDGE ( 'NONE', *, *, #1955, .T. ) ;
#3611 = ORIENTED_EDGE ( 'NONE', *, *, #483, .T. ) ;
#3612 = CARTESIAN_POINT ( 'NONE',  ( -1.249999999999999778, 0.000000000000000000, -1.349999999999999867 ) ) ;
#3613 =( NAMED_UNIT ( * ) SI_UNIT ( $, .STERADIAN. ) SOLID_ANGLE_UNIT ( ) );
#3614 = DIRECTION ( 'NONE',  ( -5.261928398534646085E-16, 0.000000000000000000, 1.000000000000000000 ) ) ;
#3615 = FACE_OUTER_BOUND ( 'NONE', #238, .T. ) ;
#3616 = ORIENTED_EDGE ( 'NONE', *, *, #2222, .T. ) ;
#3617 = ORIENTED_EDGE ( 'NONE', *, *, #1734, .F. ) ;
#3618 = EDGE_LOOP ( 'NONE', ( #4488, #619, #144, #4607 ) ) ;
#3619 = DIRECTION ( 'NONE',  ( -1.000000000000000000, 0.000000000000000000, -5.261928398534646085E-16 ) ) ;
#3620 = CARTESIAN_POINT ( 'NONE',  ( -1.074999999999999734, 0.9000000000000000222, -1.074999999999999956 ) ) ;
#3621 = DIRECTION ( 'NONE',  ( -1.000000000000000000, 0.000000000000000000, -1.355252715606880543E-16 ) ) ;
#3622 = VECTOR ( 'NONE', #3074, 1000.000000000000000 ) ;
#3623 = CARTESIAN_POINT ( 'NONE',  ( -1.249999999999999778, -9.099999999999999645, 0.2399999999999996303 ) ) ;
#3624 = ORIENTED_EDGE ( 'NONE', *, *, #799, .F. ) ;
#3625 = ORIENTED_EDGE ( 'NONE', *, *, #613, .T. ) ;
#3626 = FACE_OUTER_BOUND ( 'NONE', #4359, .T. ) ;
#3627 = PRESENTATION_LAYER_ASSIGNMENT (  '', '', ( #666 ) ) ;
#3628 = AXIS2_PLACEMENT_3D ( 'NONE', #3178, #1228, #3989 ) ;
#3629 = DIRECTION ( 'NONE',  ( -0.000000000000000000, -1.000000000000000000, 0.000000000000000000 ) ) ;
#3630 = ORIENTED_EDGE ( 'NONE', *, *, #4568, .F. ) ;
#3631 =( BOUNDED_CURVE ( )  B_SPLINE_CURVE ( 2, ( #1074, #3294, #662 ),
 .UNSPECIFIED., .F., .F. ) 
 B_SPLINE_CURVE_WITH_KNOTS ( ( 3, 3 ),
 ( 0.000000000000000000, 1.000000000000000000 ),
 .UNSPECIFIED. ) 
 CURVE ( )  GEOMETRIC_REPRESENTATION_ITEM ( )  RATIONAL_B_SPLINE_CURVE ( ( 1.000000000000000000, 0.7071067811865475727, 1.000000000000000000 ) ) 
 REPRESENTATION_ITEM ( '' )  );
#3632 = VECTOR ( 'NONE', #4765, 1000.000000000000000 ) ;
#3633 = CARTESIAN_POINT ( 'NONE',  ( -0.7250000000000001998, 0.9100000000000000311, 1.509999999999999787 ) ) ;
#3634 = DIRECTION ( 'NONE',  ( -1.000000000000000000, 0.000000000000000000, 6.458098650248651529E-16 ) ) ;
#3635 = PLANE ( 'NONE',  #4530 ) ;
#3636 = ADVANCED_FACE ( 'NONE', ( #3254 ), #3635, .T. ) ;
#3637 = EDGE_LOOP ( 'NONE', ( #4324, #3170, #65, #463 ) ) ;
#3638 = ORIENTED_EDGE ( 'NONE', *, *, #3316, .T. ) ;
#3639 = VERTEX_POINT ( 'NONE', #4255 ) ;
#3640 = AXIS2_PLACEMENT_3D ( 'NONE', #544, #2061, #1730 ) ;
#3641 = AXIS2_PLACEMENT_3D ( 'NONE', #543, #960, #4402 ) ;
#3642 = CARTESIAN_POINT ( 'NONE',  ( 1.075000000000000178, 1.125000000000000222, -1.074999999999999734 ) ) ;
#3643 = DIRECTION ( 'NONE',  ( -1.000000000000000000, 0.000000000000000000, 0.000000000000000000 ) ) ;
#3644 = CARTESIAN_POINT ( 'NONE',  ( -1.249999999999999778, 0.9000000000000000222, -1.600000000000000533 ) ) ;
#3645 = LINE ( 'NONE', #213, #3519 ) ;
#3646 = UNCERTAINTY_MEASURE_WITH_UNIT (LENGTH_MEASURE( 1.000000000000000082E-05 ), #756, 'distance_accuracy_value', 'NONE');
#3647 =( GEOMETRIC_REPRESENTATION_CONTEXT ( 3 ) GLOBAL_UNCERTAINTY_ASSIGNED_CONTEXT ( ( #1589 ) ) GLOBAL_UNIT_ASSIGNED_CONTEXT ( ( #3035, #4590, #2602 ) ) REPRESENTATION_CONTEXT ( 'NONE', 'WORKASPACE' ) );
#3648 = VECTOR ( 'NONE', #3544, 1000.000000000000000 ) ;
#3649 = ORIENTED_EDGE ( 'NONE', *, *, #2003, .F. ) ;
#3650 = VERTEX_POINT ( 'NONE', #3844 ) ;
#3651 = VERTEX_POINT ( 'NONE', #789 ) ;
#3652 = AXIS2_PLACEMENT_3D ( 'NONE', #2237, #1889, #365 ) ;
#3653 = DIRECTION ( 'NONE',  ( 0.000000000000000000, -1.000000000000000000, 0.000000000000000000 ) ) ;
#3654 = EDGE_CURVE ( 'NONE', #4141, #168, #2018, .T. ) ;
#3655 = DIRECTION ( 'NONE',  ( 1.000000000000000000, 0.000000000000000000, 7.506309209004537245E-16 ) ) ;
#3656 = LINE ( 'NONE', #918, #3749 ) ;
#3657 = DIRECTION ( 'NONE',  ( 0.000000000000000000, 1.000000000000000000, 0.000000000000000000 ) ) ;
#3658 = EDGE_LOOP ( 'NONE', ( #629, #950, #3670, #2615 ) ) ;
#3659 = ORIENTED_EDGE ( 'NONE', *, *, #303, .T. ) ;
#3660 = EDGE_CURVE ( 'NONE', #986, #1404, #2325, .T. ) ;
#3661 = EDGE_CURVE ( 'NONE', #2774, #4199, #4775, .T. ) ;
#3662 = VECTOR ( 'NONE', #584, 1000.000000000000000 ) ;
#3663 = DIRECTION ( 'NONE',  ( 0.000000000000000000, -1.000000000000000000, 0.000000000000000000 ) ) ;
#3664 = CARTESIAN_POINT ( 'NONE',  ( 1.250000000000000000, 0.9000000000000000222, 1.600000000000000089 ) ) ;
#3665 = ORIENTED_EDGE ( 'NONE', *, *, #3145, .T. ) ;
#3666 = VECTOR ( 'NONE', #762, 1000.000000000000000 ) ;
#3667 = DIRECTION ( 'NONE',  ( 0.000000000000000000, -1.000000000000000000, 0.000000000000000000 ) ) ;
#3668 = LINE ( 'NONE', #4478, #4713 ) ;
#3669 = LINE ( 'NONE', #1414, #2731 ) ;
#3670 = ORIENTED_EDGE ( 'NONE', *, *, #2186, .T. ) ;
#3671 = AXIS2_PLACEMENT_3D ( 'NONE', #984, #649, #3225 ) ;
#3672 = VERTEX_POINT ( 'NONE', #147 ) ;
#3673 = CARTESIAN_POINT ( 'NONE',  ( -1.249999999999999778, 0.000000000000000000, 1.599999999999999645 ) ) ;
#3674 = DIRECTION ( 'NONE',  ( 1.000000000000000000, 0.000000000000000000, 0.000000000000000000 ) ) ;
#3675 = CARTESIAN_POINT ( 'NONE',  ( 1.095000000000000417, 0.9099999999999999201, 0.3583333333333338921 ) ) ;
#3676 = CIRCLE ( 'NONE', #3498, 0.2500000000000002220 ) ;
#3677 = CARTESIAN_POINT ( 'NONE',  ( 0.8392025475225489695, 0.9100000000000000311, -1.509999999653159453 ) ) ;
#3678 = ORIENTED_EDGE ( 'NONE', *, *, #3014, .T. ) ;
#3679 = ORIENTED_EDGE ( 'NONE', *, *, #119, .F. ) ;
#3680 = ADVANCED_FACE ( 'NONE', ( #4013 ), #407, .T. ) ;
#3681 = CARTESIAN_POINT ( 'NONE',  ( 1.249999999999999778, 0.4000000000000000222, -1.349999999999999645 ) ) ;
#3682 = DIRECTION ( 'NONE',  ( 0.000000000000000000, 1.000000000000000000, 0.000000000000000000 ) ) ;
#3683 = PLANE ( 'NONE',  #3262 ) ;
#3684 = FACE_OUTER_BOUND ( 'NONE', #4026, .T. ) ;
#3685 = ORIENTED_EDGE ( 'NONE', *, *, #3022, .T. ) ;
#3686 = EDGE_CURVE ( 'NONE', #4377, #4393, #2034, .T. ) ;
#3687 = ADVANCED_FACE ( 'NONE', ( #1672 ), #2438, .F. ) ;
#3688 = DIRECTION ( 'NONE',  ( -1.000000000000000000, 0.000000000000000000, -1.355252715606880543E-16 ) ) ;
#3689 = DIRECTION ( 'NONE',  ( -1.000000000000000000, 0.000000000000000000, 0.000000000000000000 ) ) ;
#3690 = ADVANCED_FACE ( 'NONE', ( #1648 ), #2787, .T. ) ;
#3691 = ORIENTED_EDGE ( 'NONE', *, *, #1867, .F. ) ;
#3692 = CARTESIAN_POINT ( 'NONE',  ( 1.005051025721682256, 0.000000000000000000, -1.549999999999997158 ) ) ;
#3693 = CARTESIAN_POINT ( 'NONE',  ( 1.005051025721681812, 0.000000000000000000, 1.549999999999997602 ) ) ;
#3694 = CARTESIAN_POINT ( 'NONE',  ( -1.249999999999999334, 0.000000000000000000, -1.600000000000000089 ) ) ;
#3695 = ADVANCED_FACE ( 'NONE', ( #962 ), #2463, .F. ) ;
#3696 = AXIS2_PLACEMENT_3D ( 'NONE', #1819, #3657, #2454 ) ;
#3697 = EDGE_LOOP ( 'NONE', ( #3371, #740, #4564, #3285, #4301, #757, #1462, #3088 ) ) ;
#3698 = AXIS2_PLACEMENT_3D ( 'NONE', #1634, #3161, #1564 ) ;
#3699 = PLANE ( 'NONE',  #743 ) ;
#3700 = CARTESIAN_POINT ( 'NONE',  ( 1.199999999999999512, 0.3999999999999999667, 1.355051025721681901 ) ) ;
#3701 = DIRECTION ( 'NONE',  ( 0.000000000000000000, -1.000000000000000000, 0.000000000000000000 ) ) ;
#3702 = VERTEX_POINT ( 'NONE', #320 ) ;
#3703 = VERTEX_POINT ( 'NONE', #4849 ) ;
#3704 = CARTESIAN_POINT ( 'NONE',  ( -1.049999999999999156, 0.000000000000000000, -1.600000000000000089 ) ) ;
#3705 = CARTESIAN_POINT ( 'NONE',  ( -1.249999999999999334, 0.000000000000000000, -1.399999999999999689 ) ) ;
#3706 =( LENGTH_UNIT ( ) NAMED_UNIT ( * ) SI_UNIT ( .MILLI., .METRE. ) );
#3707 = DIRECTION ( 'NONE',  ( -1.000000000000000000, 0.000000000000000000, 1.054085445472029485E-16 ) ) ;
#3708 = ORIENTED_EDGE ( 'NONE', *, *, #4794, .T. ) ;
#3709 = EDGE_CURVE ( 'NONE', #2182, #3602, #230, .T. ) ;
#3710 = CARTESIAN_POINT ( 'NONE',  ( 1.249999999999999778, 1.641974234837420665, -1.599999999999999645 ) ) ;
#3711 =( BOUNDED_SURFACE ( )  B_SPLINE_SURFACE ( 2, 3, ( 
 ( #2399, #2751, #4684, #480, #2380, #4313 ),
 ( #2722, #3877, #436, #4338, #3947, #3166 ),
 ( #816, #845, #1571, #4662, #4709, #1959 ) ),
 .UNSPECIFIED., .F., .F., .F. ) 
 B_SPLINE_SURFACE_WITH_KNOTS ( ( 3, 3 ),
 ( 4, 2, 4 ),
 ( 0.000000000000000000, 1.000000000000000000 ),
 ( 1.570796326794896780, 2.356194490192344837, 3.141592653589793116 ),
 .UNSPECIFIED. ) 
 GEOMETRIC_REPRESENTATION_ITEM ( )  RATIONAL_B_SPLINE_SURFACE ( (
 ( 1.000000000000000000, 1.000000000000000000, 1.000000000000000000, 1.000000000000000000, 1.000000000000000000, 1.000000000000000000),
 ( 0.7071067811865475727, 0.7071067811865475727, 0.7071067811865470176, 0.7071067811865470176, 0.7071067811865475727, 0.7071067811865475727),
 ( 1.000000000000000000, 1.000000000000000000, 1.000000000000000000, 1.000000000000000000, 1.000000000000000000, 1.000000000000000000) ) ) 
 REPRESENTATION_ITEM ( '' )  SURFACE ( )  );
#3712 = AXIS2_PLACEMENT_3D ( 'NONE', #470, #4726, #3558 ) ;
#3713 = DIRECTION ( 'NONE',  ( 1.000000000000000000, 0.000000000000000000, 1.355252715606880543E-16 ) ) ;
#3714 = CARTESIAN_POINT ( 'NONE',  ( 1.049999999999999822, 0.3999999999999999667, -1.600000000000000089 ) ) ;
#3715 = DIRECTION ( 'NONE',  ( 0.000000000000000000, -1.000000000000000000, 0.000000000000000000 ) ) ;
#3716 = EDGE_CURVE ( 'NONE', #3018, #1179, #271, .T. ) ;
#3717 = ORIENTED_EDGE ( 'NONE', *, *, #1509, .T. ) ;
#3718 = VECTOR ( 'NONE', #3247, 1000.000000000000000 ) ;
#3719 = ADVANCED_FACE ( 'NONE', ( #4893 ), #985, .F. ) ;
#3720 = EDGE_CURVE ( 'NONE', #1645, #2828, #1041, .T. ) ;
#3721 = CARTESIAN_POINT ( 'NONE',  ( -1.055123954335630776, 1.009999999999999565, -1.268135063742413360 ) ) ;
#3722 = CARTESIAN_POINT ( 'NONE',  ( -0.7249999999999996447, 0.9000000000000000222, -1.509999999999999787 ) ) ;
#3723 = DIRECTION ( 'NONE',  ( -1.000000000000000000, 0.000000000000000000, -5.261928398534646085E-16 ) ) ;
#3724 = DIRECTION ( 'NONE',  ( 1.000000000000000000, 0.000000000000000000, -1.401985567869192464E-17 ) ) ;
#3725 = VERTEX_POINT ( 'NONE', #1086 ) ;
#3726 = VECTOR ( 'NONE', #1930, 1000.000000000000114 ) ;
#3727 = VERTEX_POINT ( 'NONE', #3305 ) ;
#3728 = FACE_OUTER_BOUND ( 'NONE', #3382, .T. ) ;
#3729 = DIRECTION ( 'NONE',  ( 0.000000000000000000, 1.000000000000000000, 0.000000000000000000 ) ) ;
#3730 = DIRECTION ( 'NONE',  ( 3.466925551552485682E-17, 0.000000000000000000, -1.000000000000000000 ) ) ;
#3731 = DIRECTION ( 'NONE',  ( 0.000000000000000000, 1.000000000000000000, 0.000000000000000000 ) ) ;
#3732 = VECTOR ( 'NONE', #4666, 1000.000000000000000 ) ;
#3733 = AXIS2_PLACEMENT_3D ( 'NONE', #1692, #3928, #4766 ) ;
#3734 = LINE ( 'NONE', #2479, #3441 ) ;
#3735 = CIRCLE ( 'NONE', #1246, 0.3500000000000001443 ) ;
#3736 = DIRECTION ( 'NONE',  ( 1.355252715606880543E-16, -0.000000000000000000, -1.000000000000000000 ) ) ;
#3737 = FACE_OUTER_BOUND ( 'NONE', #2799, .T. ) ;
#3738 = VECTOR ( 'NONE', #3823, 1000.000000000000000 ) ;
#3739 = LINE ( 'NONE', #3303, #1635 ) ;
#3740 = CARTESIAN_POINT ( 'NONE',  ( -0.4500000000000000111, 0.3999999999999999667, 0.6500000000000017986 ) ) ;
#3741 = DIRECTION ( 'NONE',  ( 0.000000000000000000, -1.000000000000000000, 0.000000000000000000 ) ) ;
#3742 = CIRCLE ( 'NONE', #4702, 0.3700000000000001066 ) ;
#3743 = ORIENTED_EDGE ( 'NONE', *, *, #1509, .F. ) ;
#3744 = EDGE_CURVE ( 'NONE', #3464, #3806, #4873, .T. ) ;
#3745 = DIRECTION ( 'NONE',  ( -1.355252715606880543E-16, 0.000000000000000000, 1.000000000000000000 ) ) ;
#3746 = CARTESIAN_POINT ( 'NONE',  ( 0.7249999999999999778, 1.010000000000000009, -1.445000000000000062 ) ) ;
#3747 = CARTESIAN_POINT ( 'NONE',  ( 1.200000000000000178, 1.641974234837420665, -0.6500000000000016875 ) ) ;
#3748 = EDGE_CURVE ( 'NONE', #71, #589, #4852, .T. ) ;
#3749 = VECTOR ( 'NONE', #2427, 1000.000000000000000 ) ;
#3750 = ADVANCED_FACE ( 'NONE', ( #600 ), #2123, .T. ) ;
#3751 = ORIENTED_EDGE ( 'NONE', *, *, #2421, .T. ) ;
#3752 = ORIENTED_EDGE ( 'NONE', *, *, #2392, .F. ) ;
#3753 = FACE_OUTER_BOUND ( 'NONE', #72, .T. ) ;
#3754 = VECTOR ( 'NONE', #4462, 1000.000000000000000 ) ;
#3755 = CARTESIAN_POINT ( 'NONE',  ( 1.159999999999999920, 0.9100000000000000311, 1.074999999999999956 ) ) ;
#3756 = CARTESIAN_POINT ( 'NONE',  ( 0.7249999999999998668, 0.9100000000000000311, -1.074999999999999956 ) ) ;
#3757 = LINE ( 'NONE', #3008, #2068 ) ;
#3758 = CARTESIAN_POINT ( 'NONE',  ( 0.4499999999999997891, 0.000000000000000000, 0.6500000000000020206 ) ) ;
#3759 = FACE_OUTER_BOUND ( 'NONE', #635, .T. ) ;
#3760 = FACE_OUTER_BOUND ( 'NONE', #1927, .T. ) ;
#3761 = CARTESIAN_POINT ( 'NONE',  ( -1.160000000000000142, -9.099999999999999645, -0.1500000000000001610 ) ) ;
#3762 = DIRECTION ( 'NONE',  ( -0.000000000000000000, -1.000000000000000000, 0.000000000000000000 ) ) ;
#3763 = EDGE_CURVE ( 'NONE', #3866, #3999, #3669, .T. ) ;
#3764 = EDGE_LOOP ( 'NONE', ( #1340, #3132, #4332, #2064 ) ) ;
#3765 = FILL_AREA_STYLE ('',( #4046 ) ) ;
#3766 = CARTESIAN_POINT ( 'NONE',  ( -0.2416666666666669461, 0.9099999999999999201, -1.445000000000000062 ) ) ;
#3767 = CARTESIAN_POINT ( 'NONE',  ( -1.160000000000000142, -9.099999999999999645, -0.1500000000000001610 ) ) ;
#3768 = CARTESIAN_POINT ( 'NONE',  ( 1.094999999999999751, 1.010000000000000009, -0.3583333333333332260 ) ) ;
#3769 = EDGE_CURVE ( 'NONE', #876, #4333, #506, .T. ) ;
#3770 = ORIENTED_EDGE ( 'NONE', *, *, #4577, .F. ) ;
#3771 = ORIENTED_EDGE ( 'NONE', *, *, #4270, .T. ) ;
#3772 = VECTOR ( 'NONE', #3168, 1000.000000000000000 ) ;
#3773 = DIRECTION ( 'NONE',  ( 1.401985567869192464E-17, 0.000000000000000000, 1.000000000000000000 ) ) ;
#3774 = DIRECTION ( 'NONE',  ( -3.764590876685790570E-16, 0.000000000000000000, 1.000000000000000000 ) ) ;
#3775 = DIRECTION ( 'NONE',  ( 1.000000000000000000, 0.000000000000000000, 0.000000000000000000 ) ) ;
#3776 = DIRECTION ( 'NONE',  ( -1.000000000000000000, 0.000000000000000000, 0.000000000000000000 ) ) ;
#3777 = DIRECTION ( 'NONE',  ( -0.000000000000000000, -1.000000000000000000, -0.000000000000000000 ) ) ;
#3778 =( GEOMETRIC_REPRESENTATION_CONTEXT ( 3 ) GLOBAL_UNCERTAINTY_ASSIGNED_CONTEXT ( ( #2417 ) ) GLOBAL_UNIT_ASSIGNED_CONTEXT ( ( #2297, #2711, #3526 ) ) REPRESENTATION_CONTEXT ( 'NONE', 'WORKASPACE' ) );
#3779 = ORIENTED_EDGE ( 'NONE', *, *, #1136, .F. ) ;
#3780 = EDGE_CURVE ( 'NONE', #732, #4730, #3314, .T. ) ;
#3781 = DIRECTION ( 'NONE',  ( -0.000000000000000000, 1.000000000000000000, -0.000000000000000000 ) ) ;
#3782 = DIRECTION ( 'NONE',  ( -1.000000000000000000, 0.000000000000000000, -1.355252715606880543E-16 ) ) ;
#3783 = CARTESIAN_POINT ( 'NONE',  ( -1.200000000000000178, 1.641974234837420665, 0.6500000000000016875 ) ) ;
#3784 = LINE ( 'NONE', #4189, #1820 ) ;
#3785 = FILL_AREA_STYLE ('',( #418 ) ) ;
#3786 = VECTOR ( 'NONE', #1233, 1000.000000000000000 ) ;
#3787 = ORIENTED_EDGE ( 'NONE', *, *, #3346, .T. ) ;
#3788 = CARTESIAN_POINT ( 'NONE',  ( -1.094999999999999973, 1.010000000000000009, 1.074999999999999289 ) ) ;
#3789 = FACE_OUTER_BOUND ( 'NONE', #3202, .T. ) ;
#3790 = DIRECTION ( 'NONE',  ( -8.809142651444737726E-15, 0.000000000000000000, 1.000000000000000000 ) ) ;
#3791 = CIRCLE ( 'NONE', #3951, 0.2000000000000003164 ) ;
#3792 = ORIENTED_EDGE ( 'NONE', *, *, #3316, .F. ) ;
#3793 = ORIENTED_EDGE ( 'NONE', *, *, #2066, .T. ) ;
#3794 = DIRECTION ( 'NONE',  ( 0.000000000000000000, -1.000000000000000000, 0.000000000000000000 ) ) ;
#3795 = DIRECTION ( 'NONE',  ( 1.000000000000000000, 0.000000000000000000, 0.000000000000000000 ) ) ;
#3796 = CARTESIAN_POINT ( 'NONE',  ( -0.7250000000000001998, 0.9100000000000000311, 1.509999999999999787 ) ) ;
#3797 = DIRECTION ( 'NONE',  ( -4.795803777790776160E-16, 0.000000000000000000, -1.000000000000000000 ) ) ;
#3798 = ORIENTED_EDGE ( 'NONE', *, *, #4573, .T. ) ;
#3799 = ORIENTED_EDGE ( 'NONE', *, *, #2245, .F. ) ;
#3800 = ORIENTED_EDGE ( 'NONE', *, *, #2835, .T. ) ;
#3801 = EDGE_CURVE ( 'NONE', #3089, #3672, #3150, .T. ) ;
#3802 = VECTOR ( 'NONE', #3762, 1000.000000000000000 ) ;
#3803 = VECTOR ( 'NONE', #2786, 1000.000000000000114 ) ;
#3804 = DIRECTION ( 'NONE',  ( 0.000000000000000000, -1.000000000000000000, 0.000000000000000000 ) ) ;
#3805 = DIRECTION ( 'NONE',  ( 1.000000000000000000, 0.000000000000000000, 0.000000000000000000 ) ) ;
#3806 = VERTEX_POINT ( 'NONE', #4829 ) ;
#3807 = EDGE_CURVE ( 'NONE', #3464, #2214, #650, .T. ) ;
#3808 = EDGE_CURVE ( 'NONE', #2058, #442, #1456, .T. ) ;
#3809 = VERTEX_POINT ( 'NONE', #2925 ) ;
#3810 = CARTESIAN_POINT ( 'NONE',  ( -0.7249999999999996447, 0.9100000000000000311, -1.509999999999999787 ) ) ;
#3811 = AXIS2_PLACEMENT_3D ( 'NONE', #2158, #4491, #2050 ) ;
#3812 = CARTESIAN_POINT ( 'NONE',  ( 1.249999999999999778, 0.000000000000000000, -1.599999999999999645 ) ) ;
#3813 = ORIENTED_EDGE ( 'NONE', *, *, #573, .T. ) ;
#3814 = CYLINDRICAL_SURFACE ( 'NONE', #3152, 0.2500000000000002220 ) ;
#3815 = CARTESIAN_POINT ( 'NONE',  ( -0.7249999999999999778, 1.010000000000000009, -1.444999999999999840 ) ) ;
#3816 = VECTOR ( 'NONE', #4107, 1000.000000000000000 ) ;
#3817 =( NAMED_UNIT ( * ) PLANE_ANGLE_UNIT ( ) SI_UNIT ( $, .RADIAN. ) );
#3818 = ORIENTED_EDGE ( 'NONE', *, *, #1886, .F. ) ;
#3819 = ORIENTED_EDGE ( 'NONE', *, *, #1812, .T. ) ;
#3820 = AXIS2_PLACEMENT_3D ( 'NONE', #2795, #3184, #4328 ) ;
#3821 = CARTESIAN_POINT ( 'NONE',  ( 1.250000000000000000, 0.9000000000000000222, 1.600000000000000089 ) ) ;
#3822 = CARTESIAN_POINT ( 'NONE',  ( 0.7249999999999999778, 1.010000000000000009, -1.445000000000000062 ) ) ;
#3823 = DIRECTION ( 'NONE',  ( -0.000000000000000000, -1.000000000000000000, 0.000000000000000000 ) ) ;
#3824 = CARTESIAN_POINT ( 'NONE',  ( 0.4500000000000000111, 0.4000000000000000222, -0.6500000000000017986 ) ) ;
#3825 = LINE ( 'NONE', #4539, #1207 ) ;
#3826 = DIRECTION ( 'NONE',  ( -1.000000000000000000, 0.000000000000000000, -1.355252715606880543E-16 ) ) ;
#3827 = EDGE_CURVE ( 'NONE', #609, #476, #1870, .T. ) ;
#3828 = ORIENTED_EDGE ( 'NONE', *, *, #4759, .F. ) ;
#3829 = AXIS2_PLACEMENT_3D ( 'NONE', #481, #161, #3977 ) ;
#3830 = CARTESIAN_POINT ( 'NONE',  ( 1.160000000000000142, 0.9000000000000000222, -0.1499999999999998002 ) ) ;
#3831 = CARTESIAN_POINT ( 'NONE',  ( -0.7249999999999999778, 0.9100000000000000311, 1.074999999999999734 ) ) ;
#3832 = EDGE_CURVE ( 'NONE', #4044, #2214, #430, .T. ) ;
#3833 = DIRECTION ( 'NONE',  ( -1.000000000000000000, 0.000000000000000000, 1.054085445472029485E-16 ) ) ;
#3834 = CARTESIAN_POINT ( 'NONE',  ( -1.249999999999999334, 0.4000000000000000222, -1.600000000000000089 ) ) ;
#3835 = FACE_OUTER_BOUND ( 'NONE', #2474, .T. ) ;
#3836 = EDGE_LOOP ( 'NONE', ( #3792, #3390, #2202, #3124 ) ) ;
#3837 = DIRECTION ( 'NONE',  ( -1.000000000000000000, 0.000000000000000000, 2.551422967320885000E-16 ) ) ;
#3838 = SURFACE_SIDE_STYLE ('',( #804 ) ) ;
#3839 = EDGE_CURVE ( 'NONE', #2169, #2519, #673, .T. ) ;
#3840 = EDGE_LOOP ( 'NONE', ( #2704, #3153, #4440, #1902 ) ) ;
#3841 = VERTEX_POINT ( 'NONE', #3352 ) ;
#3842 = LINE ( 'NONE', #3869, #4750 ) ;
#3843 = DIRECTION ( 'NONE',  ( 1.000000000000000000, 0.000000000000000000, -6.160239616395062606E-17 ) ) ;
#3844 = CARTESIAN_POINT ( 'NONE',  ( 1.249999999999999334, 0.4000000000000000222, 1.349999999999999867 ) ) ;
#3845 = CARTESIAN_POINT ( 'NONE',  ( -1.094999999704989957, 0.9099999999999999201, -1.172137799042183959 ) ) ;
#3846 = ORIENTED_EDGE ( 'NONE', *, *, #4401, .F. ) ;
#3847 = VECTOR ( 'NONE', #1014, 1000.000000000000000 ) ;
#3849 = CARTESIAN_POINT ( 'NONE',  ( 0.4500000000000002887, 0.3999999999999999667, -1.549999999999997824 ) ) ;
#3848 = VECTOR ( 'NONE', #617, 1000.000000000000000 ) ;
#3850 = ORIENTED_EDGE ( 'NONE', *, *, #1955, .F. ) ;
#3851 = AXIS2_PLACEMENT_3D ( 'NONE', #360, #3777, #335 ) ;
#3852 = CARTESIAN_POINT ( 'NONE',  ( -1.249999999999999778, 1.200000000000000178, 1.399999999999999245 ) ) ;
#3853 = ADVANCED_FACE ( 'NONE', ( #2966 ), #4522, .T. ) ;
#3854 = PLANE ( 'NONE',  #4503 ) ;
#3855 = ORIENTED_EDGE ( 'NONE', *, *, #1201, .T. ) ;
#3856 = LINE ( 'NONE', #417, #4538 ) ;
#3857 = MANIFOLD_SOLID_BREP ( 'Fillet2', #3979 ) ;
#3858 = DIRECTION ( 'NONE',  ( 0.000000000000000000, 1.000000000000000000, 0.000000000000000000 ) ) ;
#3859 = ORIENTED_EDGE ( 'NONE', *, *, #4859, .T. ) ;
#3860 = ADVANCED_FACE ( 'NONE', ( #2995 ), #1575, .T. ) ;
#3861 = CARTESIAN_POINT ( 'NONE',  ( 1.160000000000000142, -9.099999999999999645, 0.1500000000000001610 ) ) ;
#3862 = ADVANCED_FACE ( 'NONE', ( #3835 ), #4976, .F. ) ;
#3864 = FACE_OUTER_BOUND ( 'NONE', #857, .T. ) ;
#3863 = VECTOR ( 'NONE', #1282, 1000.000000000000000 ) ;
#3865 = SHAPE_DEFINITION_REPRESENTATION ( #1344, #2301 ) ;
#3866 = VERTEX_POINT ( 'NONE', #4222 ) ;
#3867 = EDGE_CURVE ( 'NONE', #2282, #1387, #3076, .T. ) ;
#3868 = EDGE_LOOP ( 'NONE', ( #1651, #4792, #1785, #4923 ) ) ;
#3869 = CARTESIAN_POINT ( 'NONE',  ( -0.9999999999999988898, 1.641974234837420665, -1.599999999999997424 ) ) ;
#3870 = DIRECTION ( 'NONE',  ( 0.000000000000000000, 1.000000000000000000, 0.000000000000000000 ) ) ;
#3871 = DIRECTION ( 'NONE',  ( 0.000000000000000000, 1.000000000000000000, 0.000000000000000000 ) ) ;
#3872 = CARTESIAN_POINT ( 'NONE',  ( -0.4499999999999998446, 0.3999999999999999667, -1.000000000000002220 ) ) ;
#3873 = ORIENTED_EDGE ( 'NONE', *, *, #616, .F. ) ;
#3874 = ORIENTED_EDGE ( 'NONE', *, *, #542, .T. ) ;
#3875 = AXIS2_PLACEMENT_3D ( 'NONE', #4884, #1050, #1815 ) ;
#3876 = EDGE_CURVE ( 'NONE', #766, #2258, #801, .T. ) ;
#3877 = CARTESIAN_POINT ( 'NONE',  ( 0.8221377990421746551, 0.9100000000000062483, 1.444999999705002480 ) ) ;
#3878 = CARTESIAN_POINT ( 'NONE',  ( -1.160000000000000142, -9.099999999999999645, -0.1500000000000001610 ) ) ;
#3879 = ORIENTED_EDGE ( 'NONE', *, *, #3146, .F. ) ;
#3880 = AXIS2_PLACEMENT_3D ( 'NONE', #4745, #3461, #1697 ) ;
#3881 = AXIS2_PLACEMENT_3D ( 'NONE', #4771, #2407, #3524 ) ;
#3882 = EDGE_CURVE ( 'NONE', #699, #602, #2818, .T. ) ;
#3883 = CARTESIAN_POINT ( 'NONE',  ( -1.074999999999999734, 1.050000000000000044, -1.074999999999999956 ) ) ;
#3884 = CARTESIAN_POINT ( 'NONE',  ( 1.249999999999999778, 1.641974234837420665, -1.599999999999999645 ) ) ;
#3885 = VECTOR ( 'NONE', #875, 1000.000000000000000 ) ;
#3886 = AXIS2_PLACEMENT_3D ( 'NONE', #2532, #1432, #4868 ) ;
#3887 = ORIENTED_EDGE ( 'NONE', *, *, #4497, .F. ) ;
#3888 = ADVANCED_FACE ( 'NONE', ( #3425, #2629 ), #2707, .F. ) ;
#3889 = AXIS2_PLACEMENT_3D ( 'NONE', #1767, #4788, #3214 ) ;
#3890 = FILL_AREA_STYLE_COLOUR ( '', #2984 ) ;
#3891 = CARTESIAN_POINT ( 'NONE',  ( 0.7250000000000000888, 5.970014005574767246, 1.074999999999999734 ) ) ;
#3892 = ADVANCED_FACE ( 'NONE', ( #1918 ), #3450, .F. ) ;
#3893 = ORIENTED_EDGE ( 'NONE', *, *, #2130, .T. ) ;
#3894 = VERTEX_POINT ( 'NONE', #2267 ) ;
#3895 = CARTESIAN_POINT ( 'NONE',  ( -0.9999999999999997780, 1.125000000000000000, -1.074999999999999956 ) ) ;
#3896 = SURFACE_STYLE_USAGE ( .BOTH. , #4752 ) ;
#3897 = CARTESIAN_POINT ( 'NONE',  ( -1.094999999999999751, 1.010000000000000009, -1.074999999999999956 ) ) ;
#3898 = ADVANCED_FACE ( 'NONE', ( #2313 ), #3017, .T. ) ;
#3899 = CARTESIAN_POINT ( 'NONE',  ( 1.094999999999999973, 1.050000000000000044, 1.074999999999999956 ) ) ;
#3900 = CLOSED_SHELL ( 'NONE', ( #268, #172, #2486, #2685, #1505, #1107, #1569, #1506, #3234, #4798, #651 ) ) ;
#3901 = ORIENTED_EDGE ( 'NONE', *, *, #1592, .F. ) ;
#3902 = EDGE_LOOP ( 'NONE', ( #3556, #1871, #376, #1415, #2053, #2340, #2694, #1708 ) ) ;
#3903 = CARTESIAN_POINT ( 'NONE',  ( -1.095000000000000195, 1.010000000000000009, 1.074999999999999067 ) ) ;
#3904 = DIRECTION ( 'NONE',  ( 1.000000000000000000, 0.000000000000000000, -1.401985567869187533E-17 ) ) ;
#3905 = EDGE_LOOP ( 'NONE', ( #4928, #2263, #3563, #2062 ) ) ;
#3906 = VECTOR ( 'NONE', #4803, 1000.000000000000000 ) ;
#3907 = DIRECTION ( 'NONE',  ( 0.000000000000000000, 0.000000000000000000, -1.000000000000000000 ) ) ;
#3908 = VECTOR ( 'NONE', #3871, 1000.000000000000000 ) ;
#3909 = DIRECTION ( 'NONE',  ( -0.000000000000000000, -1.000000000000000000, -0.000000000000000000 ) ) ;
#3910 = EDGE_LOOP ( 'NONE', ( #605, #245, #3659, #1369 ) ) ;
#3911 = LINE ( 'NONE', #877, #1795 ) ;
#3912 = ADVANCED_FACE ( 'NONE', ( #751 ), #3473, .F. ) ;
#3913 = ORIENTED_EDGE ( 'NONE', *, *, #156, .F. ) ;
#3914 = EDGE_LOOP ( 'NONE', ( #2990, #1216, #3752, #3057 ) ) ;
#3915 = CARTESIAN_POINT ( 'NONE',  ( -1.200000000000000400, 0.4000000000000000222, 1.355051025721681457 ) ) ;
#3916 = EDGE_CURVE ( 'NONE', #1852, #2466, #822, .T. ) ;
#3917 = DIRECTION ( 'NONE',  ( 0.7071067811865475727, 0.000000000000000000, 0.7071067811865475727 ) ) ;
#3918 = DIRECTION ( 'NONE',  ( -1.000000000000000000, 0.000000000000000000, -1.355252715606880543E-16 ) ) ;
#3919 = ORIENTED_EDGE ( 'NONE', *, *, #3156, .F. ) ;
#3920 = VERTEX_POINT ( 'NONE', #4396 ) ;
#3921 = ORIENTED_EDGE ( 'NONE', *, *, #471, .T. ) ;
#3922 = DIRECTION ( 'NONE',  ( -1.000000000000000000, 0.000000000000000000, 0.000000000000000000 ) ) ;
#3923 = CARTESIAN_POINT ( 'NONE',  ( -0.4499999999999999001, 0.000000000000000000, -1.549999999999997824 ) ) ;
#3924 = PRESENTATION_STYLE_ASSIGNMENT (( #2381 ) ) ;
#3925 = VECTOR ( 'NONE', #1403, 1000.000000000000000 ) ;
#3926 = EDGE_CURVE ( 'NONE', #3974, #455, #538, .T. ) ;
#3927 = VECTOR ( 'NONE', #3941, 1000.000000000000000 ) ;
#3928 = DIRECTION ( 'NONE',  ( -1.000000000000000000, 0.000000000000000000, -3.466925551552484449E-17 ) ) ;
#3929 = LINE ( 'NONE', #2057, #4693 ) ;
#3930 = ORIENTED_EDGE ( 'NONE', *, *, #239, .T. ) ;
#3931 = DIRECTION ( 'NONE',  ( 0.000000000000000000, 1.000000000000000000, 0.000000000000000000 ) ) ;
#3932 = DIRECTION ( 'NONE',  ( -1.000000000000000000, 0.000000000000000000, 0.000000000000000000 ) ) ;
#3933 = EDGE_CURVE ( 'NONE', #1388, #1513, #1298, .T. ) ;
#3934 = CARTESIAN_POINT ( 'NONE',  ( -0.7249999999999998668, 0.9000000000000000222, -1.074999999999999734 ) ) ;
#3935 = VERTEX_POINT ( 'NONE', #143 ) ;
#3936 = ORIENTED_EDGE ( 'NONE', *, *, #4950, .F. ) ;
#3937 = ORIENTED_EDGE ( 'NONE', *, *, #3518, .T. ) ;
#3938 = CARTESIAN_POINT ( 'NONE',  ( 1.005051025721682256, 0.4000000000000000222, -1.549999999999997158 ) ) ;
#3939 = CARTESIAN_POINT ( 'NONE',  ( -1.005051025721681812, 0.3999999999999999667, -1.549999999999997824 ) ) ;
#3940 = CARTESIAN_POINT ( 'NONE',  ( -0.7250000000000000888, 1.010000000000000009, 1.444999999999999840 ) ) ;
#3941 = DIRECTION ( 'NONE',  ( 4.795803777790776160E-16, 0.000000000000000000, 1.000000000000000000 ) ) ;
#3942 = UNCERTAINTY_MEASURE_WITH_UNIT (LENGTH_MEASURE( 1.000000000000000082E-05 ), #3506, 'distance_accuracy_value', 'NONE');
#3943 = ORIENTED_EDGE ( 'NONE', *, *, #872, .F. ) ;
#3944 = ORIENTED_EDGE ( 'NONE', *, *, #3213, .T. ) ;
#3945 = VECTOR ( 'NONE', #2469, 1000.000000000000000 ) ;
#3946 = DIRECTION ( 'NONE',  ( -0.000000000000000000, -1.000000000000000000, -0.000000000000000000 ) ) ;
#3947 = CARTESIAN_POINT ( 'NONE',  ( 1.094999999705002613, 0.9099999999999999201, 1.172137799042173967 ) ) ;
#3948 = DIRECTION ( 'NONE',  ( -0.000000000000000000, -1.000000000000000000, -0.000000000000000000 ) ) ;
#3949 = PRESENTATION_STYLE_ASSIGNMENT (( #2052 ) ) ;
#3950 = ORIENTED_EDGE ( 'NONE', *, *, #2994, .T. ) ;
#3951 = AXIS2_PLACEMENT_3D ( 'NONE', #1466, #4421, #4558 ) ;
#3952 = EDGE_CURVE ( 'NONE', #2223, #3089, #3144, .T. ) ;
#3953 = CARTESIAN_POINT ( 'NONE',  ( -0.7249999999999998668, 1.050000000000000044, -1.074999999999999734 ) ) ;
#3954 = EDGE_CURVE ( 'NONE', #2466, #2126, #512, .T. ) ;
#3955 = DIRECTION ( 'NONE',  ( -1.000000000000000000, 0.000000000000000000, -1.355252715606880543E-16 ) ) ;
#3956 = EDGE_CURVE ( 'NONE', #1604, #2828, #4346, .T. ) ;
#3957 = AXIS2_PLACEMENT_3D ( 'NONE', #2536, #628, #3281 ) ;
#3958 = ORIENTED_EDGE ( 'NONE', *, *, #4403, .T. ) ;
#3959 = DIRECTION ( 'NONE',  ( 1.000000000000000000, 0.000000000000000000, 1.355252715606880543E-16 ) ) ;
#3960 = VECTOR ( 'NONE', #3601, 1000.000000000000000 ) ;
#3961 = AXIS2_PLACEMENT_3D ( 'NONE', #515, #1670, #1626 ) ;
#3962 = CARTESIAN_POINT ( 'NONE',  ( -0.4499999999999999001, 0.000000000000000000, -1.549999999999997824 ) ) ;
#3963 = VECTOR ( 'NONE', #4453, 1000.000000000000000 ) ;
#3964 = ORIENTED_EDGE ( 'NONE', *, *, #1612, .F. ) ;
#3965 = AXIS2_PLACEMENT_3D ( 'NONE', #2459, #3909, #1598 ) ;
#3966 = ORIENTED_EDGE ( 'NONE', *, *, #1980, .T. ) ;
#3967 = ORIENTED_EDGE ( 'NONE', *, *, #3279, .T. ) ;
#3968 = PLANE ( 'NONE',  #1400 ) ;
#3969 = DIRECTION ( 'NONE',  ( -0.000000000000000000, -1.000000000000000000, 0.000000000000000000 ) ) ;
#3970 = AXIS2_PLACEMENT_3D ( 'NONE', #4845, #645, #1405 ) ;
#3971 = CARTESIAN_POINT ( 'NONE',  ( 1.200000000000000178, 0.000000000000000000, -0.6500000000000016875 ) ) ;
#3972 = ORIENTED_EDGE ( 'NONE', *, *, #665, .F. ) ;
#3973 = ORIENTED_EDGE ( 'NONE', *, *, #4434, .F. ) ;
#3974 = VERTEX_POINT ( 'NONE', #4741 ) ;
#3975 = CARTESIAN_POINT ( 'NONE',  ( 1.199999999999999512, 0.4000000000000000222, 1.355051025721682123 ) ) ;
#3976 = CARTESIAN_POINT ( 'NONE',  ( -1.095000000000000417, 0.9099999999999999201, 1.074999999999999067 ) ) ;
#3977 = DIRECTION ( 'NONE',  ( -1.000000000000000000, 0.000000000000000000, 0.000000000000000000 ) ) ;
#3978 = FACE_OUTER_BOUND ( 'NONE', #2243, .T. ) ;
#3979 = CLOSED_SHELL ( 'NONE', ( #3888, #3608, #3680, #2729, #3289, #1355, #4613, #4162, #1472, #831, #3695, #2807, #3892, #694, #2781, #4451, #4006, #2040, #3580, #4851, #1188, #3113, #4171, #2490, #4881, #225, #1422, #1428, #674, #3275, #587, #4785, #1669, #3240 ) ) ;
#3980 = EDGE_CURVE ( 'NONE', #53, #1566, #2840, .T. ) ;
#3981 = VECTOR ( 'NONE', #3870, 1000.000000000000000 ) ;
#3982 = PLANE ( 'NONE',  #4449 ) ;
#3983 = CARTESIAN_POINT ( 'NONE',  ( 0.9999999999999988898, 1.641974234837420665, 1.599999999999997202 ) ) ;
#3984 = DIRECTION ( 'NONE',  ( -1.000000000000000000, 0.000000000000000000, 6.458098650248651529E-16 ) ) ;
#3985 = EDGE_CURVE ( 'NONE', #1464, #4377, #899, .T. ) ;
#3986 = EDGE_LOOP ( 'NONE', ( #3678, #61, #3564, #388 ) ) ;
#3987 = AXIS2_PLACEMENT_3D ( 'NONE', #2372, #3917, #1336 ) ;
#3988 = DIRECTION ( 'NONE',  ( -1.000000000000000000, 0.000000000000000000, 0.000000000000000000 ) ) ;
#3989 = DIRECTION ( 'NONE',  ( -1.000000000000000000, 0.000000000000000000, 0.000000000000000000 ) ) ;
#3990 = CARTESIAN_POINT ( 'NONE',  ( -1.249999999999999334, 0.4000000000000000222, -1.600000000000000089 ) ) ;
#3991 = ORIENTED_EDGE ( 'NONE', *, *, #265, .F. ) ;
#3992 = ORIENTED_EDGE ( 'NONE', *, *, #1381, .F. ) ;
#3993 = ORIENTED_EDGE ( 'NONE', *, *, #1586, .T. ) ;
#3994 = CARTESIAN_POINT ( 'NONE',  ( 1.200000000000000178, 0.4000000000000000222, 0.6500000000000021316 ) ) ;
#3995 = CARTESIAN_POINT ( 'NONE',  ( 0.4499999999999997891, 0.000000000000000000, 0.6500000000000020206 ) ) ;
#3996 = CARTESIAN_POINT ( 'NONE',  ( -1.005051025721682256, 1.641974234837420665, 1.549999999999997380 ) ) ;
#3997 = CARTESIAN_POINT ( 'NONE',  ( 0.7249999999999999778, 0.9100000000000000311, -1.510000000000000009 ) ) ;
#3998 = EDGE_LOOP ( 'NONE', ( #3536, #4004, #4909, #4611 ) ) ;
#3999 = VERTEX_POINT ( 'NONE', #485 ) ;
#4000 = CARTESIAN_POINT ( 'NONE',  ( 1.249999999999999334, 1.641974234837420665, 1.600000000000000089 ) ) ;
#4001 = CYLINDRICAL_SURFACE ( 'NONE', #42, 0.2000000000000003164 ) ;
#4002 = DIRECTION ( 'NONE',  ( 1.000000000000000000, 0.000000000000000000, 0.000000000000000000 ) ) ;
#4003 = LINE ( 'NONE', #2528, #560 ) ;
#4004 = ORIENTED_EDGE ( 'NONE', *, *, #1863, .F. ) ;
#4005 = DIRECTION ( 'NONE',  ( 0.000000000000000000, 1.000000000000000000, 0.000000000000000000 ) ) ;
#4006 = ADVANCED_FACE ( 'NONE', ( #511 ), #849, .F. ) ;
#4007 = CARTESIAN_POINT ( 'NONE',  ( -1.200000000000000178, 0.000000000000000000, -0.6500000000000021316 ) ) ;
#4008 = DIRECTION ( 'NONE',  ( 0.000000000000000000, 0.000000000000000000, 1.000000000000000000 ) ) ;
#4009 = ORIENTED_EDGE ( 'NONE', *, *, #4247, .F. ) ;
#4010 = AXIS2_PLACEMENT_3D ( 'NONE', #2648, #3063, #3805 ) ;
#4011 = CARTESIAN_POINT ( 'NONE',  ( 1.200000000000000178, 0.4000000000000000222, 0.6500000000000021316 ) ) ;
#4012 = CARTESIAN_POINT ( 'NONE',  ( 1.074999999999999956, 1.050000000000000044, 1.074999999999999956 ) ) ;
#4013 = FACE_OUTER_BOUND ( 'NONE', #4819, .T. ) ;
#4014 = MECHANICAL_DESIGN_GEOMETRIC_PRESENTATION_REPRESENTATION (  '', ( #1919 ), #3778 ) ;
#4015 = ORIENTED_EDGE ( 'NONE', *, *, #4263, .T. ) ;
#4016 = ORIENTED_EDGE ( 'NONE', *, *, #3156, .T. ) ;
#4017 = ADVANCED_FACE ( 'NONE', ( #167 ), #955, .T. ) ;
#4018 = EDGE_CURVE ( 'NONE', #2223, #2133, #2270, .T. ) ;
#4019 = EDGE_CURVE ( 'NONE', #604, #4651, #2383, .T. ) ;
#4020 = CARTESIAN_POINT ( 'NONE',  ( 0.000000000000000000, 0.000000000000000000, 0.000000000000000000 ) ) ;
#4021 = LINE ( 'NONE', #2561, #2970 ) ;
#4022 = CARTESIAN_POINT ( 'NONE',  ( 1.113118632143039077, 0.9100000000000000311, 1.302064267489257521 ) ) ;
#4023 = CARTESIAN_POINT ( 'NONE',  ( -0.2416666666666663355, 0.9100000000000000311, 1.509999999999999787 ) ) ;
#4024 = EDGE_CURVE ( 'NONE', #4379, #4672, #3929, .T. ) ;
#4025 = EDGE_CURVE ( 'NONE', #526, #3089, #1693, .T. ) ;
#4026 = EDGE_LOOP ( 'NONE', ( #1727, #3440, #4034, #1507 ) ) ;
#4027 = VERTEX_POINT ( 'NONE', #4368 ) ;
#4028 = DIRECTION ( 'NONE',  ( -0.000000000000000000, -1.000000000000000000, -0.000000000000000000 ) ) ;
#4029 = PRODUCT ( 'SG-8018CE 35.0900M-TJHSA0', 'SG-8018CE 35.0900M-TJHSA0', '', ( #4721 ) ) ;
#4030 = LINE ( 'NONE', #1401, #121 ) ;
#4031 = CARTESIAN_POINT ( 'NONE',  ( 1.160000000000000142, 0.000000000000000000, 0.1500000000000001610 ) ) ;
#4032 = CIRCLE ( 'NONE', #991, 0.07499999999999998335 ) ;
#4033 = DIRECTION ( 'NONE',  ( 1.054085445472029485E-16, 0.000000000000000000, 1.000000000000000000 ) ) ;
#4034 = ORIENTED_EDGE ( 'NONE', *, *, #827, .T. ) ;
#4035 = VECTOR ( 'NONE', #2060, 1000.000000000000000 ) ;
#4036 = FACE_OUTER_BOUND ( 'NONE', #4182, .T. ) ;
#4037 = CARTESIAN_POINT ( 'NONE',  ( -1.249999999999999778, 0.9000000000000000222, 1.399999999999999245 ) ) ;
#4038 = ORIENTED_EDGE ( 'NONE', *, *, #2611, .F. ) ;
#4039 = CARTESIAN_POINT ( 'NONE',  ( 1.074999999999999956, 5.970014005574767246, 1.074999999999999956 ) ) ;
#4040 = LINE ( 'NONE', #2462, #3847 ) ;
#4041 = DIRECTION ( 'NONE',  ( 0.000000000000000000, -1.000000000000000000, 0.000000000000000000 ) ) ;
#4042 = ADVANCED_FACE ( 'NONE', ( #3221 ), #4767, .T. ) ;
#4043 = ORIENTED_EDGE ( 'NONE', *, *, #2934, .T. ) ;
#4044 = VERTEX_POINT ( 'NONE', #4320 ) ;
#4045 = AXIS2_PLACEMENT_3D ( 'NONE', #1300, #2461, #3177 ) ;
#4046 = FILL_AREA_STYLE_COLOUR ( '', #2895 ) ;
#4047 = CARTESIAN_POINT ( 'NONE',  ( 1.005051025721681812, 0.000000000000000000, 1.549999999999997602 ) ) ;
#4048 = CARTESIAN_POINT ( 'NONE',  ( -1.005051025721682256, 0.4000000000000000222, 1.549999999999997380 ) ) ;
#4049 = CARTESIAN_POINT ( 'NONE',  ( 0.2416666666666661412, 0.9099999999999999201, 1.445000000000000062 ) ) ;
#4050 = ADVANCED_FACE ( 'NONE', ( #2727 ), #3521, .T. ) ;
#4051 = AXIS2_PLACEMENT_3D ( 'NONE', #4571, #3858, #4190 ) ;
#4052 = VECTOR ( 'NONE', #3015, 1000.000000000000000 ) ;
#4053 = ORIENTED_EDGE ( 'NONE', *, *, #4091, .T. ) ;
#4054 = ORIENTED_EDGE ( 'NONE', *, *, #533, .T. ) ;
#4055 = VECTOR ( 'NONE', #1127, 1000.000000000000000 ) ;
#4056 = LINE ( 'NONE', #1788, #369 ) ;
#4057 = ADVANCED_FACE ( 'NONE', ( #1982 ), #3174, .F. ) ;
#4058 = PLANE ( 'NONE',  #1726 ) ;
#4059 = CARTESIAN_POINT ( 'NONE',  ( -0.9999999999999988898, 0.000000000000000000, -1.599999999999997424 ) ) ;
#4060 = CARTESIAN_POINT ( 'NONE',  ( -1.250000000000000000, 0.9000000000000000222, 0.1499999999999998279 ) ) ;
#4061 = EDGE_LOOP ( 'NONE', ( #3227, #2440, #3489, #3846 ) ) ;
#4062 = EDGE_CURVE ( 'NONE', #4044, #100, #1725, .T. ) ;
#4063 = AXIS2_PLACEMENT_3D ( 'NONE', #1146, #767, #503 ) ;
#4064 = CARTESIAN_POINT ( 'NONE',  ( -1.249999999999999778, 0.9000000000000000222, 1.599999999999999645 ) ) ;
#4065 = DIRECTION ( 'NONE',  ( -1.000000000000000000, 0.000000000000000000, 0.000000000000000000 ) ) ;
#4066 = EDGE_LOOP ( 'NONE', ( #4973, #842, #2020, #380, #930, #3751, #2721, #2542 ) ) ;
#4067 =( BOUNDED_CURVE ( )  B_SPLINE_CURVE ( 2, ( #894, #2804, #1244 ),
 .UNSPECIFIED., .F., .F. ) 
 B_SPLINE_CURVE_WITH_KNOTS ( ( 3, 3 ),
 ( 0.000000000000000000, 1.000000000000000000 ),
 .UNSPECIFIED. ) 
 CURVE ( )  GEOMETRIC_REPRESENTATION_ITEM ( )  RATIONAL_B_SPLINE_CURVE ( ( 1.000000000000000000, 0.7071067811865475727, 1.000000000000000000 ) ) 
 REPRESENTATION_ITEM ( '' )  );
#4068 = PRESENTATION_LAYER_ASSIGNMENT (  '', '', ( #2284 ) ) ;
#4069 = DIRECTION ( 'NONE',  ( -1.355252715606880543E-16, 0.000000000000000000, 1.000000000000000000 ) ) ;
#4070 = LINE ( 'NONE', #1802, #4618 ) ;
#4071 = CARTESIAN_POINT ( 'NONE',  ( 0.7249999999999999778, 0.9000000000000000222, -1.425000000000000044 ) ) ;
#4072 = VERTEX_POINT ( 'NONE', #3249 ) ;
#4073 = ORIENTED_EDGE ( 'NONE', *, *, #332, .T. ) ;
#4074 = AXIS2_PLACEMENT_3D ( 'NONE', #1084, #1869, #2216 ) ;
#4075 = ADVANCED_FACE ( 'NONE', ( #669 ), #223, .T. ) ;
#4076 = PRESENTATION_STYLE_ASSIGNMENT (( #1759 ) ) ;
#4077 = CARTESIAN_POINT ( 'NONE',  ( -1.094999999999999751, 1.050000000000000044, -1.074999999999999956 ) ) ;
#4078 = ADVANCED_FACE ( 'NONE', ( #3737 ), #3325, .F. ) ;
#4079 = LINE ( 'NONE', #4048, #4286 ) ;
#4080 = CARTESIAN_POINT ( 'NONE',  ( 1.159999999653171798, 0.9100000000000000311, -1.189202547522555831 ) ) ;
#4081 = ORIENTED_EDGE ( 'NONE', *, *, #1227, .F. ) ;
#4082 = VERTEX_POINT ( 'NONE', #2576 ) ;
#4083 = CARTESIAN_POINT ( 'NONE',  ( -1.160000000000000142, -9.099999999999999645, 0.1499999999999998279 ) ) ;
#4084 = DIRECTION ( 'NONE',  ( -3.764590876685790570E-16, 0.000000000000000000, 1.000000000000000000 ) ) ;
#4085 = DIRECTION ( 'NONE',  ( 3.466925551552480752E-17, 0.000000000000000000, -1.000000000000000000 ) ) ;
#4086 = LINE ( 'NONE', #4790, #4096 ) ;
#4087 = VERTEX_POINT ( 'NONE', #4037 ) ;
#4088 = EDGE_CURVE ( 'NONE', #163, #1604, #4614, .T. ) ;
#4089 = DIRECTION ( 'NONE',  ( -1.355252715606880543E-16, 0.000000000000000000, 1.000000000000000000 ) ) ;
#4090 = PRESENTATION_STYLE_ASSIGNMENT (( #292 ) ) ;
#4091 = EDGE_CURVE ( 'NONE', #4229, #2739, #2483, .T. ) ;
#4092 = ADVANCED_FACE ( 'NONE', ( #2187 ), #4869, .F. ) ;
#4093 = CARTESIAN_POINT ( 'NONE',  ( -1.159999999653123171, 0.9100000000000000311, 1.189202547522555609 ) ) ;
#4094 = CARTESIAN_POINT ( 'NONE',  ( -0.7999999999999998224, 0.000000000000000000, -0.6500000000000020206 ) ) ;
#4095 = CARTESIAN_POINT ( 'NONE',  ( 1.249999999999999778, 0.4000000000000000222, -1.599999999999999645 ) ) ;
#4096 = VECTOR ( 'NONE', #1347, 1000.000000000000000 ) ;
#4097 = VERTEX_POINT ( 'NONE', #2510 ) ;
#4098 = AXIS2_PLACEMENT_3D ( 'NONE', #4196, #1875, #4956 ) ;
#4099 = CARTESIAN_POINT ( 'NONE',  ( -0.9181350637424143812, 1.010000000000000009, -1.405123954335630643 ) ) ;
#4100 = DIRECTION ( 'NONE',  ( 0.000000000000000000, -1.000000000000000000, 0.000000000000000000 ) ) ;
#4101 = CARTESIAN_POINT ( 'NONE',  ( 1.094999999999999973, 1.010000000000000009, -1.074999999999999956 ) ) ;
#4102 = CARTESIAN_POINT ( 'NONE',  ( -1.249999999999999334, 0.000000000000000000, -1.600000000000000089 ) ) ;
#4103 = ORIENTED_EDGE ( 'NONE', *, *, #4268, .T. ) ;
#4104 = ADVANCED_FACE ( 'NONE', ( #593 ), #1059, .F. ) ;
#4105 = VERTEX_POINT ( 'NONE', #2554 ) ;
#4106 = CARTESIAN_POINT ( 'NONE',  ( -1.249999999999999778, -9.099999999999999645, 0.2399999999999996303 ) ) ;
#4107 = DIRECTION ( 'NONE',  ( 1.000000000000000000, 0.000000000000000000, -6.057979638762792628E-14 ) ) ;
#4108 = CARTESIAN_POINT ( 'NONE',  ( -1.249999999999999778, 0.3999999999999999667, 1.599999999999999645 ) ) ;
#4109 = CARTESIAN_POINT ( 'NONE',  ( -1.074999999999999734, 1.050000000000000044, -1.074999999999999956 ) ) ;
#4110 = ORIENTED_EDGE ( 'NONE', *, *, #3103, .F. ) ;
#4111 = B_SPLINE_CURVE_WITH_KNOTS ( 'NONE', 3,
 ( #2682, #4186, #4945, #366, #745, #2262 ),
 .UNSPECIFIED., .F., .F.,
 ( 4, 2, 4 ),
 ( 0.000000000000000000, 0.4999999999999997780, 1.000000000000000000 ),
 .UNSPECIFIED. ) ;
#4112 = VECTOR ( 'NONE', #4527, 1000.000000000000000 ) ;
#4113 = CARTESIAN_POINT ( 'NONE',  ( 1.200000000000000178, 0.000000000000000000, 0.6500000000000021316 ) ) ;
#4114 = DIRECTION ( 'NONE',  ( 0.000000000000000000, 0.000000000000000000, -1.000000000000000000 ) ) ;
#4115 = ADVANCED_FACE ( 'NONE', ( #2866 ), #2143, .F. ) ;
#4116 = DIRECTION ( 'NONE',  ( -1.000000000000000000, 0.000000000000000000, -1.355252715606880543E-16 ) ) ;
#4117 = ADVANCED_FACE ( 'NONE', ( #4890 ), #1774, .F. ) ;
#4118 = CYLINDRICAL_SURFACE ( 'NONE', #741, 0.2500000000000002220 ) ;
#4119 = EDGE_CURVE ( 'NONE', #1957, #3258, #2921, .T. ) ;
#4120 = DIRECTION ( 'NONE',  ( 0.000000000000000000, 1.000000000000000000, 0.000000000000000000 ) ) ;
#4121 = ORIENTED_EDGE ( 'NONE', *, *, #827, .F. ) ;
#4122 = CIRCLE ( 'NONE', #2977, 0.2500000000000002220 ) ;
#4123 = CARTESIAN_POINT ( 'NONE',  ( 1.249999999999999778, 0.7349999999999995426, -0.1499999999999998279 ) ) ;
#4124 = FACE_OUTER_BOUND ( 'NONE', #4325, .T. ) ;
#4125 = CARTESIAN_POINT ( 'NONE',  ( 0.7249999999999998668, 0.9000000000000000222, -1.074999999999999956 ) ) ;
#4126 = CARTESIAN_POINT ( 'NONE',  ( 1.094999999999999973, 1.010000000000000009, 1.074999999999999956 ) ) ;
#4127 = ORIENTED_EDGE ( 'NONE', *, *, #3491, .F. ) ;
#4128 = VECTOR ( 'NONE', #4454, 1000.000000000000000 ) ;
#4129 = ORIENTED_EDGE ( 'NONE', *, *, #2651, .F. ) ;
#4130 = DIRECTION ( 'NONE',  ( -3.764590876685790570E-16, 0.000000000000000000, 1.000000000000000000 ) ) ;
#4131 = DIRECTION ( 'NONE',  ( 0.000000000000000000, 1.000000000000000000, 0.000000000000000000 ) ) ;
#4132 = DIRECTION ( 'NONE',  ( -1.000000000000000000, -0.000000000000000000, 1.401985567869187533E-17 ) ) ;
#4133 = CARTESIAN_POINT ( 'NONE',  ( 0.7250000000000000888, 1.125000000000000222, 1.074999999999999734 ) ) ;
#4134 = AXIS2_PLACEMENT_3D ( 'NONE', #247, #4424, #4797 ) ;
#4135 = CIRCLE ( 'NONE', #3886, 0.2500000000000002220 ) ;
#4136 = CARTESIAN_POINT ( 'NONE',  ( -1.094999999999999751, 1.050000000000000044, -1.074999999999999956 ) ) ;
#4137 = AXIS2_PLACEMENT_3D ( 'NONE', #2116, #3663, #3297 ) ;
#4138 = LINE ( 'NONE', #4914, #2192 ) ;
#4139 = ADVANCED_FACE ( 'NONE', ( #339 ), #2988, .T. ) ;
#4140 = DIRECTION ( 'NONE',  ( -1.000000000000000000, 0.000000000000000000, -1.239088197126290275E-15 ) ) ;
#4141 = VERTEX_POINT ( 'NONE', #1128 ) ;
#4142 = EDGE_CURVE ( 'NONE', #752, #1364, #1178, .T. ) ;
#4143 = LINE ( 'NONE', #4569, #4615 ) ;
#4144 = DIRECTION ( 'NONE',  ( -1.000000000000000000, 0.000000000000000000, 0.000000000000000000 ) ) ;
#4145 = DIRECTION ( 'NONE',  ( 1.000000000000000000, 0.000000000000000000, 1.355252715606880543E-16 ) ) ;
#4146 = ORIENTED_EDGE ( 'NONE', *, *, #3213, .F. ) ;
#4147 = CARTESIAN_POINT ( 'NONE',  ( -0.7249999999999999778, 0.9099999999999999201, -1.445000000000000062 ) ) ;
#4148 = PLANE ( 'NONE',  #3386 ) ;
#4149 = LINE ( 'NONE', #1161, #3444 ) ;
#4150 = AXIS2_PLACEMENT_3D ( 'NONE', #4221, #719, #4144 ) ;
#4151 = EDGE_LOOP ( 'NONE', ( #1089, #2649, #4360, #1997 ) ) ;
#4152 = EDGE_LOOP ( 'NONE', ( #1675, #2767, #1332, #1658 ) ) ;
#4153 = ORIENTED_EDGE ( 'NONE', *, *, #547, .F. ) ;
#4154 = CARTESIAN_POINT ( 'NONE',  ( -1.249999999999999778, 0.9000000000000000222, 1.599999999999999645 ) ) ;
#4155 = CIRCLE ( 'NONE', #456, 0.2500000000000002220 ) ;
#4156 = DIRECTION ( 'NONE',  ( -1.000000000000000000, 0.000000000000000000, -1.355252715606880543E-16 ) ) ;
#4157 = LINE ( 'NONE', #333, #3480 ) ;
#4158 = CARTESIAN_POINT ( 'NONE',  ( 1.249999999999999334, 0.000000000000000000, 1.600000000000000089 ) ) ;
#4159 = ORIENTED_EDGE ( 'NONE', *, *, #453, .F. ) ;
#4160 = DIRECTION ( 'NONE',  ( -1.000000000000000000, 0.000000000000000000, 1.401985567869189998E-17 ) ) ;
#4161 = PLANE ( 'NONE',  #2114 ) ;
#4162 = ADVANCED_FACE ( 'NONE', ( #1572 ), #3370, .F. ) ;
#4163 = LINE ( 'NONE', #3783, #1408 ) ;
#4164 = CARTESIAN_POINT ( 'NONE',  ( 1.160000000000000142, 0.000000000000000000, -0.1499999999999998002 ) ) ;
#4165 =( LENGTH_UNIT ( ) NAMED_UNIT ( * ) SI_UNIT ( .MILLI., .METRE. ) );
#4166 = ORIENTED_EDGE ( 'NONE', *, *, #250, .T. ) ;
#4167 = CARTESIAN_POINT ( 'NONE',  ( 1.075000000000000178, 0.9000000000000000222, -1.074999999999999734 ) ) ;
#4169 = DIRECTION ( 'NONE',  ( -1.054085445472029485E-16, 0.000000000000000000, -1.000000000000000000 ) ) ;
#4168 = PRESENTATION_LAYER_ASSIGNMENT (  '', '', ( #4575 ) ) ;
#4170 = CARTESIAN_POINT ( 'NONE',  ( 0.2416666666666663355, 0.9100000000000000311, 1.509999999999999787 ) ) ;
#4171 = ADVANCED_FACE ( 'NONE', ( #1474 ), #2286, .T. ) ;
#4172 = ORIENTED_EDGE ( 'NONE', *, *, #4119, .F. ) ;
#4173 = ORIENTED_EDGE ( 'NONE', *, *, #1921, .F. ) ;
#4174 = AXIS2_PLACEMENT_3D ( 'NONE', #180, #634, #2881 ) ;
#4175 = DIRECTION ( 'NONE',  ( -0.000000000000000000, -1.000000000000000000, 0.000000000000000000 ) ) ;
#4176 = LINE ( 'NONE', #2251, #3171 ) ;
#4177 = ADVANCED_FACE ( 'NONE', ( #4543 ), #4161, .F. ) ;
#4178 = CARTESIAN_POINT ( 'NONE',  ( -1.049999999999999600, 0.9000000000000000222, 1.599999999999999645 ) ) ;
#4179 = CARTESIAN_POINT ( 'NONE',  ( 1.005051025721681812, 0.4000000000000000222, 1.549999999999997602 ) ) ;
#4180 = ADVANCED_FACE ( 'NONE', ( #3759 ), #2625, .T. ) ;
#4181 = SURFACE_STYLE_FILL_AREA ( #737 ) ;
#4182 = EDGE_LOOP ( 'NONE', ( #2388, #3122, #1636, #4596 ) ) ;
#4183 = DIRECTION ( 'NONE',  ( -1.000000000000000000, 0.000000000000000000, 0.000000000000000000 ) ) ;
#4184 = ORIENTED_EDGE ( 'NONE', *, *, #2863, .T. ) ;
#4185 = DIRECTION ( 'NONE',  ( 0.000000000000000000, -1.000000000000000000, 0.000000000000000000 ) ) ;
#4186 = CARTESIAN_POINT ( 'NONE',  ( 1.094999999999999751, 1.010000000000000009, -1.171865773485685880 ) ) ;
#4187 = EDGE_LOOP ( 'NONE', ( #1245, #3813, #367, #4567 ) ) ;
#4188 = DIRECTION ( 'NONE',  ( -1.000000000000000000, 0.000000000000000000, 0.000000000000000000 ) ) ;
#4189 = CARTESIAN_POINT ( 'NONE',  ( 1.074999999999999956, 0.9000000000000000222, 1.074999999999999956 ) ) ;
#4190 = DIRECTION ( 'NONE',  ( -1.000000000000000000, 0.000000000000000000, -1.355252715606880543E-16 ) ) ;
#4191 = AXIS2_PLACEMENT_3D ( 'NONE', #4123, #1458, #679 ) ;
#4192 = ORIENTED_EDGE ( 'NONE', *, *, #3576, .T. ) ;
#4193 = CARTESIAN_POINT ( 'NONE',  ( 0.4500000000000002887, 0.000000000000000000, -1.549999999999997824 ) ) ;
#4194 = COLOUR_RGB ( '',0.9686274509803921573, 0.8784313725490195957, 0.5999999999999999778 ) ;
#4195 = EDGE_CURVE ( 'NONE', #4651, #2669, #3198, .T. ) ;
#4196 = CARTESIAN_POINT ( 'NONE',  ( -0.7249999999999998668, 0.9000000000000000222, -1.074999999999999734 ) ) ;
#4197 = AXIS2_PLACEMENT_3D ( 'NONE', #809, #405, #4960 ) ;
#4198 = EDGE_LOOP ( 'NONE', ( #3432, #3072, #1304, #768, #2164, #1070, #3218, #905, #3408, #835 ) ) ;
#4199 = VERTEX_POINT ( 'NONE', #3394 ) ;
#4200 = FACE_OUTER_BOUND ( 'NONE', #2395, .T. ) ;
#4201 = CARTESIAN_POINT ( 'NONE',  ( 1.200000000000000178, 1.641974234837420665, 0.6500000000000021316 ) ) ;
#4202 = EDGE_CURVE ( 'NONE', #3727, #493, #4111, .T. ) ;
#4203 = EDGE_CURVE ( 'NONE', #4776, #4523, #4341, .T. ) ;
#4204 = DIRECTION ( 'NONE',  ( 8.809142651444737726E-15, -0.000000000000000000, -1.000000000000000000 ) ) ;
#4205 = DIRECTION ( 'NONE',  ( -1.000000000000000000, 0.000000000000000000, 0.000000000000000000 ) ) ;
#4206 = CARTESIAN_POINT ( 'NONE',  ( -0.7249999999999999778, 0.9000000000000000222, 1.074999999999999734 ) ) ;
#4207 = ORIENTED_EDGE ( 'NONE', *, *, #4686, .F. ) ;
#4208 = FACE_OUTER_BOUND ( 'NONE', #1949, .T. ) ;
#4209 = ORIENTED_EDGE ( 'NONE', *, *, #3114, .T. ) ;
#4210 = AXIS2_PLACEMENT_3D ( 'NONE', #1131, #1896, #3069 ) ;
#4211 = PRESENTATION_LAYER_ASSIGNMENT (  '', '', ( #1010 ) ) ;
#4212 = CARTESIAN_POINT ( 'NONE',  ( 1.160000000000000142, -9.099999999999999645, -0.1499999999999998002 ) ) ;
#4213 = DIRECTION ( 'NONE',  ( 0.000000000000000000, 1.000000000000000000, 0.000000000000000000 ) ) ;
#4214 = ORIENTED_EDGE ( 'NONE', *, *, #3660, .T. ) ;
#4215 =( GEOMETRIC_REPRESENTATION_CONTEXT ( 3 ) GLOBAL_UNCERTAINTY_ASSIGNED_CONTEXT ( ( #181 ) ) GLOBAL_UNIT_ASSIGNED_CONTEXT ( ( #4299, #4349, #49 ) ) REPRESENTATION_CONTEXT ( 'NONE', 'WORKASPACE' ) );
#4216 = VECTOR ( 'NONE', #316, 1000.000000000000000 ) ;
#4217 = ORIENTED_EDGE ( 'NONE', *, *, #4736, .F. ) ;
#4218 = ADVANCED_FACE ( 'NONE', ( #797 ), #3854, .F. ) ;
#4219 = DIRECTION ( 'NONE',  ( -0.000000000000000000, -1.000000000000000000, 0.000000000000000000 ) ) ;
#4220 = VECTOR ( 'NONE', #4084, 1000.000000000000000 ) ;
#4221 = CARTESIAN_POINT ( 'NONE',  ( 1.249999999999999334, 0.000000000000000000, 1.600000000000000089 ) ) ;
#4222 = CARTESIAN_POINT ( 'NONE',  ( -0.4499999999999998446, 0.000000000000000000, -1.000000000000001998 ) ) ;
#4223 = VERTEX_POINT ( 'NONE', #1664 ) ;
#4224 = FILL_AREA_STYLE_COLOUR ( '', #1225 ) ;
#4225 = VECTOR ( 'NONE', #1174, 1000.000000000000000 ) ;
#4226 = CYLINDRICAL_SURFACE ( 'NONE', #4505, 0.07499999999999998335 ) ;
#4227 = EDGE_LOOP ( 'NONE', ( #4217, #4184, #1396, #1847 ) ) ;
#4228 = ORIENTED_EDGE ( 'NONE', *, *, #2679, .T. ) ;
#4229 = VERTEX_POINT ( 'NONE', #1689 ) ;
#4230 =( BOUNDED_SURFACE ( )  B_SPLINE_SURFACE ( 2, 3, ( 
 ( #3897, #3054, #4655, #4236 ),
 ( #4964, #1171, #3027, #4256 ),
 ( #1517, #790, #4585, #2304 ) ),
 .UNSPECIFIED., .F., .F., .F. ) 
 B_SPLINE_SURFACE_WITH_KNOTS ( ( 3, 3 ),
 ( 4, 4 ),
 ( 0.000000000000000000, 1.000000000000000000 ),
 ( 0.000000000000000000, 0.002149999999999999134 ),
 .UNSPECIFIED. ) 
 GEOMETRIC_REPRESENTATION_ITEM ( )  RATIONAL_B_SPLINE_SURFACE ( (
 ( 1.000000000000000000, 1.000000000000000000, 1.000000000000000000, 1.000000000000000000),
 ( 0.7071067811865475727, 0.7071067811865475727, 0.7071067811865475727, 0.7071067811865475727),
 ( 1.000000000000000000, 1.000000000000000000, 1.000000000000000000, 1.000000000000000000) ) ) 
 REPRESENTATION_ITEM ( '' )  SURFACE ( )  );
#4231 = VECTOR ( 'NONE', #3412, 1000.000000000000000 ) ;
#4232 = EDGE_CURVE ( 'NONE', #3023, #168, #2780, .T. ) ;
#4233 = LINE ( 'NONE', #1212, #1933 ) ;
#4234 = CARTESIAN_POINT ( 'NONE',  ( -1.160000000000000142, -9.099999999999999645, 0.1499999999999998279 ) ) ;
#4235 = CARTESIAN_POINT ( 'NONE',  ( -0.2416666666666667795, 1.010000000000000009, 1.444999999999999840 ) ) ;
#4236 = CARTESIAN_POINT ( 'NONE',  ( -1.094999999999999973, 1.010000000000000009, 1.074999999999999067 ) ) ;
#4237 = ORIENTED_EDGE ( 'NONE', *, *, #1544, .T. ) ;
#4238 = ORIENTED_EDGE ( 'NONE', *, *, #922, .T. ) ;
#4239 = ORIENTED_EDGE ( 'NONE', *, *, #4142, .F. ) ;
#4240 = PRESENTATION_LAYER_ASSIGNMENT (  '', '', ( #2363 ) ) ;
#4241 = LINE ( 'NONE', #796, #3073 ) ;
#4242 = SURFACE_SIDE_STYLE ('',( #3091 ) ) ;
#4243 = ORIENTED_EDGE ( 'NONE', *, *, #471, .F. ) ;
#4244 = ADVANCED_FACE ( 'NONE', ( #3978 ), #818, .F. ) ;
#4245 = CARTESIAN_POINT ( 'NONE',  ( 1.200000000000000178, 0.000000000000000000, 0.6500000000000021316 ) ) ;
#4246 = DIRECTION ( 'NONE',  ( 1.000000000000000000, 0.000000000000000000, 0.000000000000000000 ) ) ;
#4247 = EDGE_CURVE ( 'NONE', #4386, #3100, #1984, .T. ) ;
#4248 = ORIENTED_EDGE ( 'NONE', *, *, #2763, .T. ) ;
#4249 = CARTESIAN_POINT ( 'NONE',  ( -1.005051025721682256, 0.4000000000000000222, 1.549999999999997380 ) ) ;
#4250 = CARTESIAN_POINT ( 'NONE',  ( -0.2416666666666663077, 1.010000000000000009, -1.444999999999999840 ) ) ;
#4251 = EDGE_LOOP ( 'NONE', ( #2643, #4038, #2401, #3611 ) ) ;
#4252 = ORIENTED_EDGE ( 'NONE', *, *, #1619, .F. ) ;
#4253 = FACE_OUTER_BOUND ( 'NONE', #1629, .T. ) ;
#4254 = DIRECTION ( 'NONE',  ( -8.809142651444739304E-15, 0.000000000000000000, 1.000000000000000000 ) ) ;
#4255 = CARTESIAN_POINT ( 'NONE',  ( -1.049999999999999156, 0.4000000000000000222, -1.600000000000000089 ) ) ;
#4256 = CARTESIAN_POINT ( 'NONE',  ( -1.095000000000000195, 0.9099999999999999201, 1.074999999999999067 ) ) ;
#4257 = CARTESIAN_POINT ( 'NONE',  ( 1.160000000000000142, -9.099999999999999645, -0.1499999999999998002 ) ) ;
#4259 = ORIENTED_EDGE ( 'NONE', *, *, #4874, .F. ) ;
#4258 = AXIS2_PLACEMENT_3D ( 'NONE', #1101, #3439, #4563 ) ;
#4260 = ORIENTED_EDGE ( 'NONE', *, *, #893, .T. ) ;
#4261 = DIRECTION ( 'NONE',  ( -0.000000000000000000, -1.000000000000000000, 0.000000000000000000 ) ) ;
#4262 = DIRECTION ( 'NONE',  ( -1.000000000000000000, 0.000000000000000000, -1.355252715606880543E-16 ) ) ;
#4263 = EDGE_CURVE ( 'NONE', #476, #636, #2333, .T. ) ;
#4264 = VERTEX_POINT ( 'NONE', #3138 ) ;
#4265 = PLANE ( 'NONE',  #3733 ) ;
#4266 = DIRECTION ( 'NONE',  ( 1.000000000000000000, 0.000000000000000000, 0.000000000000000000 ) ) ;
#4267 = EDGE_CURVE ( 'NONE', #2169, #2140, #468, .T. ) ;
#4268 = EDGE_CURVE ( 'NONE', #3359, #1482, #2000, .T. ) ;
#4269 = VERTEX_POINT ( 'NONE', #4663 ) ;
#4270 = EDGE_CURVE ( 'NONE', #1364, #1531, #4067, .T. ) ;
#4271 = CARTESIAN_POINT ( 'NONE',  ( -1.159999999999999698, 0.9100000000000000311, -1.074999999999999956 ) ) ;
#4273 = CYLINDRICAL_SURFACE ( 'NONE', #4376, 0.3499999999999999223 ) ;
#4272 = CIRCLE ( 'NONE', #1620, 0.2500000000000002220 ) ;
#4274 = APPLICATION_PROTOCOL_DEFINITION ( 'draft international standard', 'automotive_design', 1998, #957 ) ;
#4275 = ORIENTED_EDGE ( 'NONE', *, *, #3476, .T. ) ;
#4276 = ORIENTED_EDGE ( 'NONE', *, *, #3327, .F. ) ;
#4277 = EDGE_LOOP ( 'NONE', ( #520, #3211, #175, #784 ) ) ;
#4278 = CIRCLE ( 'NONE', #1548, 0.08999999999999980238 ) ;
#4279 = VECTOR ( 'NONE', #1873, 1000.000000000000000 ) ;
#4280 = PLANE ( 'NONE',  #2904 ) ;
#4281 = SURFACE_STYLE_FILL_AREA ( #2414 ) ;
#4282 = CARTESIAN_POINT ( 'NONE',  ( -1.160000000000000142, 0.7349999999999995426, 0.1499999999999998279 ) ) ;
#4283 = FACE_OUTER_BOUND ( 'NONE', #1102, .T. ) ;
#4284 = ORIENTED_EDGE ( 'NONE', *, *, #150, .T. ) ;
#4285 = VERTEX_POINT ( 'NONE', #4735 ) ;
#4286 = VECTOR ( 'NONE', #3723, 1000.000000000000000 ) ;
#4287 = CARTESIAN_POINT ( 'NONE',  ( 1.249999999999999778, 0.000000000000000000, -1.599999999999999645 ) ) ;
#4288 = FACE_OUTER_BOUND ( 'NONE', #1117, .T. ) ;
#4289 = AXIS2_PLACEMENT_3D ( 'NONE', #3579, #2091, #124 ) ;
#4290 = AXIS2_PLACEMENT_3D ( 'NONE', #4372, #3931, #2008 ) ;
#4291 = EDGE_CURVE ( 'NONE', #2376, #2214, #4711, .T. ) ;
#4292 = CARTESIAN_POINT ( 'NONE',  ( 1.250000000000000000, -9.099999999999999645, -0.2399999999999994083 ) ) ;
#4293 = DIRECTION ( 'NONE',  ( -0.000000000000000000, -1.000000000000000000, 0.000000000000000000 ) ) ;
#4294 = PRESENTATION_LAYER_ASSIGNMENT (  '', '', ( #4938 ) ) ;
#4295 = AXIS2_PLACEMENT_3D ( 'NONE', #291, #954, #4422 ) ;
#4296 = ORIENTED_EDGE ( 'NONE', *, *, #477, .F. ) ;
#4297 = AXIS2_PLACEMENT_3D ( 'NONE', #3710, #715, #3420 ) ;
#4298 = CARTESIAN_POINT ( 'NONE',  ( -0.4499999999999998446, 0.4000000000000000222, -1.000000000000001998 ) ) ;
#4299 =( LENGTH_UNIT ( ) NAMED_UNIT ( * ) SI_UNIT ( .MILLI., .METRE. ) );
#4300 = ORIENTED_EDGE ( 'NONE', *, *, #621, .F. ) ;
#4301 = ORIENTED_EDGE ( 'NONE', *, *, #4062, .F. ) ;
#4302 = ORIENTED_EDGE ( 'NONE', *, *, #1749, .F. ) ;
#4303 = DIRECTION ( 'NONE',  ( -1.401985567869187533E-17, 0.000000000000000000, -1.000000000000000000 ) ) ;
#4304 = CARTESIAN_POINT ( 'NONE',  ( 0.8221377990421664395, 0.9099999999999999201, -1.444999999704990046 ) ) ;
#4305 = CARTESIAN_POINT ( 'NONE',  ( -1.075000000000000178, 0.9000000000000000222, 1.074999999999999512 ) ) ;
#4306 = DIRECTION ( 'NONE',  ( -3.466925551552485682E-17, -0.000000000000000000, 1.000000000000000000 ) ) ;
#4307 = EDGE_CURVE ( 'NONE', #1387, #1126, #162, .T. ) ;
#4308 = VECTOR ( 'NONE', #4583, 1000.000000000000000 ) ;
#4309 = ORIENTED_EDGE ( 'NONE', *, *, #3428, .F. ) ;
#4310 = ORIENTED_EDGE ( 'NONE', *, *, #2950, .F. ) ;
#4311 = ORIENTED_EDGE ( 'NONE', *, *, #1169, .T. ) ;
#4312 = CARTESIAN_POINT ( 'NONE',  ( -0.7250000000000000888, 0.9000000000000000222, 1.424999999999999822 ) ) ;
#4313 = CARTESIAN_POINT ( 'NONE',  ( 1.094999999999999973, 1.010000000000000009, 1.075000000000000400 ) ) ;
#4314 = DIRECTION ( 'NONE',  ( 1.355252715606880543E-16, 0.000000000000000000, -1.000000000000000000 ) ) ;
#4315 = CARTESIAN_POINT ( 'NONE',  ( 1.250000000000000000, 1.200000000000000178, 1.600000000000000089 ) ) ;
#4316 = EDGE_LOOP ( 'NONE', ( #714, #4326, #1274, #1291 ) ) ;
#4317 = VECTOR ( 'NONE', #1641, 1000.000000000000000 ) ;
#4318 = DIRECTION ( 'NONE',  ( -1.000000000000000000, 0.000000000000000000, -9.035018104045912356E-16 ) ) ;
#4319 = AXIS2_PLACEMENT_3D ( 'NONE', #3560, #2770, #4727 ) ;
#4320 = CARTESIAN_POINT ( 'NONE',  ( 1.250000000000000000, 0.9000000000000000222, 1.399999999999999689 ) ) ;
#4321 = ORIENTED_EDGE ( 'NONE', *, *, #3209, .T. ) ;
#4322 = DIRECTION ( 'NONE',  ( -1.000000000000000000, 0.000000000000000000, 6.057979638762792628E-14 ) ) ;
#4323 = DIRECTION ( 'NONE',  ( -1.000000000000000000, 0.000000000000000000, -1.355252715606880543E-16 ) ) ;
#4324 = ORIENTED_EDGE ( 'NONE', *, *, #2259, .F. ) ;
#4325 = EDGE_LOOP ( 'NONE', ( #1694, #2039, #2048, #3819 ) ) ;
#4326 = ORIENTED_EDGE ( 'NONE', *, *, #979, .F. ) ;
#4327 = FACE_OUTER_BOUND ( 'NONE', #4860, .T. ) ;
#4328 = DIRECTION ( 'NONE',  ( -1.000000000000000000, 0.000000000000000000, 0.000000000000000000 ) ) ;
#4329 = CARTESIAN_POINT ( 'NONE',  ( 0.7250000000000000888, 0.9100000000000000311, 1.509999999999999787 ) ) ;
#4330 = DIRECTION ( 'NONE',  ( 0.000000000000000000, -1.000000000000000000, 0.000000000000000000 ) ) ;
#4331 = EDGE_CURVE ( 'NONE', #2226, #1957, #1642, .T. ) ;
#4332 = ORIENTED_EDGE ( 'NONE', *, *, #2378, .F. ) ;
#4333 = VERTEX_POINT ( 'NONE', #1219 ) ;
#4334 = ORIENTED_EDGE ( 'NONE', *, *, #1199, .F. ) ;
#4335 = VERTEX_POINT ( 'NONE', #2724 ) ;
#4336 = ADVANCED_FACE ( 'NONE', ( #4288 ), #846, .F. ) ;
#4337 = LINE ( 'NONE', #2398, #50 ) ;
#4338 = CARTESIAN_POINT ( 'NONE',  ( 1.055123894006722240, 0.9099999999999998090, 1.268135124071323228 ) ) ;
#4339 = FACE_OUTER_BOUND ( 'NONE', #1163, .T. ) ;
#4340 = CARTESIAN_POINT ( 'NONE',  ( 0.7250000000000000888, 1.199999999999999956, 1.349999999999999645 ) ) ;
#4341 = CIRCLE ( 'NONE', #4010, 0.2500000000000002220 ) ;
#4342 = ORIENTED_EDGE ( 'NONE', *, *, #332, .F. ) ;
#4343 = VECTOR ( 'NONE', #4330, 1000.000000000000000 ) ;
#4344 = B_SPLINE_CURVE_WITH_KNOTS ( 'NONE', 3,
 ( #1655, #2099, #1284, #4022, #2796, #910 ),
 .UNSPECIFIED., .F., .F.,
 ( 4, 2, 4 ),
 ( 0.000000000000000000, 0.4999999999999999445, 1.000000000000000000 ),
 .UNSPECIFIED. ) ;
#4345 = LINE ( 'NONE', #1597, #3648 ) ;
#4346 = LINE ( 'NONE', #1622, #1872 ) ;
#4347 = ORIENTED_EDGE ( 'NONE', *, *, #1143, .T. ) ;
#4348 = FACE_OUTER_BOUND ( 'NONE', #2255, .T. ) ;
#4349 =( NAMED_UNIT ( * ) PLANE_ANGLE_UNIT ( ) SI_UNIT ( $, .RADIAN. ) );
#4350 = DIRECTION ( 'NONE',  ( 0.000000000000000000, 1.000000000000000000, 0.000000000000000000 ) ) ;
#4351 = VERTEX_POINT ( 'NONE', #1716 ) ;
#4352 = ORIENTED_EDGE ( 'NONE', *, *, #829, .T. ) ;
#4353 = VERTEX_POINT ( 'NONE', #2159 ) ;
#4354 = DIRECTION ( 'NONE',  ( -1.000000000000000000, 0.000000000000000000, 0.000000000000000000 ) ) ;
#4355 = DIRECTION ( 'NONE',  ( -1.000000000000000000, 0.000000000000000000, -1.355252715606880543E-16 ) ) ;
#4356 = EDGE_CURVE ( 'NONE', #2708, #4105, #1841, .T. ) ;
#4357 = DIRECTION ( 'NONE',  ( -1.355252715606880543E-16, 0.000000000000000000, 1.000000000000000000 ) ) ;
#4358 = CARTESIAN_POINT ( 'NONE',  ( 0.7249999999999999778, 1.010000000000000009, -1.445000000000000062 ) ) ;
#4359 = EDGE_LOOP ( 'NONE', ( #1382, #1331, #2559, #999, #4275, #4054, #3109, #2257 ) ) ;
#4360 = ORIENTED_EDGE ( 'NONE', *, *, #1811, .F. ) ;
#4361 = EDGE_CURVE ( 'NONE', #4699, #2693, #3295, .T. ) ;
#4362 = CYLINDRICAL_SURFACE ( 'NONE', #1424, 0.2500000000000002220 ) ;
#4363 = CARTESIAN_POINT ( 'NONE',  ( -1.049999999999999600, 0.9000000000000000222, -1.600000000000000533 ) ) ;
#4364 = CARTESIAN_POINT ( 'NONE',  ( -0.7249999999999998668, 0.9100000000000000311, -1.074999999999999734 ) ) ;
#4365 = CARTESIAN_POINT ( 'NONE',  ( 1.005051025721681812, 0.000000000000000000, 1.549999999999997602 ) ) ;
#4366 = VECTOR ( 'NONE', #2545, 1000.000000000000000 ) ;
#4367 = DIRECTION ( 'NONE',  ( 0.000000000000000000, -1.000000000000000000, 0.000000000000000000 ) ) ;
#4368 = CARTESIAN_POINT ( 'NONE',  ( 0.9999999999999988898, 0.4000000000000000222, 1.599999999999997202 ) ) ;
#4369 = VECTOR ( 'NONE', #1905, 1000.000000000000000 ) ;
#4370 =( GEOMETRIC_REPRESENTATION_CONTEXT ( 3 ) GLOBAL_UNCERTAINTY_ASSIGNED_CONTEXT ( ( #1194 ) ) GLOBAL_UNIT_ASSIGNED_CONTEXT ( ( #4954, #20, #1553 ) ) REPRESENTATION_CONTEXT ( 'NONE', 'WORKASPACE' ) );
#4371 = EDGE_LOOP ( 'NONE', ( #1196, #4942, #4388, #127 ) ) ;
#4372 = CARTESIAN_POINT ( 'NONE',  ( 1.249999999999999778, 0.9000000000000000222, -0.1499999999999998279 ) ) ;
#4373 = AXIS2_PLACEMENT_3D ( 'NONE', #623, #1406, #4065 ) ;
#4374 = VECTOR ( 'NONE', #537, 1000.000000000000000 ) ;
#4375 = DIRECTION ( 'NONE',  ( -1.000000000000000000, 0.000000000000000000, 0.000000000000000000 ) ) ;
#4376 = AXIS2_PLACEMENT_3D ( 'NONE', #3891, #444, #1966 ) ;
#4377 = VERTEX_POINT ( 'NONE', #2861 ) ;
#4378 = VECTOR ( 'NONE', #3369, 1000.000000000000000 ) ;
#4379 = VERTEX_POINT ( 'NONE', #190 ) ;
#4380 = ORIENTED_EDGE ( 'NONE', *, *, #573, .F. ) ;
#4381 = DIRECTION ( 'NONE',  ( -1.000000000000000000, 0.000000000000000000, 1.040834085586083310E-14 ) ) ;
#4382 = CARTESIAN_POINT ( 'NONE',  ( 1.055123894006709362, 0.9099999999999999201, -1.268135124071323006 ) ) ;
#4383 = CARTESIAN_POINT ( 'NONE',  ( -1.094999999999999751, 1.009999999999999787, 1.171865773485684548 ) ) ;
#4384 = AXIS2_PLACEMENT_3D ( 'NONE', #3006, #3026, #4514 ) ;
#4385 = DIRECTION ( 'NONE',  ( 0.000000000000000000, 1.000000000000000000, 0.000000000000000000 ) ) ;
#4386 = VERTEX_POINT ( 'NONE', #949 ) ;
#4387 = EDGE_CURVE ( 'NONE', #1813, #4351, #1769, .T. ) ;
#4388 = ORIENTED_EDGE ( 'NONE', *, *, #2093, .F. ) ;
#4389 = DIRECTION ( 'NONE',  ( 0.000000000000000000, 1.000000000000000000, 0.000000000000000000 ) ) ;
#4390 = LINE ( 'NONE', #160, #2830 ) ;
#4391 = DIRECTION ( 'NONE',  ( 0.000000000000000000, -1.000000000000000000, 0.000000000000000000 ) ) ;
#4392 = CARTESIAN_POINT ( 'NONE',  ( 0.4499999999999999001, 1.641974234837420665, 1.549999999999997824 ) ) ;
#4393 = VERTEX_POINT ( 'NONE', #663 ) ;
#4394 = LINE ( 'NONE', #4106, #1550 ) ;
#4395 = CARTESIAN_POINT ( 'NONE',  ( -1.249999999999999778, 0.4000000000000000222, 1.349999999999999423 ) ) ;
#4396 = CARTESIAN_POINT ( 'NONE',  ( -1.200000000000000400, 0.4000000000000000222, 1.355051025721681457 ) ) ;
#4397 = EDGE_CURVE ( 'NONE', #4800, #2590, #588, .T. ) ;
#4398 = ADVANCED_FACE ( 'NONE', ( #3245 ), #1746, .F. ) ;
#4399 = EDGE_LOOP ( 'NONE', ( #3229, #2524, #1151, #2384 ) ) ;
#4400 = AXIS2_PLACEMENT_3D ( 'NONE', #994, #1394, #4486 ) ;
#4401 = EDGE_CURVE ( 'NONE', #3203, #4072, #3734, .T. ) ;
#4402 = DIRECTION ( 'NONE',  ( -1.000000000000000000, 0.000000000000000000, 0.000000000000000000 ) ) ;
#4403 = EDGE_CURVE ( 'NONE', #2669, #2389, #244, .T. ) ;
#4404 = PLANE ( 'NONE',  #1799 ) ;
#4405 = DIRECTION ( 'NONE',  ( -2.551422967320885986E-16, 0.000000000000000000, -1.000000000000000000 ) ) ;
#4406 = ORIENTED_EDGE ( 'NONE', *, *, #3709, .T. ) ;
#4407 = ORIENTED_EDGE ( 'NONE', *, *, #620, .T. ) ;
#4408 = DIRECTION ( 'NONE',  ( -1.000000000000000000, 0.000000000000000000, 1.401985567869187533E-17 ) ) ;
#4409 = PRESENTATION_STYLE_ASSIGNMENT (( #4855 ) ) ;
#4410 = CARTESIAN_POINT ( 'NONE',  ( -1.249999999999999334, 1.641974234837420665, -1.399999999999999689 ) ) ;
#4411 = CARTESIAN_POINT ( 'NONE',  ( 0.2416666666666663632, 1.010000000000000009, 1.444999999999999840 ) ) ;
#4412 = UNCERTAINTY_MEASURE_WITH_UNIT (LENGTH_MEASURE( 1.000000000000000082E-05 ), #3075, 'distance_accuracy_value', 'NONE');
#4413 = ORIENTED_EDGE ( 'NONE', *, *, #4639, .T. ) ;
#4414 = ORIENTED_EDGE ( 'NONE', *, *, #1867, .T. ) ;
#4415 = DIRECTION ( 'NONE',  ( -0.000000000000000000, -1.000000000000000000, 0.000000000000000000 ) ) ;
#4416 = DIRECTION ( 'NONE',  ( -1.000000000000000000, 0.000000000000000000, 0.000000000000000000 ) ) ;
#4417 = DIRECTION ( 'NONE',  ( 1.000000000000000000, 0.000000000000000000, -6.057979638762792628E-14 ) ) ;
#4418 = EDGE_CURVE ( 'NONE', #1618, #3358, #4817, .T. ) ;
#4419 = CARTESIAN_POINT ( 'NONE',  ( 1.250000000000000000, 0.9000000000000000222, 1.600000000000000089 ) ) ;
#4420 = ORIENTED_EDGE ( 'NONE', *, *, #4495, .T. ) ;
#4421 = DIRECTION ( 'NONE',  ( 0.000000000000000000, 1.000000000000000000, 0.000000000000000000 ) ) ;
#4422 = DIRECTION ( 'NONE',  ( 1.000000000000000000, 0.000000000000000000, 3.466925551552483833E-17 ) ) ;
#4423 = ADVANCED_FACE ( 'NONE', ( #3684 ), #4866, .T. ) ;
#4424 = DIRECTION ( 'NONE',  ( 5.217722955086476205E-14, 0.000000000000000000, -1.000000000000000000 ) ) ;
#4425 = ORIENTED_EDGE ( 'NONE', *, *, #2434, .F. ) ;
#4426 = VERTEX_POINT ( 'NONE', #262 ) ;
#4427 = AXIS2_PLACEMENT_3D ( 'NONE', #4445, #2080, #1005 ) ;
#4428 = EDGE_CURVE ( 'NONE', #2590, #1482, #1032, .T. ) ;
#4429 = EDGE_CURVE ( 'NONE', #2935, #2699, #4003, .T. ) ;
#4430 = CARTESIAN_POINT ( 'NONE',  ( 1.159999999999999920, 0.9100000000000000311, 1.074999999999999956 ) ) ;
#4431 = CARTESIAN_POINT ( 'NONE',  ( -0.4500000000000002887, 0.000000000000000000, 1.549999999999997824 ) ) ;
#4432 = DIRECTION ( 'NONE',  ( 1.000000000000000000, 0.000000000000000000, 0.000000000000000000 ) ) ;
#4433 = ORIENTED_EDGE ( 'NONE', *, *, #1619, .T. ) ;
#4434 = EDGE_CURVE ( 'NONE', #2519, #858, #2877, .T. ) ;
#4435 = ORIENTED_EDGE ( 'NONE', *, *, #396, .T. ) ;
#4436 = CARTESIAN_POINT ( 'NONE',  ( 1.199999999999999512, 1.641974234837420665, 1.355051025721682123 ) ) ;
#4437 = DIRECTION ( 'NONE',  ( 0.000000000000000000, -1.000000000000000000, 0.000000000000000000 ) ) ;
#4438 = CARTESIAN_POINT ( 'NONE',  ( 0.7250000000000000888, 0.9000000000000000222, -1.425000000000000044 ) ) ;
#4439 = DIRECTION ( 'NONE',  ( -0.000000000000000000, -1.000000000000000000, -0.000000000000000000 ) ) ;
#4440 = ORIENTED_EDGE ( 'NONE', *, *, #1465, .T. ) ;
#4441 = ORIENTED_EDGE ( 'NONE', *, *, #1967, .F. ) ;
#4442 = CARTESIAN_POINT ( 'NONE',  ( 0.7249999999999999778, 0.9000000000000000222, -1.425000000000000044 ) ) ;
#4443 = CARTESIAN_POINT ( 'NONE',  ( -1.249999999999999778, 1.641974234837420665, 1.399999999999999245 ) ) ;
#4444 = CARTESIAN_POINT ( 'NONE',  ( -1.005051025721682256, 0.3999999999999999667, 1.549999999999997380 ) ) ;
#4445 = CARTESIAN_POINT ( 'NONE',  ( -0.7249999999999996447, 1.125000000000000000, -1.350000000000000089 ) ) ;
#4446 = EDGE_LOOP ( 'NONE', ( #174, #4850, #3331, #4103 ) ) ;
#4447 = AXIS2_PLACEMENT_3D ( 'NONE', #632, #3334, #607 ) ;
#4448 = CARTESIAN_POINT ( 'NONE',  ( -1.249999999999999778, 0.000000000000000000, 1.599999999999999645 ) ) ;
#4449 = AXIS2_PLACEMENT_3D ( 'NONE', #1097, #3773, #708 ) ;
#4450 = ORIENTED_EDGE ( 'NONE', *, *, #1900, .T. ) ;
#4451 = ADVANCED_FACE ( 'NONE', ( #1429 ), #3270, .T. ) ;
#4452 = CARTESIAN_POINT ( 'NONE',  ( 1.049999999999999822, 1.200000000000000178, -1.600000000000000089 ) ) ;
#4453 = DIRECTION ( 'NONE',  ( -1.000000000000000000, 0.000000000000000000, 1.401985567869189998E-17 ) ) ;
#4454 = DIRECTION ( 'NONE',  ( 1.000000000000000000, 0.000000000000000000, 1.355252715606880543E-16 ) ) ;
#4455 =( BOUNDED_CURVE ( )  B_SPLINE_CURVE ( 2, ( #4599, #4927, #782 ),
 .UNSPECIFIED., .F., .F. ) 
 B_SPLINE_CURVE_WITH_KNOTS ( ( 3, 3 ),
 ( 0.000000000000000000, 1.000000000000000000 ),
 .UNSPECIFIED. ) 
 CURVE ( )  GEOMETRIC_REPRESENTATION_ITEM ( )  RATIONAL_B_SPLINE_CURVE ( ( 1.000000000000000000, 0.7071067811865475727, 1.000000000000000000 ) ) 
 REPRESENTATION_ITEM ( '' )  );
#4456 = ORIENTED_EDGE ( 'NONE', *, *, #2806, .F. ) ;
#4457 = ORIENTED_EDGE ( 'NONE', *, *, #3502, .F. ) ;
#4458 = PRESENTATION_LAYER_ASSIGNMENT (  '', '', ( #2505 ) ) ;
#4459 = VECTOR ( 'NONE', #570, 1000.000000000000000 ) ;
#4460 = CARTESIAN_POINT ( 'NONE',  ( -0.7249999999999999778, 0.9000000000000000222, 1.074999999999999734 ) ) ;
#4461 = SURFACE_SIDE_STYLE ('',( #4835 ) ) ;
#4462 = DIRECTION ( 'NONE',  ( 1.000000000000000000, -0.000000000000000000, 1.355252715606880543E-16 ) ) ;
#4463 = CARTESIAN_POINT ( 'NONE',  ( 0.9520642674892693114, 0.9100000000000000311, -1.463118632143039610 ) ) ;
#4464 = COLOUR_RGB ( '',0.9686274509803921573, 0.8784313725490195957, 0.5999999999999999778 ) ;
#4465 = ORIENTED_EDGE ( 'NONE', *, *, #2803, .F. ) ;
#4466 = ORIENTED_EDGE ( 'NONE', *, *, #1339, .T. ) ;
#4467 = CIRCLE ( 'NONE', #1801, 0.2500000000000002220 ) ;
#4468 = CARTESIAN_POINT ( 'NONE',  ( 0.9999999999999993339, 0.4000000000000000222, -1.599999999999996758 ) ) ;
#4469 = LINE ( 'NONE', #2527, #4220 ) ;
#4470 = DIRECTION ( 'NONE',  ( 1.000000000000000000, 0.000000000000000000, 5.217722955086476205E-14 ) ) ;
#4471 = EDGE_CURVE ( 'NONE', #4672, #1604, #2785, .T. ) ;
#4472 = CARTESIAN_POINT ( 'NONE',  ( -1.000000000000000222, 1.199999999999999956, 1.074999999999999512 ) ) ;
#4473 = DIRECTION ( 'NONE',  ( 0.000000000000000000, -1.000000000000000000, 0.000000000000000000 ) ) ;
#4474 = SURFACE_STYLE_FILL_AREA ( #4846 ) ;
#4475 = VECTOR ( 'NONE', #4355, 1000.000000000000000 ) ;
#4476 = ORIENTED_EDGE ( 'NONE', *, *, #1734, .T. ) ;
#4477 = LINE ( 'NONE', #2146, #1088 ) ;
#4478 = CARTESIAN_POINT ( 'NONE',  ( 0.4499999999999997891, 0.4000000000000000222, 0.6500000000000020206 ) ) ;
#4479 = DIRECTION ( 'NONE',  ( 1.000000000000000000, 0.000000000000000000, 0.000000000000000000 ) ) ;
#4480 = EDGE_CURVE ( 'NONE', #2811, #412, #4086, .T. ) ;
#4481 = PRODUCT_DEFINITION ( 'UNKNOWN', '', #2552, #996 ) ;
#4482 = EDGE_LOOP ( 'NONE', ( #1186, #730, #2701, #3534 ) ) ;
#4483 = AXIS2_PLACEMENT_3D ( 'NONE', #1688, #1270, #1663 ) ;
#4484 =( NAMED_UNIT ( * ) PLANE_ANGLE_UNIT ( ) SI_UNIT ( $, .RADIAN. ) );
#4485 = CARTESIAN_POINT ( 'NONE',  ( 1.049999999999999156, 0.3999999999999999667, 1.600000000000000089 ) ) ;
#4486 = DIRECTION ( 'NONE',  ( 1.000000000000000000, 0.000000000000000000, 0.000000000000000000 ) ) ;
#4487 = DIRECTION ( 'NONE',  ( 0.000000000000000000, -1.000000000000000000, 0.000000000000000000 ) ) ;
#4488 = ORIENTED_EDGE ( 'NONE', *, *, #3654, .T. ) ;
#4489 = ORIENTED_EDGE ( 'NONE', *, *, #4540, .F. ) ;
#4490 = CARTESIAN_POINT ( 'NONE',  ( -0.7250000000000000888, 1.050000000000000044, 1.424999999999999822 ) ) ;
#4491 = DIRECTION ( 'NONE',  ( 0.000000000000000000, 1.000000000000000000, 0.000000000000000000 ) ) ;
#4492 = CARTESIAN_POINT ( 'NONE',  ( -1.249999999999999778, 0.000000000000000000, 1.599999999999999645 ) ) ;
#4493 = LINE ( 'NONE', #1054, #1915 ) ;
#4494 = EDGE_LOOP ( 'NONE', ( #4831, #4302, #1497, #3210 ) ) ;
#4495 = EDGE_CURVE ( 'NONE', #4953, #2, #3360, .T. ) ;
#4496 = EDGE_CURVE ( 'NONE', #2226, #2125, #4493, .T. ) ;
#4497 = EDGE_CURVE ( 'NONE', #2669, #752, #3825, .T. ) ;
#4498 = PLANE ( 'NONE',  #1484 ) ;
#4499 =( LENGTH_UNIT ( ) NAMED_UNIT ( * ) SI_UNIT ( .MILLI., .METRE. ) );
#4500 = FACE_OUTER_BOUND ( 'NONE', #4482, .T. ) ;
#4501 = CARTESIAN_POINT ( 'NONE',  ( 0.7249999999999999778, 1.050000000000000044, -1.445000000000000062 ) ) ;
#4502 = DIRECTION ( 'NONE',  ( -0.000000000000000000, -1.000000000000000000, 0.000000000000000000 ) ) ;
#4503 = AXIS2_PLACEMENT_3D ( 'NONE', #414, #482, #1978 ) ;
#4504 = ORIENTED_EDGE ( 'NONE', *, *, #2737, .F. ) ;
#4505 = AXIS2_PLACEMENT_3D ( 'NONE', #1116, #3724, #1441 ) ;
#4506 = LINE ( 'NONE', #235, #3945 ) ;
#4507 = CARTESIAN_POINT ( 'NONE',  ( -1.160000000000000142, 0.2850000000000005307, 0.1499999999999998279 ) ) ;
#4508 = CARTESIAN_POINT ( 'NONE',  ( -0.7249999999999999778, 0.9100000000000001421, -1.445000000000000062 ) ) ;
#4509 = EDGE_LOOP ( 'NONE', ( #3958, #1700, #4239, #3887 ) ) ;
#4510 = ORIENTED_EDGE ( 'NONE', *, *, #3985, .F. ) ;
#4511 = EDGE_CURVE ( 'NONE', #604, #3181, #2620, .T. ) ;
#4512 = FACE_OUTER_BOUND ( 'NONE', #792, .T. ) ;
#4513 = CARTESIAN_POINT ( 'NONE',  ( -0.7999999999999998224, 1.641974234837420665, -0.6500000000000020206 ) ) ;
#4514 = DIRECTION ( 'NONE',  ( -1.000000000000000000, 0.000000000000000000, 0.000000000000000000 ) ) ;
#4515 = FACE_OUTER_BOUND ( 'NONE', #4316, .T. ) ;
#4516 = CARTESIAN_POINT ( 'NONE',  ( 0.9999999999999993339, 0.4000000000000000222, -1.599999999999996758 ) ) ;
#4517 =( GEOMETRIC_REPRESENTATION_CONTEXT ( 3 ) GLOBAL_UNCERTAINTY_ASSIGNED_CONTEXT ( ( #132 ) ) GLOBAL_UNIT_ASSIGNED_CONTEXT ( ( #277, #4484, #1829 ) ) REPRESENTATION_CONTEXT ( 'NONE', 'WORKASPACE' ) );
#4518 = DIRECTION ( 'NONE',  ( 1.000000000000000000, 0.000000000000000000, 9.168604081462411628E-16 ) ) ;
#4519 = DIRECTION ( 'NONE',  ( 1.000000000000000000, 0.000000000000000000, 0.000000000000000000 ) ) ;
#4520 = PLANE ( 'NONE',  #2268 ) ;
#4521 = CARTESIAN_POINT ( 'NONE',  ( 1.199999999999999956, 0.000000000000000000, -1.355051025721681679 ) ) ;
#4522 = CYLINDRICAL_SURFACE ( 'NONE', #919, 0.3500000000000001443 ) ;
#4523 = VERTEX_POINT ( 'NONE', #4516 ) ;
#4524 = TOROIDAL_SURFACE ( 'NONE', #911, 0.2750000000000001887, 0.07499999999999999722 ) ;
#4525 = DIRECTION ( 'NONE',  ( -1.000000000000000000, 0.000000000000000000, 0.000000000000000000 ) ) ;
#4526 = CARTESIAN_POINT ( 'NONE',  ( 0.2416666666666671126, 0.9100000000000000311, -1.510000000000000009 ) ) ;
#4527 = DIRECTION ( 'NONE',  ( -0.000000000000000000, -1.000000000000000000, 0.000000000000000000 ) ) ;
#4528 = DIRECTION ( 'NONE',  ( -1.000000000000000000, 0.000000000000000000, -1.355252715606880543E-16 ) ) ;
#4529 = ORIENTED_EDGE ( 'NONE', *, *, #833, .F. ) ;
#4530 = AXIS2_PLACEMENT_3D ( 'NONE', #171, #903, #2697 ) ;
#4531 = CIRCLE ( 'NONE', #2734, 0.08999999999999958034 ) ;
#4532 = ORIENTED_EDGE ( 'NONE', *, *, #4307, .F. ) ;
#4533 = DIRECTION ( 'NONE',  ( 0.000000000000000000, 0.000000000000000000, -1.000000000000000000 ) ) ;
#4534 = FACE_OUTER_BOUND ( 'NONE', #815, .T. ) ;
#4535 = DIRECTION ( 'NONE',  ( 0.000000000000000000, 1.000000000000000000, 0.000000000000000000 ) ) ;
#4536 = CARTESIAN_POINT ( 'NONE',  ( 0.7250000000000000888, 1.010000000000000009, 1.444999999999999840 ) ) ;
#4537 = AXIS2_PLACEMENT_3D ( 'NONE', #2986, #3421, #773 ) ;
#4538 = VECTOR ( 'NONE', #3472, 1000.000000000000000 ) ;
#4539 = CARTESIAN_POINT ( 'NONE',  ( -0.7250000000000001998, 1.050000000000000044, 1.444999999999999840 ) ) ;
#4540 = EDGE_CURVE ( 'NONE', #1558, #3602, #2955, .T. ) ;
#4541 = ORIENTED_EDGE ( 'NONE', *, *, #956, .F. ) ;
#4542 = CARTESIAN_POINT ( 'NONE',  ( 0.7249999999999998668, 1.050000000000000044, -1.074999999999999956 ) ) ;
#4543 = FACE_OUTER_BOUND ( 'NONE', #81, .T. ) ;
#4544 = VECTOR ( 'NONE', #3267, 1000.000000000000000 ) ;
#4545 = CARTESIAN_POINT ( 'NONE',  ( 0.7250000000000000888, 1.050000000000000044, 1.074999999999999734 ) ) ;
#4546 = PLANE ( 'NONE',  #3337 ) ;
#4547 =( NAMED_UNIT ( * ) SI_UNIT ( $, .STERADIAN. ) SOLID_ANGLE_UNIT ( ) );
#4548 = EDGE_CURVE ( 'NONE', #3358, #3023, #2236, .T. ) ;
#4549 = EDGE_CURVE ( 'NONE', #2046, #4097, #1452, .T. ) ;
#4550 = VECTOR ( 'NONE', #3946, 1000.000000000000000 ) ;
#4551 = ORIENTED_EDGE ( 'NONE', *, *, #770, .T. ) ;
#4552 = SURFACE_STYLE_USAGE ( .BOTH. , #2271 ) ;
#4553 = DIRECTION ( 'NONE',  ( -1.000000000000000000, 0.000000000000000000, 0.000000000000000000 ) ) ;
#4554 = CARTESIAN_POINT ( 'NONE',  ( 0.4500000000000002887, 0.000000000000000000, -1.549999999999997824 ) ) ;
#4555 = AXIS2_PLACEMENT_3D ( 'NONE', #2138, #1449, #3388 ) ;
#4556 = ORIENTED_EDGE ( 'NONE', *, *, #542, .F. ) ;
#4557 = ORIENTED_EDGE ( 'NONE', *, *, #829, .F. ) ;
#4558 = DIRECTION ( 'NONE',  ( -1.000000000000000000, 0.000000000000000000, 0.000000000000000000 ) ) ;
#4559 = VECTOR ( 'NONE', #3007, 1000.000000000000000 ) ;
#4560 = DIRECTION ( 'NONE',  ( 0.000000000000000000, -1.000000000000000000, 0.000000000000000000 ) ) ;
#4561 = LINE ( 'NONE', #3387, #2834 ) ;
#4562 = PLANE ( 'NONE',  #2212 ) ;
#4563 = DIRECTION ( 'NONE',  ( 1.000000000000000000, 0.000000000000000000, 0.000000000000000000 ) ) ;
#4564 = ORIENTED_EDGE ( 'NONE', *, *, #4736, .T. ) ;
#4565 = VERTEX_POINT ( 'NONE', #3366 ) ;
#4566 = DIRECTION ( 'NONE',  ( -0.000000000000000000, -1.000000000000000000, 0.000000000000000000 ) ) ;
#4567 = ORIENTED_EDGE ( 'NONE', *, *, #3720, .T. ) ;
#4568 = EDGE_CURVE ( 'NONE', #1364, #1187, #1351, .T. ) ;
#4569 = CARTESIAN_POINT ( 'NONE',  ( -0.9999999999999993339, 0.4000000000000000222, 1.599999999999999645 ) ) ;
#4570 = CARTESIAN_POINT ( 'NONE',  ( -0.4499999999999999001, 0.4000000000000000222, -1.549999999999997824 ) ) ;
#4571 = CARTESIAN_POINT ( 'NONE',  ( -1.249999999999999334, 0.4000000000000000222, -1.600000000000000089 ) ) ;
#4572 = VERTEX_POINT ( 'NONE', #1542 ) ;
#4573 = EDGE_CURVE ( 'NONE', #819, #71, #3757, .T. ) ;
#4574 = CARTESIAN_POINT ( 'NONE',  ( -0.9999999999999988898, 0.000000000000000000, -1.599999999999997424 ) ) ;
#4575 = STYLED_ITEM ( 'NONE', ( #3949 ), #4244 ) ;
#4576 = CARTESIAN_POINT ( 'NONE',  ( -1.249999999999999778, 0.9000000000000000222, 1.599999999999999645 ) ) ;
#4577 = EDGE_CURVE ( 'NONE', #432, #3203, #2467, .T. ) ;
#4578 = ORIENTED_EDGE ( 'NONE', *, *, #1105, .F. ) ;
#4579 = ORIENTED_EDGE ( 'NONE', *, *, #826, .F. ) ;
#4580 =( BOUNDED_CURVE ( )  B_SPLINE_CURVE ( 2, ( #1252, #2032, #2844 ),
 .UNSPECIFIED., .F., .F. ) 
 B_SPLINE_CURVE_WITH_KNOTS ( ( 3, 3 ),
 ( 0.000000000000000000, 1.000000000000000000 ),
 .UNSPECIFIED. ) 
 CURVE ( )  GEOMETRIC_REPRESENTATION_ITEM ( )  RATIONAL_B_SPLINE_CURVE ( ( 1.000000000000000000, 0.7071067811865475727, 1.000000000000000000 ) ) 
 REPRESENTATION_ITEM ( '' )  );
#4581 = VECTOR ( 'NONE', #2221, 1000.000000000000000 ) ;
#4582 = DIRECTION ( 'NONE',  ( 1.000000000000000000, 0.000000000000000000, 0.000000000000000000 ) ) ;
#4583 = DIRECTION ( 'NONE',  ( 0.000000000000000000, -1.000000000000000000, 0.000000000000000000 ) ) ;
#4584 = CARTESIAN_POINT ( 'NONE',  ( 0.7250000000000000888, 1.125000000000000000, -1.350000000000000311 ) ) ;
#4585 = CARTESIAN_POINT ( 'NONE',  ( -1.159999999999999698, 0.9100000000000000311, 0.3583333333333328374 ) ) ;
#4586 = DIRECTION ( 'NONE',  ( -1.000000000000000000, 0.000000000000000000, 0.000000000000000000 ) ) ;
#4587 = ORIENTED_EDGE ( 'NONE', *, *, #4387, .F. ) ;
#4588 = VERTEX_POINT ( 'NONE', #33 ) ;
#4589 = CARTESIAN_POINT ( 'NONE',  ( 1.074999999999999956, 0.9000000000000000222, 1.074999999999999956 ) ) ;
#4590 =( NAMED_UNIT ( * ) PLANE_ANGLE_UNIT ( ) SI_UNIT ( $, .RADIAN. ) );
#4591 = DIRECTION ( 'NONE',  ( 0.000000000000000000, 1.000000000000000000, 0.000000000000000000 ) ) ;
#4592 = CARTESIAN_POINT ( 'NONE',  ( -1.249999999999999334, 0.3999999999999999667, -1.600000000000000089 ) ) ;
#4593 = CARTESIAN_POINT ( 'NONE',  ( -1.249999999999999778, 0.3999999999999999667, 1.349999999999999423 ) ) ;
#4594 = EDGE_CURVE ( 'NONE', #2269, #3340, #3115, .T. ) ;
#4595 = ADVANCED_FACE ( 'NONE', ( #1838 ), #712, .F. ) ;
#4596 = ORIENTED_EDGE ( 'NONE', *, *, #2759, .T. ) ;
#4597 = CARTESIAN_POINT ( 'NONE',  ( 1.005051025721681812, 0.3999999999999999667, 1.549999999999997602 ) ) ;
#4598 = PLANE ( 'NONE',  #747 ) ;
#4599 = CARTESIAN_POINT ( 'NONE',  ( 1.159999999999999920, 0.9100000000000000311, -1.074999999999999734 ) ) ;
#4600 = ORIENTED_EDGE ( 'NONE', *, *, #922, .F. ) ;
#4601 = ORIENTED_EDGE ( 'NONE', *, *, #2073, .F. ) ;
#4602 = DIRECTION ( 'NONE',  ( -1.355252715606880543E-16, 0.000000000000000000, 1.000000000000000000 ) ) ;
#4603 = CARTESIAN_POINT ( 'NONE',  ( 1.160000000000000142, 0.9100000000000000311, 0.3583333333333338366 ) ) ;
#4604 = CYLINDRICAL_SURFACE ( 'NONE', #1568, 0.2500000000000002220 ) ;
#4605 = CARTESIAN_POINT ( 'NONE',  ( -0.8221377990442245709, 1.010000000000000009, -1.445000000000000062 ) ) ;
#4606 = FILL_AREA_STYLE_COLOUR ( '', #79 ) ;
#4607 = ORIENTED_EDGE ( 'NONE', *, *, #3507, .F. ) ;
#4608 = VECTOR ( 'NONE', #2010, 1000.000000000000000 ) ;
#4609 = AXIS2_PLACEMENT_3D ( 'NONE', #3224, #1327, #2579 ) ;
#4610 = CARTESIAN_POINT ( 'NONE',  ( 0.4499999999999997891, 1.641974234837420665, 0.6500000000000020206 ) ) ;
#4611 = ORIENTED_EDGE ( 'NONE', *, *, #2336, .T. ) ;
#4612 = EDGE_CURVE ( 'NONE', #2776, #4141, #1987, .T. ) ;
#4613 = ADVANCED_FACE ( 'NONE', ( #1859 ), #3389, .T. ) ;
#4614 = CIRCLE ( 'NONE', #3154, 0.3500000000000001443 ) ;
#4615 = VECTOR ( 'NONE', #1153, 1000.000000000000000 ) ;
#4616 = DIRECTION ( 'NONE',  ( -0.000000000000000000, -1.000000000000000000, 0.000000000000000000 ) ) ;
#4617 = FILL_AREA_STYLE ('',( #1106 ) ) ;
#4618 = VECTOR ( 'NONE', #961, 1000.000000000000000 ) ;
#4619 = VECTOR ( 'NONE', #4185, 1000.000000000000000 ) ;
#4620 = CARTESIAN_POINT ( 'NONE',  ( -1.049999999999999600, 1.641974234837420665, 1.599999999999999645 ) ) ;
#4621 = VECTOR ( 'NONE', #2261, 1000.000000000000000 ) ;
#4622 = DIRECTION ( 'NONE',  ( 0.000000000000000000, -1.000000000000000000, 0.000000000000000000 ) ) ;
#4623 = ORIENTED_EDGE ( 'NONE', *, *, #3952, .F. ) ;
#4624 = EDGE_CURVE ( 'NONE', #2805, #2347, #3532, .T. ) ;
#4625 = FACE_OUTER_BOUND ( 'NONE', #3283, .T. ) ;
#4626 = VECTOR ( 'NONE', #1909, 1000.000000000000000 ) ;
#4627 = ORIENTED_EDGE ( 'NONE', *, *, #4764, .T. ) ;
#4628 = VERTEX_POINT ( 'NONE', #106 ) ;
#4629 = CYLINDRICAL_SURFACE ( 'NONE', #1475, 0.08999999999999958034 ) ;
#4630 = DIRECTION ( 'NONE',  ( -6.160239616395062606E-17, 0.000000000000000000, -1.000000000000000000 ) ) ;
#4631 = CARTESIAN_POINT ( 'NONE',  ( -0.4500000000000002887, 0.3999999999999999667, 1.549999999999997824 ) ) ;
#4632 = CARTESIAN_POINT ( 'NONE',  ( -0.9181351240713221395, 0.9100000000000001421, -1.405123894006734986 ) ) ;
#4633 = VECTOR ( 'NONE', #2535, 1000.000000000000000 ) ;
#4634 = CARTESIAN_POINT ( 'NONE',  ( 0.7250000000000000888, 0.9100000000000001421, -1.445000000000000062 ) ) ;
#4635 = DIRECTION ( 'NONE',  ( 1.000000000000000000, 0.000000000000000000, 0.000000000000000000 ) ) ;
#4636 = ORIENTED_EDGE ( 'NONE', *, *, #321, .T. ) ;
#4637 = VECTOR ( 'NONE', #1680, 1000.000000000000000 ) ;
#4638 = EDGE_CURVE ( 'NONE', #766, #493, #4933, .T. ) ;
#4639 = EDGE_CURVE ( 'NONE', #2747, #739, #813, .T. ) ;
#4640 = CARTESIAN_POINT ( 'NONE',  ( -1.095000000000000195, 1.010000000000000009, 1.172137799044219442 ) ) ;
#4641 = ORIENTED_EDGE ( 'NONE', *, *, #4717, .T. ) ;
#4642 = EDGE_CURVE ( 'NONE', #158, #3416, #724, .T. ) ;
#4643 = DIRECTION ( 'NONE',  ( -0.000000000000000000, -1.000000000000000000, 0.000000000000000000 ) ) ;
#4644 = CARTESIAN_POINT ( 'NONE',  ( -1.159999999999999698, 0.9100000000000000311, -1.074999999999999956 ) ) ;
#4645 = ORIENTED_EDGE ( 'NONE', *, *, #2222, .F. ) ;
#4646 = EDGE_CURVE ( 'NONE', #4824, #4699, #2045, .T. ) ;
#4647 = DIRECTION ( 'NONE',  ( 0.000000000000000000, -1.000000000000000000, 0.000000000000000000 ) ) ;
#4648 = LINE ( 'NONE', #1579, #4035 ) ;
#4649 = SURFACE_STYLE_FILL_AREA ( #1255 ) ;
#4650 = ORIENTED_EDGE ( 'NONE', *, *, #3344, .T. ) ;
#4651 = VERTEX_POINT ( 'NONE', #2394 ) ;
#4652 = ORIENTED_EDGE ( 'NONE', *, *, #1410, .T. ) ;
#4653 = CARTESIAN_POINT ( 'NONE',  ( 1.160000000000000142, -9.099999999999999645, 0.1500000000000001610 ) ) ;
#4654 = CARTESIAN_POINT ( 'NONE',  ( -1.160000000000000142, 0.9000000000000000222, -0.1500000000000001610 ) ) ;
#4655 = CARTESIAN_POINT ( 'NONE',  ( -1.094999999999999751, 1.010000000000000009, 0.3583333333333333925 ) ) ;
#4656 = DIRECTION ( 'NONE',  ( -0.000000000000000000, -1.000000000000000000, -0.000000000000000000 ) ) ;
#4658 = ORIENTED_EDGE ( 'NONE', *, *, #3279, .F. ) ;
#4657 = AXIS2_PLACEMENT_3D ( 'NONE', #691, #1075, #3056 ) ;
#4659 = ADVANCED_FACE ( 'NONE', ( #2373 ), #131, .F. ) ;
#4660 = ORIENTED_EDGE ( 'NONE', *, *, #1806, .F. ) ;
#4661 = AXIS2_PLACEMENT_3D ( 'NONE', #1809, #2665, #1135 ) ;
#4662 = CARTESIAN_POINT ( 'NONE',  ( 1.113118632143039077, 0.9100000000000000311, 1.302064267489257521 ) ) ;
#4663 = CARTESIAN_POINT ( 'NONE',  ( 1.160000000000000142, 0.2850000000000005307, 0.1500000000000001610 ) ) ;
#4664 = VERTEX_POINT ( 'NONE', #3899 ) ;
#4665 = LINE ( 'NONE', #4292, #2989 ) ;
#4666 = DIRECTION ( 'NONE',  ( 1.000000000000000000, 0.000000000000000000, 9.168604081462411628E-16 ) ) ;
#4667 = ORIENTED_EDGE ( 'NONE', *, *, #3146, .T. ) ;
#4668 = LINE ( 'NONE', #2761, #34 ) ;
#4669 = ADVANCED_FACE ( 'NONE', ( #4283 ), #2772, .T. ) ;
#4671 = CARTESIAN_POINT ( 'NONE',  ( -1.249999999999999778, 0.9000000000000000222, -1.600000000000000533 ) ) ;
#4670 = VECTOR ( 'NONE', #1991, 1000.000000000000000 ) ;
#4672 = VERTEX_POINT ( 'NONE', #2352 ) ;
#4673 = ORIENTED_EDGE ( 'NONE', *, *, #1714, .F. ) ;
#4674 = ORIENTED_EDGE ( 'NONE', *, *, #3131, .F. ) ;
#4675 = STYLED_ITEM ( 'NONE', ( #348 ), #713 ) ;
#4676 = PLANE ( 'NONE',  #267 ) ;
#4677 = CARTESIAN_POINT ( 'NONE',  ( 1.055123894006716023, 1.010000000000000009, -1.268135124071329223 ) ) ;
#4678 = CARTESIAN_POINT ( 'NONE',  ( 1.250000000000000000, 0.2850000000000005307, 0.2399999999999997413 ) ) ;
#4679 = VECTOR ( 'NONE', #3104, 1000.000000000000000 ) ;
#4680 = DIRECTION ( 'NONE',  ( 0.000000000000000000, -1.000000000000000000, 0.000000000000000000 ) ) ;
#4681 = PLANE ( 'NONE',  #2753 ) ;
#4682 = ORIENTED_EDGE ( 'NONE', *, *, #4270, .F. ) ;
#4683 = DIRECTION ( 'NONE',  ( -0.000000000000000000, -1.000000000000000000, 0.000000000000000000 ) ) ;
#4684 = CARTESIAN_POINT ( 'NONE',  ( 0.9181351240713226947, 1.010000000000000009, 1.405123894006722551 ) ) ;
#4685 = CARTESIAN_POINT ( 'NONE',  ( 1.094999999999999973, 1.050000000000000044, 1.074999999999999956 ) ) ;
#4686 = EDGE_CURVE ( 'NONE', #1179, #1637, #499, .T. ) ;
#4687 = DIRECTION ( 'NONE',  ( 0.000000000000000000, 1.000000000000000000, 0.000000000000000000 ) ) ;
#4688 = ORIENTED_EDGE ( 'NONE', *, *, #3780, .F. ) ;
#4689 = COLOUR_RGB ( '',0.9686274509803921573, 0.8784313725490195957, 0.5999999999999999778 ) ;
#4690 = VECTOR ( 'NONE', #4647, 1000.000000000000000 ) ;
#4691 = DIRECTION ( 'NONE',  ( -1.000000000000000000, 0.000000000000000000, -5.261928398534646085E-16 ) ) ;
#4692 = CARTESIAN_POINT ( 'NONE',  ( -0.4499999999999999001, 0.4000000000000000222, -1.549999999999997824 ) ) ;
#4693 = VECTOR ( 'NONE', #2783, 1000.000000000000000 ) ;
#4694 = ORIENTED_EDGE ( 'NONE', *, *, #2981, .F. ) ;
#4695 = CIRCLE ( 'NONE', #3160, 0.2500000000000002220 ) ;
#4696 = DIRECTION ( 'NONE',  ( -1.000000000000000000, 0.000000000000000000, 0.000000000000000000 ) ) ;
#4697 = CARTESIAN_POINT ( 'NONE',  ( 0.7249999999999999778, 0.9100000000000000311, -1.510000000000000009 ) ) ;
#4698 = EDGE_CURVE ( 'NONE', #2046, #2776, #1588, .T. ) ;
#4699 = VERTEX_POINT ( 'NONE', #1285 ) ;
#4700 = ADVANCED_FACE ( 'NONE', ( #1974 ), #3186, .F. ) ;
#4701 = ORIENTED_EDGE ( 'NONE', *, *, #2166, .T. ) ;
#4702 = AXIS2_PLACEMENT_3D ( 'NONE', #3242, #3135, #2750 ) ;
#4703 = CARTESIAN_POINT ( 'NONE',  ( -0.7250000000000000888, 1.050000000000000044, 1.424999999999999822 ) ) ;
#4704 = LINE ( 'NONE', #3207, #3013 ) ;
#4705 = DIRECTION ( 'NONE',  ( -7.506309209004537245E-16, 0.000000000000000000, 1.000000000000000000 ) ) ;
#4706 = ORIENTED_EDGE ( 'NONE', *, *, #817, .F. ) ;
#4707 = ORIENTED_EDGE ( 'NONE', *, *, #755, .T. ) ;
#4708 = LINE ( 'NONE', #4758, #938 ) ;
#4709 = CARTESIAN_POINT ( 'NONE',  ( 1.159999999653172242, 0.9100000000000000311, 1.189202547522555831 ) ) ;
#4710 = DIRECTION ( 'NONE',  ( 0.000000000000000000, 1.000000000000000000, 0.000000000000000000 ) ) ;
#4711 = LINE ( 'NONE', #3493, #400 ) ;
#4712 = ORIENTED_EDGE ( 'NONE', *, *, #2646, .T. ) ;
#4713 = VECTOR ( 'NONE', #3280, 1000.000000000000000 ) ;
#4714 = LINE ( 'NONE', #3883, #1557 ) ;
#4715 = CARTESIAN_POINT ( 'NONE',  ( -0.7249999999999999778, 1.050000000000000044, 1.074999999999999734 ) ) ;
#4716 = ORIENTED_EDGE ( 'NONE', *, *, #4859, .F. ) ;
#4717 = EDGE_CURVE ( 'NONE', #699, #466, #1610, .T. ) ;
#4718 = CARTESIAN_POINT ( 'NONE',  ( -1.094999999999999973, 1.050000000000000044, 1.074999999999999289 ) ) ;
#4719 = CARTESIAN_POINT ( 'NONE',  ( -0.4499999999999999001, 1.641974234837420665, -1.549999999999997824 ) ) ;
#4720 = DIRECTION ( 'NONE',  ( 0.000000000000000000, 1.000000000000000000, 0.000000000000000000 ) ) ;
#4721 = PRODUCT_CONTEXT ( 'NONE', #957, 'mechanical' ) ;
#4722 = EDGE_CURVE ( 'NONE', #4523, #2873, #59, .T. ) ;
#4723 = VERTEX_POINT ( 'NONE', #3086 ) ;
#4724 = ORIENTED_EDGE ( 'NONE', *, *, #3780, .T. ) ;
#4725 = DIRECTION ( 'NONE',  ( 0.000000000000000000, 1.000000000000000000, 0.000000000000000000 ) ) ;
#4726 = DIRECTION ( 'NONE',  ( -0.000000000000000000, -1.000000000000000000, -0.000000000000000000 ) ) ;
#4727 = DIRECTION ( 'NONE',  ( 1.000000000000000000, 0.000000000000000000, 0.000000000000000000 ) ) ;
#4728 = DIRECTION ( 'NONE',  ( 1.000000000000000000, 0.000000000000000000, -2.551422967320885493E-16 ) ) ;
#4729 = ORIENTED_EDGE ( 'NONE', *, *, #4639, .F. ) ;
#4730 = VERTEX_POINT ( 'NONE', #2016 ) ;
#4731 = ORIENTED_EDGE ( 'NONE', *, *, #3769, .T. ) ;
#4732 = DIRECTION ( 'NONE',  ( -1.000000000000000000, 0.000000000000000000, 0.000000000000000000 ) ) ;
#4733 = DIRECTION ( 'NONE',  ( 0.000000000000000000, -1.000000000000000000, 0.000000000000000000 ) ) ;
#4734 = CARTESIAN_POINT ( 'NONE',  ( 1.074999999999999956, 1.050000000000000044, 1.074999999999999956 ) ) ;
#4735 = CARTESIAN_POINT ( 'NONE',  ( -0.7999999999999998224, 0.3999999999999999667, -0.6500000000000020206 ) ) ;
#4736 = EDGE_CURVE ( 'NONE', #1546, #158, #3562, .T. ) ;
#4737 = VECTOR ( 'NONE', #1494, 1000.000000000000000 ) ;
#4738 = VERTEX_POINT ( 'NONE', #3872 ) ;
#4739 = VECTOR ( 'NONE', #4680, 1000.000000000000000 ) ;
#4740 = DIRECTION ( 'NONE',  ( -1.000000000000000000, 0.000000000000000000, 0.000000000000000000 ) ) ;
#4741 = CARTESIAN_POINT ( 'NONE',  ( -1.249999999999999778, 0.9000000000000000222, -1.400000000000000133 ) ) ;
#4742 = ORIENTED_EDGE ( 'NONE', *, *, #1265, .F. ) ;
#4743 = DIRECTION ( 'NONE',  ( -6.057979638762792628E-14, 0.000000000000000000, -1.000000000000000000 ) ) ;
#4744 = PRESENTATION_STYLE_ASSIGNMENT (( #2733 ) ) ;
#4745 = CARTESIAN_POINT ( 'NONE',  ( 0.7249999999999999778, 1.125000000000000222, 1.349999999999999645 ) ) ;
#4746 = EDGE_CURVE ( 'NONE', #2473, #1017, #1193, .T. ) ;
#4747 = ORIENTED_EDGE ( 'NONE', *, *, #927, .T. ) ;
#4748 = VERTEX_POINT ( 'NONE', #1657 ) ;
#4749 = ORIENTED_EDGE ( 'NONE', *, *, #1265, .T. ) ;
#4750 = VECTOR ( 'NONE', #4175, 1000.000000000000000 ) ;
#4751 = CARTESIAN_POINT ( 'NONE',  ( 0.4499999999999999001, 0.000000000000000000, 1.549999999999997824 ) ) ;
#4752 = SURFACE_SIDE_STYLE ('',( #4281 ) ) ;
#4753 = PLANE ( 'NONE',  #62 ) ;
#4754 = CYLINDRICAL_SURFACE ( 'NONE', #248, 0.4349999999999999423 ) ;
#4755 = EDGE_LOOP ( 'NONE', ( #4146, #2011, #964, #4667 ) ) ;
#4756 = ORIENTED_EDGE ( 'NONE', *, *, #89, .T. ) ;
#4757 = VERTEX_POINT ( 'NONE', #912 ) ;
#4758 = CARTESIAN_POINT ( 'NONE',  ( -0.7249999999999996447, 0.9100000000000000311, -1.509999999999999787 ) ) ;
#4759 = EDGE_CURVE ( 'NONE', #1119, #2699, #429, .T. ) ;
#4760 = CARTESIAN_POINT ( 'NONE',  ( -0.4500000000000002887, 0.000000000000000000, 1.549999999999997824 ) ) ;
#4761 = DIRECTION ( 'NONE',  ( -0.000000000000000000, -1.000000000000000000, -0.000000000000000000 ) ) ;
#4762 = VERTEX_POINT ( 'NONE', #2174 ) ;
#4763 = CIRCLE ( 'NONE', #498, 0.2500000000000002220 ) ;
#4764 = EDGE_CURVE ( 'NONE', #3376, #4918, #608, .T. ) ;
#4765 = DIRECTION ( 'NONE',  ( 0.000000000000000000, -1.000000000000000000, 0.000000000000000000 ) ) ;
#4766 = DIRECTION ( 'NONE',  ( -3.466925551552484449E-17, 0.000000000000000000, 1.000000000000000000 ) ) ;
#4767 = PLANE ( 'NONE',  #3070 ) ;
#4768 = AXIS2_PLACEMENT_3D ( 'NONE', #2242, #1503, #1156 ) ;
#4769 = CIRCLE ( 'NONE', #3961, 0.2000000000000003164 ) ;
#4770 = VERTEX_POINT ( 'NONE', #4857 ) ;
#4771 = CARTESIAN_POINT ( 'NONE',  ( -1.249999999999999778, 0.4000000000000000222, 1.599999999999999645 ) ) ;
#4772 = MECHANICAL_DESIGN_GEOMETRIC_PRESENTATION_REPRESENTATION (  '', ( #4938 ), #1013 ) ;
#4773 = CARTESIAN_POINT ( 'NONE',  ( 0.7249999999999999778, 1.050000000000000044, -1.445000000000000062 ) ) ;
#4774 = VECTOR ( 'NONE', #1643, 1000.000000000000000 ) ;
#4775 = LINE ( 'NONE', #2303, #4608 ) ;
#4776 = VERTEX_POINT ( 'NONE', #942 ) ;
#4777 = CIRCLE ( 'NONE', #3398, 0.07499999999999998335 ) ;
#4778 = ORIENTED_EDGE ( 'NONE', *, *, #1866, .T. ) ;
#4779 = ORIENTED_EDGE ( 'NONE', *, *, #1698, .T. ) ;
#4780 = CARTESIAN_POINT ( 'NONE',  ( -1.249999999999999778, -9.099999999999999645, -0.2399999999999999634 ) ) ;
#4781 = FACE_OUTER_BOUND ( 'NONE', #574, .T. ) ;
#4782 = LINE ( 'NONE', #1738, #3286 ) ;
#4783 = ORIENTED_EDGE ( 'NONE', *, *, #3187, .F. ) ;
#4784 = ORIENTED_EDGE ( 'NONE', *, *, #1035, .T. ) ;
#4785 = ADVANCED_FACE ( 'NONE', ( #3236 ), #2657, .T. ) ;
#4786 = ORIENTED_EDGE ( 'NONE', *, *, #3686, .F. ) ;
#4787 = CARTESIAN_POINT ( 'NONE',  ( -0.7249999999999998668, 1.050000000000000044, -1.074999999999999734 ) ) ;
#4788 = DIRECTION ( 'NONE',  ( -0.000000000000000000, -1.000000000000000000, 0.000000000000000000 ) ) ;
#4789 = LINE ( 'NONE', #2860, #1656 ) ;
#4790 = CARTESIAN_POINT ( 'NONE',  ( -0.7249999999999997558, 1.050000000000000044, -1.444999999999999840 ) ) ;
#4791 = VECTOR ( 'NONE', #1001, 1000.000000000000000 ) ;
#4792 = ORIENTED_EDGE ( 'NONE', *, *, #755, .F. ) ;
#4793 = ORIENTED_EDGE ( 'NONE', *, *, #3660, .F. ) ;
#4794 = EDGE_CURVE ( 'NONE', #3079, #766, #3272, .T. ) ;
#4795 = PLANE ( 'NONE',  #2179 ) ;
#4796 = CYLINDRICAL_SURFACE ( 'NONE', #4137, 0.2500000000000002220 ) ;
#4797 = DIRECTION ( 'NONE',  ( -1.000000000000000000, 0.000000000000000000, -5.217722955086476205E-14 ) ) ;
#4798 = ADVANCED_FACE ( 'NONE', ( #237 ), #2072, .T. ) ;
#4799 = EDGE_LOOP ( 'NONE', ( #134, #2274, #4081, #825 ) ) ;
#4800 = VERTEX_POINT ( 'NONE', #2909 ) ;
#4801 = TOROIDAL_SURFACE ( 'NONE', #2603, 0.2749999999999999667, 0.07499999999999999722 ) ;
#4802 = CARTESIAN_POINT ( 'NONE',  ( -1.249999999999999778, 0.9000000000000000222, -1.600000000000000533 ) ) ;
#4803 = DIRECTION ( 'NONE',  ( -1.000000000000000000, 0.000000000000000000, -1.355252715606880543E-16 ) ) ;
#4804 = DIRECTION ( 'NONE',  ( -1.000000000000000000, 0.000000000000000000, -1.355252715606880543E-16 ) ) ;
#4805 = ORIENTED_EDGE ( 'NONE', *, *, #613, .F. ) ;
#4806 = ORIENTED_EDGE ( 'NONE', *, *, #4418, .F. ) ;
#4807 = EDGE_LOOP ( 'NONE', ( #2203, #3966, #2299, #3381, #581, #866, #2968, #345, #1138, #3685, #1362, #3276, #518, #2353, #4882, #4825 ) ) ;
#4808 = CARTESIAN_POINT ( 'NONE',  ( -1.250000000000000000, -9.099999999999999645, 0.1499999999999998279 ) ) ;
#4809 = DIRECTION ( 'NONE',  ( -1.000000000000000000, 0.000000000000000000, 0.000000000000000000 ) ) ;
#4810 = CARTESIAN_POINT ( 'NONE',  ( 1.095000000000000417, 0.9099999999999999201, 1.075000000000000178 ) ) ;
#4811 = DIRECTION ( 'NONE',  ( 0.000000000000000000, -1.000000000000000000, 0.000000000000000000 ) ) ;
#4812 = ORIENTED_EDGE ( 'NONE', *, *, #3882, .F. ) ;
#4813 = ORIENTED_EDGE ( 'NONE', *, *, #1410, .F. ) ;
#4814 = LINE ( 'NONE', #1816, #2755 ) ;
#4815 = FACE_OUTER_BOUND ( 'NONE', #4968, .T. ) ;
#4816 = CARTESIAN_POINT ( 'NONE',  ( -1.249999999999999778, -9.099999999999999645, 0.2399999999999996303 ) ) ;
#4817 = LINE ( 'NONE', #4472, #1765 ) ;
#4818 = ORIENTED_EDGE ( 'NONE', *, *, #1866, .F. ) ;
#4819 = EDGE_LOOP ( 'NONE', ( #4435, #4966, #913, #120 ) ) ;
#4820 = EDGE_CURVE ( 'NONE', #4377, #636, #4837, .T. ) ;
#4821 = VECTOR ( 'NONE', #64, 1000.000000000000000 ) ;
#4822 = CARTESIAN_POINT ( 'NONE',  ( 1.200000000000000178, 0.3999999999999999667, -0.6500000000000016875 ) ) ;
#4823 = EDGE_CURVE ( 'NONE', #2258, #630, #4782, .T. ) ;
#4824 = VERTEX_POINT ( 'NONE', #1023 ) ;
#4825 = ORIENTED_EDGE ( 'NONE', *, *, #3077, .F. ) ;
#4826 = VECTOR ( 'NONE', #4705, 1000.000000000000000 ) ;
#4827 = CARTESIAN_POINT ( 'NONE',  ( -0.7250000000000001998, 0.9100000000000000311, 1.509999999999999787 ) ) ;
#4828 = CARTESIAN_POINT ( 'NONE',  ( 1.249999999999999778, 1.641974234837420665, -1.599999999999999645 ) ) ;
#4829 = CARTESIAN_POINT ( 'NONE',  ( -1.049999999999999600, 0.3999999999999999667, 1.599999999999999645 ) ) ;
#4830 = ORIENTED_EDGE ( 'NONE', *, *, #989, .T. ) ;
#4831 = ORIENTED_EDGE ( 'NONE', *, *, #1495, .F. ) ;
#4832 = ORIENTED_EDGE ( 'NONE', *, *, #3302, .T. ) ;
#4833 = ADVANCED_FACE ( 'NONE', ( #3263 ), #2854, .F. ) ;
#4834 = DIRECTION ( 'NONE',  ( 1.000000000000000000, 0.000000000000000000, 1.355252715606880543E-16 ) ) ;
#4835 = SURFACE_STYLE_FILL_AREA ( #3260 ) ;
#4836 = CARTESIAN_POINT ( 'NONE',  ( 1.159999999999999920, 0.9100000000000000311, 1.074999999999999956 ) ) ;
#4837 = LINE ( 'NONE', #1337, #2883 ) ;
#4838 = ORIENTED_EDGE ( 'NONE', *, *, #4568, .T. ) ;
#4839 = ORIENTED_EDGE ( 'NONE', *, *, #293, .T. ) ;
#4840 = FACE_OUTER_BOUND ( 'NONE', #1757, .T. ) ;
#4841 = CARTESIAN_POINT ( 'NONE',  ( 1.200000000000000178, 0.000000000000000000, -0.6500000000000016875 ) ) ;
#4842 = CARTESIAN_POINT ( 'NONE',  ( -0.8392025475225564080, 0.9100000000000000311, -1.509999999653172331 ) ) ;
#4843 = DIRECTION ( 'NONE',  ( -0.000000000000000000, -1.000000000000000000, -0.000000000000000000 ) ) ;
#4844 = ORIENTED_EDGE ( 'NONE', *, *, #1029, .F. ) ;
#4845 = CARTESIAN_POINT ( 'NONE',  ( 1.249999999999999334, 0.3999999999999999667, 1.600000000000000089 ) ) ;
#4846 = FILL_AREA_STYLE ('',( #2533 ) ) ;
#4847 = LINE ( 'NONE', #269, #675 ) ;
#4848 = CARTESIAN_POINT ( 'NONE',  ( 0.7249999999999998668, 0.9000000000000000222, -1.074999999999999956 ) ) ;
#4849 = CARTESIAN_POINT ( 'NONE',  ( -1.200000000000000178, 0.3999999999999999667, 0.6500000000000016875 ) ) ;
#4850 = ORIENTED_EDGE ( 'NONE', *, *, #2327, .F. ) ;
#4851 = ADVANCED_FACE ( 'NONE', ( #3615 ), #580, .F. ) ;
#4852 = CIRCLE ( 'NONE', #2655, 0.2500000000000002220 ) ;
#4853 = AXIS2_PLACEMENT_3D ( 'NONE', #145, #1600, #4696 ) ;
#4854 = CARTESIAN_POINT ( 'NONE',  ( -0.9999999999999988898, 0.4000000000000000222, -1.599999999999997424 ) ) ;
#4855 = SURFACE_STYLE_USAGE ( .BOTH. , #4461 ) ;
#4856 = CARTESIAN_POINT ( 'NONE',  ( -0.7249999999999996447, 1.125000000000000222, -1.424999999999999822 ) ) ;
#4857 = CARTESIAN_POINT ( 'NONE',  ( 1.074999999999999956, 0.9000000000000000222, 1.074999999999999956 ) ) ;
#4858 = EDGE_CURVE ( 'NONE', #4664, #1187, #2101, .T. ) ;
#4859 = EDGE_CURVE ( 'NONE', #2282, #780, #1706, .T. ) ;
#4860 = EDGE_LOOP ( 'NONE', ( #4712, #363, #1257, #3874 ) ) ;
#4861 = ORIENTED_EDGE ( 'NONE', *, *, #1220, .T. ) ;
#4862 = VECTOR ( 'NONE', #2180, 1000.000000000000000 ) ;
#4863 = LINE ( 'NONE', #4490, #4791 ) ;
#4864 = DIRECTION ( 'NONE',  ( 1.000000000000000000, 0.000000000000000000, 0.000000000000000000 ) ) ;
#4865 = DIRECTION ( 'NONE',  ( 1.000000000000000000, 0.000000000000000000, 1.355252715606880543E-16 ) ) ;
#4866 = PLANE ( 'NONE',  #4980 ) ;
#4867 = CIRCLE ( 'NONE', #4063, 0.3700000000000002176 ) ;
#4868 = DIRECTION ( 'NONE',  ( -1.000000000000000000, 0.000000000000000000, 3.469446951953611033E-15 ) ) ;
#4869 = CYLINDRICAL_SURFACE ( 'NONE', #1948, 0.08999999999999980238 ) ;
#4870 = VECTOR ( 'NONE', #241, 1000.000000000000000 ) ;
#4871 = DIRECTION ( 'NONE',  ( 0.7071067811865474617, 0.000000000000000000, -0.7071067811865474617 ) ) ;
#4872 = LINE ( 'NONE', #1040, #4633 ) ;
#4873 = LINE ( 'NONE', #2900, #508 ) ;
#4874 = EDGE_CURVE ( 'NONE', #4959, #555, #3645, .T. ) ;
#4875 = EDGE_LOOP ( 'NONE', ( #873, #3427, #1443, #3036 ) ) ;
#4876 = CIRCLE ( 'NONE', #3575, 0.2500000000000002220 ) ;
#4877 = DIRECTION ( 'NONE',  ( -1.000000000000000000, 0.000000000000000000, -1.355252715606880543E-16 ) ) ;
#4878 = CYLINDRICAL_SURFACE ( 'NONE', #1393, 0.2000000000000003164 ) ;
#4879 = CARTESIAN_POINT ( 'NONE',  ( -1.249999999999999334, 0.3999999999999999667, -1.600000000000000089 ) ) ;
#4880 = CARTESIAN_POINT ( 'NONE',  ( -0.4500000000000002887, 1.641974234837420665, 1.549999999999997824 ) ) ;
#4881 = ADVANCED_FACE ( 'NONE', ( #154 ), #4754, .T. ) ;
#4882 = ORIENTED_EDGE ( 'NONE', *, *, #305, .F. ) ;
#4883 = ORIENTED_EDGE ( 'NONE', *, *, #1307, .F. ) ;
#4884 = CARTESIAN_POINT ( 'NONE',  ( 0.000000000000000000, 1.199999999999999956, 0.000000000000000000 ) ) ;
#4885 = CARTESIAN_POINT ( 'NONE',  ( 1.160000000000000142, 0.9000000000000000222, 0.1500000000000001610 ) ) ;
#4886 = LINE ( 'NONE', #2978, #3738 ) ;
#4887 = CARTESIAN_POINT ( 'NONE',  ( 1.249999999999999778, -9.099999999999999645, -0.1499999999999998279 ) ) ;
#4888 = DIRECTION ( 'NONE',  ( -1.000000000000000000, 0.000000000000000000, 0.000000000000000000 ) ) ;
#4889 = LINE ( 'NONE', #14, #769 ) ;
#4890 = FACE_OUTER_BOUND ( 'NONE', #4251, .T. ) ;
#4891 = LINE ( 'NONE', #1062, #352 ) ;
#4892 = FACE_OUTER_BOUND ( 'NONE', #1112, .T. ) ;
#4893 = FACE_OUTER_BOUND ( 'NONE', #2405, .T. ) ;
#4894 = VECTOR ( 'NONE', #2428, 1000.000000000000000 ) ;
#4895 = ORIENTED_EDGE ( 'NONE', *, *, #3346, .F. ) ;
#4896 = VECTOR ( 'NONE', #3336, 1000.000000000000000 ) ;
#4897 = DIRECTION ( 'NONE',  ( 0.000000000000000000, -1.000000000000000000, 0.000000000000000000 ) ) ;
#4898 = DIRECTION ( 'NONE',  ( 1.000000000000000000, -0.000000000000000000, -6.057979638762792628E-14 ) ) ;
#4899 = EDGE_CURVE ( 'NONE', #3999, #2935, #1310, .T. ) ;
#4900 = DIRECTION ( 'NONE',  ( 1.000000000000000000, 0.000000000000000000, 0.000000000000000000 ) ) ;
#4901 = DIRECTION ( 'NONE',  ( -1.000000000000000000, 0.000000000000000000, -1.355252715606880543E-16 ) ) ;
#4902 = VERTEX_POINT ( 'NONE', #4554 ) ;
#4903 = EDGE_LOOP ( 'NONE', ( #3937, #1266, #4783, #965 ) ) ;
#4904 = DIRECTION ( 'NONE',  ( 0.000000000000000000, -1.000000000000000000, 0.000000000000000000 ) ) ;
#4905 = LINE ( 'NONE', #4442, #3488 ) ;
#4906 = PLANE ( 'NONE',  #3078 ) ;
#4907 =( NAMED_UNIT ( * ) SI_UNIT ( $, .STERADIAN. ) SOLID_ANGLE_UNIT ( ) );
#4908 = CARTESIAN_POINT ( 'NONE',  ( -1.250000000000000000, -9.099999999999999645, 0.1499999999999998279 ) ) ;
#4909 = ORIENTED_EDGE ( 'NONE', *, *, #3980, .F. ) ;
#4910 = ADVANCED_FACE ( 'NONE', ( #2634 ), #1535, .F. ) ;
#4911 = EDGE_CURVE ( 'NONE', #3079, #3727, #4455, .T. ) ;
#4912 = EDGE_CURVE ( 'NONE', #636, #1883, #3020, .T. ) ;
#4913 = AXIS2_PLACEMENT_3D ( 'NONE', #781, #828, #3837 ) ;
#4914 = CARTESIAN_POINT ( 'NONE',  ( 1.075000000000000178, 5.970014005574767246, -1.074999999999999734 ) ) ;
#4915 = SURFACE_STYLE_USAGE ( .BOTH. , #4242 ) ;
#4916 = EDGE_CURVE ( 'NONE', #2473, #1531, #3446, .T. ) ;
#4917 = EDGE_CURVE ( 'NONE', #2689, #412, #3045, .T. ) ;
#4918 = VERTEX_POINT ( 'NONE', #2589 ) ;
#4919 = PRESENTATION_LAYER_ASSIGNMENT (  '', '', ( #4675 ) ) ;
#4920 = CARTESIAN_POINT ( 'NONE',  ( -1.199999999999999956, 0.000000000000000000, -1.355051025721681901 ) ) ;
#4921 = DIRECTION ( 'NONE',  ( -1.000000000000000000, 0.000000000000000000, -1.355252715606880543E-16 ) ) ;
#4922 = DIRECTION ( 'NONE',  ( 0.000000000000000000, 1.000000000000000000, 0.000000000000000000 ) ) ;
#4923 = ORIENTED_EDGE ( 'NONE', *, *, #2611, .T. ) ;
#4924 = AXIS2_PLACEMENT_3D ( 'NONE', #1115, #1486, #4553 ) ;
#4925 = FILL_AREA_STYLE ('',( #3890 ) ) ;
#4926 = FACE_OUTER_BOUND ( 'NONE', #4807, .T. ) ;
#4927 = CARTESIAN_POINT ( 'NONE',  ( 1.094999999999999973, 0.9100000000000001421, -1.074999999999999956 ) ) ;
#4928 = ORIENTED_EDGE ( 'NONE', *, *, #31, .F. ) ;
#4929 = AXIS2_PLACEMENT_3D ( 'NONE', #3607, #4804, #517 ) ;
#4930 = VECTOR ( 'NONE', #2555, 1000.000000000000000 ) ;
#4931 = EDGE_CURVE ( 'NONE', #3100, #2058, #4149, .T. ) ;
#4932 = ORIENTED_EDGE ( 'NONE', *, *, #2103, .T. ) ;
#4933 =( BOUNDED_CURVE ( )  B_SPLINE_CURVE ( 2, ( #3107, #4634, #4358 ),
 .UNSPECIFIED., .F., .F. ) 
 B_SPLINE_CURVE_WITH_KNOTS ( ( 3, 3 ),
 ( 0.000000000000000000, 1.000000000000000000 ),
 .UNSPECIFIED. ) 
 CURVE ( )  GEOMETRIC_REPRESENTATION_ITEM ( )  RATIONAL_B_SPLINE_CURVE ( ( 1.000000000000000000, 0.7071067811865475727, 1.000000000000000000 ) ) 
 REPRESENTATION_ITEM ( '' )  );
#4934 = DIRECTION ( 'NONE',  ( 0.000000000000000000, 1.000000000000000000, 0.000000000000000000 ) ) ;
#4935 = PLANE ( 'NONE',  #1430 ) ;
#4936 = CARTESIAN_POINT ( 'NONE',  ( -0.7250000000000000888, 1.010000000000000009, 1.444999999999999840 ) ) ;
#4937 = CARTESIAN_POINT ( 'NONE',  ( -1.200000000000000178, 1.641974234837420665, -0.6500000000000021316 ) ) ;
#4938 = STYLED_ITEM ( 'NONE', ( #4090 ), #4092 ) ;
#4939 = VECTOR ( 'NONE', #622, 1000.000000000000000 ) ;
#4940 = CARTESIAN_POINT ( 'NONE',  ( -0.7249999999999999778, 1.050000000000000044, 1.074999999999999734 ) ) ;
#4941 = ADVANCED_FACE ( 'NONE', ( #682 ), #302, .T. ) ;
#4942 = ORIENTED_EDGE ( 'NONE', *, *, #3476, .F. ) ;
#4943 = VECTOR ( 'NONE', #869, 1000.000000000000000 ) ;
#4944 = DIRECTION ( 'NONE',  ( -7.506309209004537245E-16, 0.000000000000000000, 1.000000000000000000 ) ) ;
#4945 = CARTESIAN_POINT ( 'NONE',  ( 1.055123954335630554, 1.010000000000000009, -1.268135063742414692 ) ) ;
#4946 = EDGE_CURVE ( 'NONE', #986, #1267, #327, .T. ) ;
#4947 = EDGE_CURVE ( 'NONE', #2855, #699, #2246, .T. ) ;
#4948 = DIRECTION ( 'NONE',  ( 1.401985567869189998E-17, 0.000000000000000000, 1.000000000000000000 ) ) ;
#4949 = DIRECTION ( 'NONE',  ( -6.160239616395062606E-17, 0.000000000000000000, -1.000000000000000000 ) ) ;
#4950 = EDGE_CURVE ( 'NONE', #1404, #15, #349, .T. ) ;
#4951 = DIRECTION ( 'NONE',  ( 0.000000000000000000, 1.000000000000000000, 0.000000000000000000 ) ) ;
#4952 = COLOUR_RGB ( '',0.9686274509803921573, 0.8784313725490195957, 0.5999999999999999778 ) ;
#4953 = VERTEX_POINT ( 'NONE', #280 ) ;
#4954 =( LENGTH_UNIT ( ) NAMED_UNIT ( * ) SI_UNIT ( .MILLI., .METRE. ) );
#4955 = EDGE_CURVE ( 'NONE', #2828, #3338, #1377, .T. ) ;
#4956 = DIRECTION ( 'NONE',  ( -1.000000000000000000, 0.000000000000000000, 0.000000000000000000 ) ) ;
#4957 = AXIS2_PLACEMENT_3D ( 'NONE', #778, #749, #1110 ) ;
#4958 = ORIENTED_EDGE ( 'NONE', *, *, #118, .F. ) ;
#4959 = VERTEX_POINT ( 'NONE', #1831 ) ;
#4960 = DIRECTION ( 'NONE',  ( -1.000000000000000000, 0.000000000000000000, 0.000000000000000000 ) ) ;
#4961 = VECTOR ( 'NONE', #968, 1000.000000000000000 ) ;
#4962 = LINE ( 'NONE', #3025, #4308 ) ;
#4963 = DIRECTION ( 'NONE',  ( 1.000000000000000000, 0.000000000000000000, 0.000000000000000000 ) ) ;
#4964 = CARTESIAN_POINT ( 'NONE',  ( -1.094999999999999973, 0.9099999999999999201, -1.074999999999999956 ) ) ;
#4965 = DIRECTION ( 'NONE',  ( 1.000000000000000000, 0.000000000000000000, 0.000000000000000000 ) ) ;
#4966 = ORIENTED_EDGE ( 'NONE', *, *, #4202, .T. ) ;
#4967 = ORIENTED_EDGE ( 'NONE', *, *, #1105, .T. ) ;
#4968 = EDGE_LOOP ( 'NONE', ( #3799, #2104, #1357, #208 ) ) ;
#4969 = CARTESIAN_POINT ( 'NONE',  ( -0.9999999999999988898, 0.4000000000000000222, -1.599999999999997424 ) ) ;
#4970 = ADVANCED_FACE ( 'NONE', ( #3357 ), #4226, .T. ) ;
#4971 = CARTESIAN_POINT ( 'NONE',  ( -0.7249999999999999778, 1.125000000000000222, 1.074999999999999734 ) ) ;
#4972 = ORIENTED_EDGE ( 'NONE', *, *, #1710, .T. ) ;
#4973 = ORIENTED_EDGE ( 'NONE', *, *, #321, .F. ) ;
#4974 = CARTESIAN_POINT ( 'NONE',  ( 1.249999999999999778, 1.641974234837420665, -1.349999999999999645 ) ) ;
#4975 = CARTESIAN_POINT ( 'NONE',  ( 1.074999999999999956, 1.050000000000000044, 1.074999999999999956 ) ) ;
#4976 = CYLINDRICAL_SURFACE ( 'NONE', #4210, 0.2000000000000003164 ) ;
#4977 = ORIENTED_EDGE ( 'NONE', *, *, #1264, .F. ) ;
#4978 = CARTESIAN_POINT ( 'NONE',  ( 0.4500000000000000111, 1.641974234837420665, -0.6500000000000017986 ) ) ;
#4979 = EDGE_CURVE ( 'NONE', #1187, #3727, #3019, .T. ) ;
#4980 = AXIS2_PLACEMENT_3D ( 'NONE', #4392, #3707, #4033 ) ;
ENDSEC;
END-ISO-10303-21;
