ISO-10303-21;
HEADER;
FILE_DESCRIPTION (( 'STEP AP214' ),
    '1' );
FILE_NAME ('F996F3C5-A728-492B-9B1F-69CD9224D0AA.STEP',
    '2026-08-22T20:08:59',
    ( '' ),
    ( '' ),
    'SwSTEP 2.0',
    'SolidWorks 2022',
    '' );
FILE_SCHEMA (( 'AUTOMOTIVE_DESIGN' ));
ENDSEC;

DATA;
#1 = DIRECTION ( 'NONE',  ( -1.000000000000000000, 0.0000000000000000000, 2.115516434118057709E-16 ) ) ;
#2 = PRESENTATION_STYLE_ASSIGNMENT (( #1722 ) ) ;
#3 =( LENGTH_UNIT ( ) NAMED_UNIT ( * ) SI_UNIT ( .MILLI., .METRE. ) );
#4 = LINE ( 'NONE', #2783, #1579 ) ;
#5 = EDGE_CURVE ( 'NONE', #3122, #479, #2185, .T. ) ;
#6 = ADVANCED_FACE ( 'NONE', ( #2450 ), #2200, .T. ) ;
#7 = LINE ( 'NONE', #2758, #398 ) ;
#8 = CARTESIAN_POINT ( 'NONE',  ( -0.1500000000000001332, 0.2000000000000000111, -0.8503943632526923535 ) ) ;
#9 = ADVANCED_FACE ( 'NONE', ( #2674 ), #2436, .T. ) ;
#10 = CARTESIAN_POINT ( 'NONE',  ( -0.8000000000000001554, 500000.0000000000582, 1.024999999999999911 ) ) ;
#11 = VERTEX_POINT ( 'NONE', #1491 ) ;
#12 = CARTESIAN_POINT ( 'NONE',  ( -0.1500000000000001332, 500000.0000000000582, -0.8503943632526923535 ) ) ;
#13 = ORIENTED_EDGE ( 'NONE', *, *, #812, .T. ) ;
#14 = STYLED_ITEM ( 'NONE', ( #1374 ), #2123 ) ;
#15 = VECTOR ( 'NONE', #2241, 1000.000000000000000 ) ;
#16 = FACE_OUTER_BOUND ( 'NONE', #2584, .T. ) ;
#17 = DIRECTION ( 'NONE',  ( 0.0000000000000000000, 0.0000000000000000000, -1.000000000000000000 ) ) ;
#18 = FACE_OUTER_BOUND ( 'NONE', #2873, .T. ) ;
#19 = COLOUR_RGB ( '',0.7686274509803920907, 0.7686274509803920907, 0.7686274509803920907 ) ;
#20 =( GEOMETRIC_REPRESENTATION_CONTEXT ( 3 ) GLOBAL_UNCERTAINTY_ASSIGNED_CONTEXT ( ( #1218 ) ) GLOBAL_UNIT_ASSIGNED_CONTEXT ( ( #163, #132, #2443 ) ) REPRESENTATION_CONTEXT ( 'NONE', 'WORKASPACE' ) );
#21 = PRESENTATION_STYLE_ASSIGNMENT (( #333 ) ) ;
#22 = DIRECTION ( 'NONE',  ( 0.0000000000000000000, -1.000000000000000000, 0.0000000000000000000 ) ) ;
#23 = CARTESIAN_POINT ( 'NONE',  ( -0.1500000000000001332, 0.2000000000000000111, -0.8503943632526923535 ) ) ;
#24 = AXIS2_PLACEMENT_3D ( 'NONE', #2612, #3071, #1349 ) ;
#25 =( GEOMETRIC_REPRESENTATION_CONTEXT ( 3 ) GLOBAL_UNCERTAINTY_ASSIGNED_CONTEXT ( ( #2316 ) ) GLOBAL_UNIT_ASSIGNED_CONTEXT ( ( #497, #2054, #2274 ) ) REPRESENTATION_CONTEXT ( 'NONE', 'WORKASPACE' ) );
#26 = SURFACE_STYLE_USAGE ( .BOTH. , #2574 ) ;
#27 = CARTESIAN_POINT ( 'NONE',  ( 0.7849999999999999201, 0.2000000000000000111, -0.3575000000000000400 ) ) ;
#28 = DIRECTION ( 'NONE',  ( -1.000000000000000000, -0.0000000000000000000, -0.0000000000000000000 ) ) ;
#29 = STYLED_ITEM ( 'NONE', ( #197 ), #1659 ) ;
#30 = EDGE_CURVE ( 'NONE', #872, #177, #242, .T. ) ;
#31 = EDGE_CURVE ( 'NONE', #1307, #2965, #260, .T. ) ;
#32 = VECTOR ( 'NONE', #2246, 1000.000000000000000 ) ;
#33 = ORIENTED_EDGE ( 'NONE', *, *, #1310, .T. ) ;
#34 = ORIENTED_EDGE ( 'NONE', *, *, #1260, .T. ) ;
#35 = UNCERTAINTY_MEASURE_WITH_UNIT (LENGTH_MEASURE( 1.000000000000000082E-05 ), #2291, 'distance_accuracy_value', 'NONE');
#36 = DIRECTION ( 'NONE',  ( 0.0000000000000000000, -1.000000000000000000, 0.0000000000000000000 ) ) ;
#37 = CLOSED_SHELL ( 'NONE', ( #3160, #2123, #87, #1042, #1876, #1659, #1066, #1447, #1744, #2767, #1205, #2461, #1248, #987, #2345, #2687, #572, #1305 ) ) ;
#38 = CARTESIAN_POINT ( 'NONE',  ( 0.4999999999999997780, 500000.0000000000582, 1.024999999999999911 ) ) ;
#39 = SURFACE_STYLE_USAGE ( .BOTH. , #1560 ) ;
#40 = LINE ( 'NONE', #1961, #2480 ) ;
#41 =( LENGTH_UNIT ( ) NAMED_UNIT ( * ) SI_UNIT ( .MILLI., .METRE. ) );
#42 = SURFACE_STYLE_FILL_AREA ( #1251 ) ;
#43 = FACE_OUTER_BOUND ( 'NONE', #2084, .T. ) ;
#44 = COLOUR_RGB ( '',0.7686274509803920907, 0.7686274509803920907, 0.7686274509803920907 ) ;
#45 = PRESENTATION_STYLE_ASSIGNMENT (( #244 ) ) ;
#46 = EDGE_LOOP ( 'NONE', ( #1135, #557, #1615, #786 ) ) ;
#47 = SURFACE_STYLE_FILL_AREA ( #1269 ) ;
#48 = EDGE_CURVE ( 'NONE', #2412, #2236, #980, .T. ) ;
#49 = EDGE_CURVE ( 'NONE', #1345, #734, #486, .T. ) ;
#50 = FACE_OUTER_BOUND ( 'NONE', #1520, .T. ) ;
#51 =( NAMED_UNIT ( * ) SI_UNIT ( $, .STERADIAN. ) SOLID_ANGLE_UNIT ( ) );
#52 = CARTESIAN_POINT ( 'NONE',  ( 0.1499999999999999667, 0.2000000000066393113, 1.024999999999999911 ) ) ;
#53 = DIRECTION ( 'NONE',  ( 0.0000000000000000000, 0.0000000000000000000, -1.000000000000000000 ) ) ;
#54 = FACE_OUTER_BOUND ( 'NONE', #2276, .T. ) ;
#55 = SURFACE_SIDE_STYLE ('',( #1772 ) ) ;
#56 = FILL_AREA_STYLE ('',( #3042 ) ) ;
#57 = DIRECTION ( 'NONE',  ( 1.000000000000000000, 0.0000000000000000000, 0.0000000000000000000 ) ) ;
#58 = DIRECTION ( 'NONE',  ( 0.0000000000000000000, 1.000000000000000000, 0.0000000000000000000 ) ) ;
#59 = ORIENTED_EDGE ( 'NONE', *, *, #2062, .F. ) ;
#60 = FILL_AREA_STYLE_COLOUR ( '', #2682 ) ;
#61 = ORIENTED_EDGE ( 'NONE', *, *, #3019, .F. ) ;
#62 = UNCERTAINTY_MEASURE_WITH_UNIT (LENGTH_MEASURE( 1.000000000000000082E-05 ), #2942, 'distance_accuracy_value', 'NONE');
#63 = PRODUCT_DEFINITION_SHAPE ( 'NONE', 'NONE',  #288 ) ;
#64 = CARTESIAN_POINT ( 'NONE',  ( -0.1500000000000001332, 0.0000000000000000000, 0.8503943632526923535 ) ) ;
#65 = ORIENTED_EDGE ( 'NONE', *, *, #1401, .T. ) ;
#66 = CARTESIAN_POINT ( 'NONE',  ( 0.6003943632526922425, 0.2000000000000000111, 0.8503943632526924645 ) ) ;
#67 = CARTESIAN_POINT ( 'NONE',  ( -0.3996056367473078130, 0.2000000000000000111, 0.7500000000000000000 ) ) ;
#68 = VERTEX_POINT ( 'NONE', #27 ) ;
#69 = LINE ( 'NONE', #2540, #1948 ) ;
#70 = FILL_AREA_STYLE_COLOUR ( '', #1742 ) ;
#71 = CIRCLE ( 'NONE', #1886, 0.1003943632526924229 ) ;
#72 = CARTESIAN_POINT ( 'NONE',  ( 0.6674999999999997602, 0.2000000000000000111, -0.3575000000000000400 ) ) ;
#73 = AXIS2_PLACEMENT_3D ( 'NONE', #483, #549, #1711 ) ;
#74 = PLANE ( 'NONE',  #24 ) ;
#75 = CIRCLE ( 'NONE', #861, 0.1003943632526924229 ) ;
#76 = CARTESIAN_POINT ( 'NONE',  ( 0.6003943632526922425, 500000.0000000000582, 0.8503943632526924645 ) ) ;
#77 = FACE_OUTER_BOUND ( 'NONE', #2492, .T. ) ;
#78 = EDGE_LOOP ( 'NONE', ( #2911, #2073, #2927, #762 ) ) ;
#79 = VECTOR ( 'NONE', #2513, 1000.000000000000000 ) ;
#80 = AXIS2_PLACEMENT_3D ( 'NONE', #76, #1606, #2066 ) ;
#81 =( LENGTH_UNIT ( ) NAMED_UNIT ( * ) SI_UNIT ( .MILLI., .METRE. ) );
#82 = ORIENTED_EDGE ( 'NONE', *, *, #290, .F. ) ;
#83 = DIRECTION ( 'NONE',  ( 3.104716985897143937E-16, 0.0000000000000000000, 1.000000000000000000 ) ) ;
#84 = DIRECTION ( 'NONE',  ( -1.000000000000000000, -0.0000000000000000000, -0.0000000000000000000 ) ) ;
#85 =( NAMED_UNIT ( * ) PLANE_ANGLE_UNIT ( ) SI_UNIT ( $, .RADIAN. ) );
#86 = SURFACE_STYLE_FILL_AREA ( #2819 ) ;
#87 = ADVANCED_FACE ( 'NONE', ( #1773 ), #2527, .F. ) ;
#88 = EDGE_CURVE ( 'NONE', #1607, #2347, #792, .T. ) ;
#89 = FACE_OUTER_BOUND ( 'NONE', #345, .T. ) ;
#90 = LINE ( 'NONE', #116, #1632 ) ;
#91 = FACE_OUTER_BOUND ( 'NONE', #2719, .T. ) ;
#92 = DIRECTION ( 'NONE',  ( -0.0000000000000000000, -1.000000000000000000, -0.0000000000000000000 ) ) ;
#93 = ORIENTED_EDGE ( 'NONE', *, *, #812, .F. ) ;
#94 = CARTESIAN_POINT ( 'NONE',  ( 0.6674999999999998712, 500000.0000000000582, 0.2775000000000000799 ) ) ;
#95 = ORIENTED_EDGE ( 'NONE', *, *, #1032, .F. ) ;
#96 = CARTESIAN_POINT ( 'NONE',  ( -0.1500000000000000777, 500000.0000000000582, -1.024999999999999911 ) ) ;
#97 = ORIENTED_EDGE ( 'NONE', *, *, #1331, .T. ) ;
#98 = LINE ( 'NONE', #2816, #1429 ) ;
#99 = DIRECTION ( 'NONE',  ( -1.000000000000000000, -0.0000000000000000000, -0.0000000000000000000 ) ) ;
#100 = CARTESIAN_POINT ( 'NONE',  ( -1.025000000000000133, 0.7500000000000000000, -1.024999999999999911 ) ) ;
#101 =( NAMED_UNIT ( * ) PLANE_ANGLE_UNIT ( ) SI_UNIT ( $, .RADIAN. ) );
#102 = DIRECTION ( 'NONE',  ( 0.0000000000000000000, 0.0000000000000000000, -1.000000000000000000 ) ) ;
#103 = EDGE_CURVE ( 'NONE', #2323, #229, #305, .T. ) ;
#104 = ORIENTED_EDGE ( 'NONE', *, *, #1914, .T. ) ;
#105 = PLANE ( 'NONE',  #2943 ) ;
#106 = ORIENTED_EDGE ( 'NONE', *, *, #2666, .T. ) ;
#107 = DIRECTION ( 'NONE',  ( 0.0000000000000000000, 0.0000000000000000000, -1.000000000000000000 ) ) ;
#108 = ORIENTED_EDGE ( 'NONE', *, *, #905, .F. ) ;
#109 = VECTOR ( 'NONE', #1872, 1000.000000000000000 ) ;
#110 = STYLED_ITEM ( 'NONE', ( #637 ), #2751 ) ;
#111 = STYLED_ITEM ( 'NONE', ( #21 ), #3175 ) ;
#112 = CARTESIAN_POINT ( 'NONE',  ( 0.6674999999999998712, -0.02500000000000000139, 0.2775000000000000799 ) ) ;
#113 = ORIENTED_EDGE ( 'NONE', *, *, #495, .T. ) ;
#114 = LINE ( 'NONE', #2141, #1421 ) ;
#115 = DIRECTION ( 'NONE',  ( -1.000000000000000000, 0.0000000000000000000, -0.0000000000000000000 ) ) ;
#116 = CARTESIAN_POINT ( 'NONE',  ( -0.3996056367473078130, 0.2000000000000000111, 0.7500000000000000000 ) ) ;
#117 = MECHANICAL_DESIGN_GEOMETRIC_PRESENTATION_REPRESENTATION (  '', ( #1521 ), #386 ) ;
#118 =( NAMED_UNIT ( * ) SI_UNIT ( $, .STERADIAN. ) SOLID_ANGLE_UNIT ( ) );
#119 = ORIENTED_EDGE ( 'NONE', *, *, #1399, .F. ) ;
#120 = AXIS2_PLACEMENT_3D ( 'NONE', #1013, #559, #2777 ) ;
#121 = ADVANCED_FACE ( 'NONE', ( #1966 ), #2501, .T. ) ;
#122 = ADVANCED_FACE ( 'NONE', ( #635 ), #1315, .F. ) ;
#123 = CARTESIAN_POINT ( 'NONE',  ( 1.024999999999999689, 0.7500000000000000000, -1.024999999999999911 ) ) ;
#124 = MECHANICAL_DESIGN_GEOMETRIC_PRESENTATION_REPRESENTATION (  '', ( #1073 ), #2895 ) ;
#125 = EDGE_LOOP ( 'NONE', ( #1834, #2870, #785, #1082 ) ) ;
#126 =( GEOMETRIC_REPRESENTATION_CONTEXT ( 3 ) GLOBAL_UNCERTAINTY_ASSIGNED_CONTEXT ( ( #1011 ) ) GLOBAL_UNIT_ASSIGNED_CONTEXT ( ( #361, #85, #1098 ) ) REPRESENTATION_CONTEXT ( 'NONE', 'WORKASPACE' ) );
#127 = LINE ( 'NONE', #2135, #2987 ) ;
#128 = ORIENTED_EDGE ( 'NONE', *, *, #495, .F. ) ;
#129 = AXIS2_PLACEMENT_3D ( 'NONE', #2064, #2353, #2820 ) ;
#130 = COLOUR_RGB ( '',0.7529411764705882248, 0.7529411764705882248, 0.7529411764705882248 ) ;
#131 = CARTESIAN_POINT ( 'NONE',  ( 0.0000000000000000000, 0.0000000000000000000, 0.0000000000000000000 ) ) ;
#132 =( NAMED_UNIT ( * ) PLANE_ANGLE_UNIT ( ) SI_UNIT ( $, .RADIAN. ) );
#133 = VERTEX_POINT ( 'NONE', #1866 ) ;
#134 = CARTESIAN_POINT ( 'NONE',  ( -0.8000000000000001554, 0.2000000000000000111, -1.024999999999999911 ) ) ;
#135 = DIRECTION ( 'NONE',  ( 0.0000000000000000000, 0.0000000000000000000, -1.000000000000000000 ) ) ;
#136 = PRESENTATION_STYLE_ASSIGNMENT (( #1201 ) ) ;
#137 = SURFACE_STYLE_USAGE ( .BOTH. , #3138 ) ;
#138 = ORIENTED_EDGE ( 'NONE', *, *, #1485, .T. ) ;
#139 = ORIENTED_EDGE ( 'NONE', *, *, #2121, .T. ) ;
#140 = DIRECTION ( 'NONE',  ( -0.0000000000000000000, -1.000000000000000000, -0.0000000000000000000 ) ) ;
#141 = EDGE_CURVE ( 'NONE', #1079, #1060, #466, .T. ) ;
#142 = EDGE_LOOP ( 'NONE', ( #666, #992, #97, #2455 ) ) ;
#143 = EDGE_CURVE ( 'NONE', #2119, #133, #1377, .T. ) ;
#144 = VERTEX_POINT ( 'NONE', #1552 ) ;
#145 = ADVANCED_FACE ( 'NONE', ( #1803 ), #74, .T. ) ;
#146 = CARTESIAN_POINT ( 'NONE',  ( 0.6003943632526922425, 0.2000000000000000111, 0.7499999999999998890 ) ) ;
#147 = EDGE_LOOP ( 'NONE', ( #1750, #1120, #3143, #3192 ) ) ;
#148 = FILL_AREA_STYLE_COLOUR ( '', #3197 ) ;
#149 = ORIENTED_EDGE ( 'NONE', *, *, #424, .T. ) ;
#150 = DIRECTION ( 'NONE',  ( 0.0000000000000000000, 0.0000000000000000000, -1.000000000000000000 ) ) ;
#151 = DIRECTION ( 'NONE',  ( 1.000000000000000000, 0.0000000000000000000, 0.0000000000000000000 ) ) ;
#152 = EDGE_LOOP ( 'NONE', ( #59, #750, #1253, #961 ) ) ;
#153 = CARTESIAN_POINT ( 'NONE',  ( -0.8000000000000001554, 0.2000000000066393113, -1.024999999999999911 ) ) ;
#154 = CARTESIAN_POINT ( 'NONE',  ( 0.1499999999999998557, 0.2000000000066393113, -1.024999999999999911 ) ) ;
#155 = VERTEX_POINT ( 'NONE', #2807 ) ;
#156 =( LENGTH_UNIT ( ) NAMED_UNIT ( * ) SI_UNIT ( .MILLI., .METRE. ) );
#157 = ORIENTED_EDGE ( 'NONE', *, *, #1837, .F. ) ;
#158 = VERTEX_POINT ( 'NONE', #2344 ) ;
#159 = LINE ( 'NONE', #643, #2846 ) ;
#160 = ORIENTED_EDGE ( 'NONE', *, *, #2433, .F. ) ;
#161 = ADVANCED_FACE ( 'NONE', ( #3084 ), #364, .T. ) ;
#162 = EDGE_CURVE ( 'NONE', #1192, #2220, #2708, .T. ) ;
#163 =( LENGTH_UNIT ( ) NAMED_UNIT ( * ) SI_UNIT ( .MILLI., .METRE. ) );
#164 = VECTOR ( 'NONE', #2836, 1000.000000000000000 ) ;
#165 = DIRECTION ( 'NONE',  ( 0.0000000000000000000, 1.000000000000000000, 0.0000000000000000000 ) ) ;
#166 = CARTESIAN_POINT ( 'NONE',  ( -0.3996056367473078130, 0.2000000000000000111, -0.8503943632526923535 ) ) ;
#167 = UNCERTAINTY_MEASURE_WITH_UNIT (LENGTH_MEASURE( 1.000000000000000082E-05 ), #3007, 'distance_accuracy_value', 'NONE');
#168 = AXIS2_PLACEMENT_3D ( 'NONE', #2717, #3177, #2221 ) ;
#169 = AXIS2_PLACEMENT_3D ( 'NONE', #282, #2988, #3052 ) ;
#170 = DIRECTION ( 'NONE',  ( -0.0000000000000000000, -1.000000000000000000, -0.0000000000000000000 ) ) ;
#171 = PLANE ( 'NONE',  #1336 ) ;
#172 = COLOUR_RGB ( '',0.7686274509803920907, 0.7686274509803920907, 0.7686274509803920907 ) ;
#173 = VECTOR ( 'NONE', #2847, 1000.000000000000000 ) ;
#174 = DIRECTION ( 'NONE',  ( -1.707404996040164018E-16, 0.0000000000000000000, -1.000000000000000000 ) ) ;
#175 = ORIENTED_EDGE ( 'NONE', *, *, #2124, .T. ) ;
#176 = FILL_AREA_STYLE ('',( #1418 ) ) ;
#177 = VERTEX_POINT ( 'NONE', #725 ) ;
#178 = AXIS2_PLACEMENT_3D ( 'NONE', #166, #933, #2916 ) ;
#179 = VECTOR ( 'NONE', #1768, 1000.000000000000000 ) ;
#180 = VECTOR ( 'NONE', #1828, 1000.000000000000000 ) ;
#181 = VECTOR ( 'NONE', #837, 1000.000000000000000 ) ;
#182 = ORIENTED_EDGE ( 'NONE', *, *, #924, .T. ) ;
#183 = CARTESIAN_POINT ( 'NONE',  ( 0.5499999999999998224, 0.0000000000000000000, -0.3575000000000000400 ) ) ;
#184 = PRESENTATION_LAYER_ASSIGNMENT (  '', '', ( #1073 ) ) ;
#185 = AXIS2_PLACEMENT_3D ( 'NONE', #2700, #1172, #2931 ) ;
#186 = VERTEX_POINT ( 'NONE', #2673 ) ;
#187 = COLOUR_RGB ( '',0.7686274509803920907, 0.7686274509803920907, 0.7686274509803920907 ) ;
#188 = DIRECTION ( 'NONE',  ( 0.0000000000000000000, -1.000000000000000000, 0.0000000000000000000 ) ) ;
#189 = DIRECTION ( 'NONE',  ( -0.0000000000000000000, 1.000000000000000000, -0.0000000000000000000 ) ) ;
#190 = CARTESIAN_POINT ( 'NONE',  ( 0.4999999999999997780, 500000.0000000000582, -1.024999999999999911 ) ) ;
#191 = EDGE_CURVE ( 'NONE', #1139, #3048, #1183, .T. ) ;
#192 = EDGE_CURVE ( 'NONE', #613, #2920, #671, .T. ) ;
#193 = PLANE ( 'NONE',  #2104 ) ;
#194 = CARTESIAN_POINT ( 'NONE',  ( 0.0000000000000000000, 0.0000000000000000000, 0.0000000000000000000 ) ) ;
#195 = PRESENTATION_STYLE_ASSIGNMENT (( #211 ) ) ;
#196 = CARTESIAN_POINT ( 'NONE',  ( 0.1499999999999999667, -0.02500000000000000139, 1.024999999999999911 ) ) ;
#197 = PRESENTATION_STYLE_ASSIGNMENT (( #3142 ) ) ;
#198 = ORIENTED_EDGE ( 'NONE', *, *, #1304, .F. ) ;
#199 = DIRECTION ( 'NONE',  ( 0.0000000000000000000, -1.000000000000000000, 0.0000000000000000000 ) ) ;
#200 = ORIENTED_EDGE ( 'NONE', *, *, #2077, .F. ) ;
#201 = UNCERTAINTY_MEASURE_WITH_UNIT (LENGTH_MEASURE( 1.000000000000000082E-05 ), #2903, 'distance_accuracy_value', 'NONE');
#202 = VECTOR ( 'NONE', #2266, 1000.000000000000000 ) ;
#203 = ORIENTED_EDGE ( 'NONE', *, *, #1404, .F. ) ;
#204 = DIRECTION ( 'NONE',  ( 0.0000000000000000000, -1.000000000000000000, 0.0000000000000000000 ) ) ;
#205 = VERTEX_POINT ( 'NONE', #1681 ) ;
#206 = CARTESIAN_POINT ( 'NONE',  ( 0.5500000000000000444, 0.2000000000066393113, 0.2775000000000000799 ) ) ;
#207 = FILL_AREA_STYLE ('',( #468 ) ) ;
#208 = FACE_OUTER_BOUND ( 'NONE', #633, .T. ) ;
#209 = UNCERTAINTY_MEASURE_WITH_UNIT (LENGTH_MEASURE( 1.000000000000000082E-05 ), #1964, 'distance_accuracy_value', 'NONE');
#210 = PLANE ( 'NONE',  #2832 ) ;
#211 = SURFACE_STYLE_USAGE ( .BOTH. , #3161 ) ;
#212 = FACE_OUTER_BOUND ( 'NONE', #1663, .T. ) ;
#213 = EDGE_CURVE ( 'NONE', #3194, #2849, #2444, .T. ) ;
#214 = LINE ( 'NONE', #1207, #2851 ) ;
#215 = EDGE_LOOP ( 'NONE', ( #579, #2249, #411, #848 ) ) ;
#216 = SURFACE_STYLE_FILL_AREA ( #460 ) ;
#217 = CARTESIAN_POINT ( 'NONE',  ( -0.1500000000000000777, 0.2000000000000000111, -1.024999999999999911 ) ) ;
#218 = ORIENTED_EDGE ( 'NONE', *, *, #1534, .F. ) ;
#219 = ORIENTED_EDGE ( 'NONE', *, *, #48, .T. ) ;
#220 = CARTESIAN_POINT ( 'NONE',  ( 0.8000000000000005995, 0.2000000000000000111, -0.8503943632526922425 ) ) ;
#221 = DIRECTION ( 'NONE',  ( 1.707404996040164018E-16, 0.0000000000000000000, 1.000000000000000000 ) ) ;
#222 = CARTESIAN_POINT ( 'NONE',  ( -0.5000000000000002220, 0.2000000000066393113, -0.8503943632526923535 ) ) ;
#223 = CYLINDRICAL_SURFACE ( 'NONE', #178, 0.1003943632526923119 ) ;
#224 = AXIS2_PLACEMENT_3D ( 'NONE', #2130, #3117, #1879 ) ;
#225 = CARTESIAN_POINT ( 'NONE',  ( -0.3996056367473078130, 500000.0000000000582, -0.7500000000000000000 ) ) ;
#226 = VECTOR ( 'NONE', #1931, 1000.000000000000000 ) ;
#227 = PRESENTATION_LAYER_ASSIGNMENT (  '', '', ( #1624 ) ) ;
#228 = SURFACE_STYLE_FILL_AREA ( #2463 ) ;
#229 = VERTEX_POINT ( 'NONE', #2693 ) ;
#230 = DIRECTION ( 'NONE',  ( 6.209433971794283930E-16, 0.0000000000000000000, -1.000000000000000000 ) ) ;
#231 = CARTESIAN_POINT ( 'NONE',  ( 0.6003943632526922425, 0.2000000000000000111, 0.8503943632526924645 ) ) ;
#232 = UNCERTAINTY_MEASURE_WITH_UNIT (LENGTH_MEASURE( 1.000000000000000082E-05 ), #2647, 'distance_accuracy_value', 'NONE');
#233 = EDGE_CURVE ( 'NONE', #186, #1245, #1665, .T. ) ;
#234 = MECHANICAL_DESIGN_GEOMETRIC_PRESENTATION_REPRESENTATION (  '', ( #855 ), #1014 ) ;
#235 = AXIS2_PLACEMENT_3D ( 'NONE', #985, #1975, #2971 ) ;
#236 = PRESENTATION_LAYER_ASSIGNMENT (  '', '', ( #3047 ) ) ;
#237 = AXIS2_PLACEMENT_3D ( 'NONE', #938, #1416, #458 ) ;
#238 = DIRECTION ( 'NONE',  ( 1.000000000000000000, 0.0000000000000000000, 0.0000000000000000000 ) ) ;
#239 = MECHANICAL_DESIGN_GEOMETRIC_PRESENTATION_REPRESENTATION (  '', ( #436 ), #1486 ) ;
#240 = CARTESIAN_POINT ( 'NONE',  ( -0.3996056367473078130, 0.0000000000000000000, 0.7500000000000000000 ) ) ;
#241 = CARTESIAN_POINT ( 'NONE',  ( 0.4999999999999997780, 0.2000000000000000111, -0.8503943632526923535 ) ) ;
#242 = LINE ( 'NONE', #1536, #202 ) ;
#243 =( NAMED_UNIT ( * ) SI_UNIT ( $, .STERADIAN. ) SOLID_ANGLE_UNIT ( ) );
#244 = SURFACE_STYLE_USAGE ( .BOTH. , #512 ) ;
#245 = VERTEX_POINT ( 'NONE', #2410 ) ;
#246 = DIRECTION ( 'NONE',  ( 0.0000000000000000000, -1.000000000000000000, 0.0000000000000000000 ) ) ;
#247 = VERTEX_POINT ( 'NONE', #2380 ) ;
#248 = EDGE_CURVE ( 'NONE', #2049, #1092, #2686, .T. ) ;
#249 = LINE ( 'NONE', #2023, #910 ) ;
#250 = EDGE_CURVE ( 'NONE', #696, #734, #2741, .T. ) ;
#251 = SURFACE_SIDE_STYLE ('',( #982 ) ) ;
#252 = STYLED_ITEM ( 'NONE', ( #195 ), #6 ) ;
#253 = EDGE_CURVE ( 'NONE', #427, #2191, #2196, .T. ) ;
#254 = PRESENTATION_LAYER_ASSIGNMENT (  '', '', ( #778 ) ) ;
#255 = CARTESIAN_POINT ( 'NONE',  ( -1.024999999999999911, 0.0000000000000000000, 1.024999999999999911 ) ) ;
#256 = CARTESIAN_POINT ( 'NONE',  ( -0.5000000000000001110, 0.2000000000000000111, 1.024999999999999911 ) ) ;
#257 = DIRECTION ( 'NONE',  ( 0.0000000000000000000, 0.0000000000000000000, -1.000000000000000000 ) ) ;
#258 = DIRECTION ( 'NONE',  ( 6.209433971794287875E-16, 0.0000000000000000000, -1.000000000000000000 ) ) ;
#259 =( NAMED_UNIT ( * ) SI_UNIT ( $, .STERADIAN. ) SOLID_ANGLE_UNIT ( ) );
#260 = LINE ( 'NONE', #2283, #2391 ) ;
#261 = ORIENTED_EDGE ( 'NONE', *, *, #965, .T. ) ;
#262 = DIRECTION ( 'NONE',  ( 0.0000000000000000000, 0.0000000000000000000, -1.000000000000000000 ) ) ;
#263 = ORIENTED_EDGE ( 'NONE', *, *, #966, .F. ) ;
#264 = UNCERTAINTY_MEASURE_WITH_UNIT (LENGTH_MEASURE( 1.000000000000000082E-05 ), #1515, 'distance_accuracy_value', 'NONE');
#265 = DIRECTION ( 'NONE',  ( 0.0000000000000000000, 0.0000000000000000000, -1.000000000000000000 ) ) ;
#266 = DIRECTION ( 'NONE',  ( -0.0000000000000000000, 1.000000000000000000, -0.0000000000000000000 ) ) ;
#267 = CARTESIAN_POINT ( 'NONE',  ( -0.2503943632526924312, -0.02500000000000000139, 0.8503943632526923535 ) ) ;
#268 = UNCERTAINTY_MEASURE_WITH_UNIT (LENGTH_MEASURE( 1.000000000000000082E-05 ), #156, 'distance_accuracy_value', 'NONE');
#269 = EDGE_CURVE ( 'NONE', #1797, #1672, #1428, .T. ) ;
#270 = CYLINDRICAL_SURFACE ( 'NONE', #344, 0.1174999999999998684 ) ;
#271 = FACE_OUTER_BOUND ( 'NONE', #2653, .T. ) ;
#272 = DIRECTION ( 'NONE',  ( 0.0000000000000000000, -1.000000000000000000, 0.0000000000000000000 ) ) ;
#273 = CARTESIAN_POINT ( 'NONE',  ( 0.6674999999999997602, 0.2000000000000000111, -0.4749999999999999778 ) ) ;
#274 = CARTESIAN_POINT ( 'NONE',  ( 0.6996056367473081350, -0.02500000000000000139, -0.7499999999999998890 ) ) ;
#275 = ORIENTED_EDGE ( 'NONE', *, *, #739, .T. ) ;
#276 = DIRECTION ( 'NONE',  ( 0.0000000000000000000, -1.000000000000000000, 0.0000000000000000000 ) ) ;
#277 = ORIENTED_EDGE ( 'NONE', *, *, #1310, .F. ) ;
#278 = COLOUR_RGB ( '',0.7686274509803920907, 0.7686274509803920907, 0.7686274509803920907 ) ;
#279 = AXIS2_PLACEMENT_3D ( 'NONE', #724, #920, #1923 ) ;
#280 = ORIENTED_EDGE ( 'NONE', *, *, #2361, .T. ) ;
#281 = VECTOR ( 'NONE', #3140, 1000.000000000000000 ) ;
#282 = CARTESIAN_POINT ( 'NONE',  ( -0.3996056367473078130, 0.2000000000000000111, 0.8503943632526923535 ) ) ;
#283 = DIRECTION ( 'NONE',  ( -1.057758217059028854E-16, 0.0000000000000000000, -1.000000000000000000 ) ) ;
#284 = AXIS2_PLACEMENT_3D ( 'NONE', #2432, #2396, #3170 ) ;
#285 = DIRECTION ( 'NONE',  ( 3.104716985897143937E-16, 0.0000000000000000000, -1.000000000000000000 ) ) ;
#286 = AXIS2_PLACEMENT_3D ( 'NONE', #1271, #1, #1059 ) ;
#287 = COLOUR_RGB ( '',0.7686274509803920907, 0.7686274509803920907, 0.7686274509803920907 ) ;
#288 = PRODUCT_DEFINITION ( 'UNKNOWN', '', #956, #355 ) ;
#289 = PLANE ( 'NONE',  #2998 ) ;
#290 = EDGE_CURVE ( 'NONE', #363, #1518, #1132, .T. ) ;
#291 = CARTESIAN_POINT ( 'NONE',  ( 1.024999999999999689, 0.0000000000000000000, -1.024999999999999911 ) ) ;
#292 = CARTESIAN_POINT ( 'NONE',  ( 0.6674999999999997602, -0.02500000000000000139, -0.3575000000000000400 ) ) ;
#293 = CARTESIAN_POINT ( 'NONE',  ( 0.7999999999999999334, -0.0000000000000000000, 1.024999999999999911 ) ) ;
#294 =( GEOMETRIC_REPRESENTATION_CONTEXT ( 3 ) GLOBAL_UNCERTAINTY_ASSIGNED_CONTEXT ( ( #2223 ) ) GLOBAL_UNIT_ASSIGNED_CONTEXT ( ( #1450, #1191, #2887 ) ) REPRESENTATION_CONTEXT ( 'NONE', 'WORKASPACE' ) );
#295 = VECTOR ( 'NONE', #1584, 1000.000000000000000 ) ;
#296 = ORIENTED_EDGE ( 'NONE', *, *, #630, .T. ) ;
#297 = DIRECTION ( 'NONE',  ( 0.0000000000000000000, -1.000000000000000000, 0.0000000000000000000 ) ) ;
#298 = ORIENTED_EDGE ( 'NONE', *, *, #3072, .F. ) ;
#299 = UNCERTAINTY_MEASURE_WITH_UNIT (LENGTH_MEASURE( 1.000000000000000082E-05 ), #320, 'distance_accuracy_value', 'NONE');
#300 = FILL_AREA_STYLE_COLOUR ( '', #864 ) ;
#301 = DIRECTION ( 'NONE',  ( 1.057758217059028854E-16, 0.0000000000000000000, 1.000000000000000000 ) ) ;
#302 = CARTESIAN_POINT ( 'NONE',  ( 0.6674999999999997602, 500000.0000000000582, -0.3575000000000000400 ) ) ;
#303 = DIRECTION ( 'NONE',  ( -0.0000000000000000000, -1.000000000000000000, -0.0000000000000000000 ) ) ;
#304 = DIRECTION ( 'NONE',  ( -0.0000000000000000000, -1.000000000000000000, -0.0000000000000000000 ) ) ;
#305 = LINE ( 'NONE', #989, #2605 ) ;
#306 = PLANE ( 'NONE',  #1578 ) ;
#307 = AXIS2_PLACEMENT_3D ( 'NONE', #2356, #828, #115 ) ;
#308 = DIRECTION ( 'NONE',  ( -0.0000000000000000000, -1.000000000000000000, -0.0000000000000000000 ) ) ;
#309 = VERTEX_POINT ( 'NONE', #921 ) ;
#310 = FACE_OUTER_BOUND ( 'NONE', #1290, .T. ) ;
#311 = EDGE_CURVE ( 'NONE', #1155, #2323, #2395, .T. ) ;
#312 = ADVANCED_FACE ( 'NONE', ( #416 ), #3184, .T. ) ;
#313 = VERTEX_POINT ( 'NONE', #780 ) ;
#314 = FACE_OUTER_BOUND ( 'NONE', #1916, .T. ) ;
#315 = CARTESIAN_POINT ( 'NONE',  ( 0.5499999999999998224, 0.2000000000066393113, -0.3575000000000000400 ) ) ;
#316 = CARTESIAN_POINT ( 'NONE',  ( 0.6003943632526922425, 500000.0000000000582, -0.7499999999999998890 ) ) ;
#317 = CARTESIAN_POINT ( 'NONE',  ( -0.2503943632526924312, 0.2000000000000000111, -0.7500000000000000000 ) ) ;
#318 = CARTESIAN_POINT ( 'NONE',  ( 0.0000000000000000000, 0.7500000000000000000, 0.0000000000000000000 ) ) ;
#319 =( LENGTH_UNIT ( ) NAMED_UNIT ( * ) SI_UNIT ( .MILLI., .METRE. ) );
#320 =( LENGTH_UNIT ( ) NAMED_UNIT ( * ) SI_UNIT ( .MILLI., .METRE. ) );
#321 = LINE ( 'NONE', #1540, #1264 ) ;
#322 = ORIENTED_EDGE ( 'NONE', *, *, #31, .T. ) ;
#323 = UNCERTAINTY_MEASURE_WITH_UNIT (LENGTH_MEASURE( 1.000000000000000082E-05 ), #2093, 'distance_accuracy_value', 'NONE');
#324 = VECTOR ( 'NONE', #886, 1000.000000000000000 ) ;
#325 = SURFACE_STYLE_USAGE ( .BOTH. , #639 ) ;
#326 = ORIENTED_EDGE ( 'NONE', *, *, #49, .T. ) ;
#327 = EDGE_CURVE ( 'NONE', #1391, #2119, #2509, .T. ) ;
#328 = ORIENTED_EDGE ( 'NONE', *, *, #48, .F. ) ;
#329 = EDGE_CURVE ( 'NONE', #2208, #638, #2738, .T. ) ;
#330 = ORIENTED_EDGE ( 'NONE', *, *, #924, .F. ) ;
#331 = VECTOR ( 'NONE', #1638, 1000.000000000000000 ) ;
#332 = AXIS2_PLACEMENT_3D ( 'NONE', #1388, #2639, #1630 ) ;
#333 = SURFACE_STYLE_USAGE ( .BOTH. , #2279 ) ;
#334 = AXIS2_PLACEMENT_3D ( 'NONE', #1857, #1369, #1643 ) ;
#335 = CARTESIAN_POINT ( 'NONE',  ( -1.024999999999999911, 0.0000000000000000000, 1.024999999999999911 ) ) ;
#336 =( NAMED_UNIT ( * ) SI_UNIT ( $, .STERADIAN. ) SOLID_ANGLE_UNIT ( ) );
#337 = VECTOR ( 'NONE', #533, 1000.000000000000000 ) ;
#338 = CARTESIAN_POINT ( 'NONE',  ( 0.5500000000000000444, 500000.0000000000582, 0.2775000000000000799 ) ) ;
#339 = CIRCLE ( 'NONE', #1525, 0.1003943632526924229 ) ;
#340 =( LENGTH_UNIT ( ) NAMED_UNIT ( * ) SI_UNIT ( .MILLI., .METRE. ) );
#341 = EDGE_LOOP ( 'NONE', ( #371, #3116, #382, #1324 ) ) ;
#342 = CIRCLE ( 'NONE', #963, 0.1003943632526923119 ) ;
#343 = VECTOR ( 'NONE', #28, 1000.000000000000000 ) ;
#344 = AXIS2_PLACEMENT_3D ( 'NONE', #1801, #3081, #2835 ) ;
#345 = EDGE_LOOP ( 'NONE', ( #2488, #843, #1408, #1208 ) ) ;
#346 = CARTESIAN_POINT ( 'NONE',  ( -0.1500000000000001332, 500000.0000000000582, 0.8503943632526923535 ) ) ;
#347 = VERTEX_POINT ( 'NONE', #1279 ) ;
#348 = SURFACE_STYLE_USAGE ( .BOTH. , #2588 ) ;
#349 = EDGE_CURVE ( 'NONE', #1675, #155, #1972, .T. ) ;
#350 = CARTESIAN_POINT ( 'NONE',  ( 0.6003943632526922425, 0.2000000000000000111, -0.8503943632526924645 ) ) ;
#351 = EDGE_CURVE ( 'NONE', #2100, #68, #2372, .T. ) ;
#352 = CARTESIAN_POINT ( 'NONE',  ( -0.3996056367473078130, 0.2000000000000000111, 0.8503943632526923535 ) ) ;
#353 = CARTESIAN_POINT ( 'NONE',  ( 0.6674999999999997602, 0.2000000000000000111, -0.3575000000000000400 ) ) ;
#354 = ORIENTED_EDGE ( 'NONE', *, *, #2327, .F. ) ;
#355 = PRODUCT_DEFINITION_CONTEXT ( 'detailed design', #1565, 'design' ) ;
#356 = SURFACE_STYLE_FILL_AREA ( #2564 ) ;
#357 = ORIENTED_EDGE ( 'NONE', *, *, #1617, .T. ) ;
#358 = FILL_AREA_STYLE ('',( #835 ) ) ;
#359 = ORIENTED_EDGE ( 'NONE', *, *, #1837, .T. ) ;
#360 =( NAMED_UNIT ( * ) PLANE_ANGLE_UNIT ( ) SI_UNIT ( $, .RADIAN. ) );
#361 =( LENGTH_UNIT ( ) NAMED_UNIT ( * ) SI_UNIT ( .MILLI., .METRE. ) );
#362 = DIRECTION ( 'NONE',  ( -0.0000000000000000000, -1.000000000000000000, -0.0000000000000000000 ) ) ;
#363 = VERTEX_POINT ( 'NONE', #222 ) ;
#364 = PLANE ( 'NONE',  #1889 ) ;
#365 = EDGE_CURVE ( 'NONE', #1192, #2604, #1795, .T. ) ;
#366 = EDGE_CURVE ( 'NONE', #2580, #2157, #2638, .T. ) ;
#367 = CARTESIAN_POINT ( 'NONE',  ( -1.024999999999999911, 0.7500000000000000000, 1.024999999999999911 ) ) ;
#368 = DIRECTION ( 'NONE',  ( 0.0000000000000000000, 0.0000000000000000000, 1.000000000000000000 ) ) ;
#369 = ORIENTED_EDGE ( 'NONE', *, *, #1448, .F. ) ;
#370 = LINE ( 'NONE', #123, #2479 ) ;
#371 = ORIENTED_EDGE ( 'NONE', *, *, #2901, .T. ) ;
#372 =( LENGTH_UNIT ( ) NAMED_UNIT ( * ) SI_UNIT ( .MILLI., .METRE. ) );
#373 = ORIENTED_EDGE ( 'NONE', *, *, #2468, .F. ) ;
#374 = STYLED_ITEM ( 'NONE', ( #2282 ), #2850 ) ;
#375 = PRODUCT_CONTEXT ( 'NONE', #2413, 'mechanical' ) ;
#376 = LINE ( 'NONE', #426, #717 ) ;
#377 = STYLED_ITEM ( 'NONE', ( #2921 ), #2461 ) ;
#378 = AXIS2_PLACEMENT_3D ( 'NONE', #767, #3021, #2817 ) ;
#379 = ORIENTED_EDGE ( 'NONE', *, *, #2752, .F. ) ;
#380 = AXIS2_PLACEMENT_3D ( 'NONE', #405, #689, #2860 ) ;
#381 = FILL_AREA_STYLE_COLOUR ( '', #1431 ) ;
#382 = ORIENTED_EDGE ( 'NONE', *, *, #1737, .F. ) ;
#383 = CARTESIAN_POINT ( 'NONE',  ( 0.6996056367473075799, 0.0000000000000000000, 0.7500000000000000000 ) ) ;
#384 =( NAMED_UNIT ( * ) SI_UNIT ( $, .STERADIAN. ) SOLID_ANGLE_UNIT ( ) );
#385 = PRESENTATION_LAYER_ASSIGNMENT (  '', '', ( #2731 ) ) ;
#386 =( GEOMETRIC_REPRESENTATION_CONTEXT ( 3 ) GLOBAL_UNCERTAINTY_ASSIGNED_CONTEXT ( ( #232 ) ) GLOBAL_UNIT_ASSIGNED_CONTEXT ( ( #2647, #1393, #2659 ) ) REPRESENTATION_CONTEXT ( 'NONE', 'WORKASPACE' ) );
#387 = ADVANCED_FACE ( 'NONE', ( #2230 ), #2756, .F. ) ;
#388 = DIRECTION ( 'NONE',  ( 1.000000000000000000, 0.0000000000000000000, 0.0000000000000000000 ) ) ;
#389 = CARTESIAN_POINT ( 'NONE',  ( 0.6003943632526922425, -0.0000000000000000000, 0.8503943632526924645 ) ) ;
#390 = ORIENTED_EDGE ( 'NONE', *, *, #2021, .T. ) ;
#391 = VECTOR ( 'NONE', #2583, 1000.000000000000000 ) ;
#392 = AXIS2_PLACEMENT_3D ( 'NONE', #3219, #1473, #1250 ) ;
#393 = EDGE_CURVE ( 'NONE', #2587, #1245, #506, .T. ) ;
#394 = VERTEX_POINT ( 'NONE', #1022 ) ;
#395 = AXIS2_PLACEMENT_3D ( 'NONE', #1845, #2854, #1800 ) ;
#396 = LINE ( 'NONE', #2387, #173 ) ;
#397 = ORIENTED_EDGE ( 'NONE', *, *, #2905, .F. ) ;
#398 = VECTOR ( 'NONE', #1502, 1000.000000000000000 ) ;
#399 = APPLICATION_PROTOCOL_DEFINITION ( 'draft international standard', 'automotive_design', 1998, #1565 ) ;
#400 = DIRECTION ( 'NONE',  ( -0.0000000000000000000, -1.000000000000000000, -0.0000000000000000000 ) ) ;
#401 = FACE_OUTER_BOUND ( 'NONE', #3214, .T. ) ;
#402 = EDGE_LOOP ( 'NONE', ( #397, #1395, #2616, #2909 ) ) ;
#403 =( NAMED_UNIT ( * ) SI_UNIT ( $, .STERADIAN. ) SOLID_ANGLE_UNIT ( ) );
#404 = LINE ( 'NONE', #2144, #1023 ) ;
#405 = CARTESIAN_POINT ( 'NONE',  ( 0.6996056367473075799, 500000.0000000000582, 0.8503943632526924645 ) ) ;
#406 = VERTEX_POINT ( 'NONE', #3008 ) ;
#407 = CARTESIAN_POINT ( 'NONE',  ( -0.8000000000000001554, 0.2000000000000000111, 1.024999999999999911 ) ) ;
#408 = STYLED_ITEM ( 'NONE', ( #707 ), #9 ) ;
#409 = EDGE_LOOP ( 'NONE', ( #693, #1649, #1137, #1442, #1508 ) ) ;
#410 = LINE ( 'NONE', #96, #1168 ) ;
#411 = ORIENTED_EDGE ( 'NONE', *, *, #1765, .F. ) ;
#412 = EDGE_CURVE ( 'NONE', #1275, #1903, #2158, .T. ) ;
#413 = VERTEX_POINT ( 'NONE', #240 ) ;
#414 = PLANE ( 'NONE',  #2322 ) ;
#415 = VERTEX_POINT ( 'NONE', #984 ) ;
#416 = FACE_OUTER_BOUND ( 'NONE', #2863, .T. ) ;
#417 = CARTESIAN_POINT ( 'NONE',  ( -0.2503943632526924312, 500000.0000000000582, -0.8503943632526923535 ) ) ;
#418 = CARTESIAN_POINT ( 'NONE',  ( 0.4999999999999997780, 500000.0000000000582, -1.024999999999999911 ) ) ;
#419 = CARTESIAN_POINT ( 'NONE',  ( 0.1499999999999998557, 0.2000000000000000111, -1.024999999999999911 ) ) ;
#420 = ORIENTED_EDGE ( 'NONE', *, *, #2569, .T. ) ;
#421 = LINE ( 'NONE', #1982, #1622 ) ;
#422 = UNCERTAINTY_MEASURE_WITH_UNIT (LENGTH_MEASURE( 1.000000000000000082E-05 ), #2457, 'distance_accuracy_value', 'NONE');
#423 = EDGE_CURVE ( 'NONE', #3122, #205, #2496, .T. ) ;
#424 = EDGE_CURVE ( 'NONE', #1060, #2236, #4, .T. ) ;
#425 = ORIENTED_EDGE ( 'NONE', *, *, #1877, .F. ) ;
#426 = CARTESIAN_POINT ( 'NONE',  ( -1.024999999999999911, 0.7500000000000000000, 1.024999999999999911 ) ) ;
#427 = VERTEX_POINT ( 'NONE', #998 ) ;
#428 = DIRECTION ( 'NONE',  ( -1.000000000000000000, 0.0000000000000000000, -0.0000000000000000000 ) ) ;
#429 = DIRECTION ( 'NONE',  ( -0.0000000000000000000, -1.000000000000000000, -0.0000000000000000000 ) ) ;
#430 = UNCERTAINTY_MEASURE_WITH_UNIT (LENGTH_MEASURE( 1.000000000000000082E-05 ), #1551, 'distance_accuracy_value', 'NONE');
#431 = MECHANICAL_DESIGN_GEOMETRIC_PRESENTATION_REPRESENTATION (  '', ( #758 ), #2257 ) ;
#432 = CARTESIAN_POINT ( 'NONE',  ( -0.3996056367473078130, -0.02500000000000000139, 0.7500000000000000000 ) ) ;
#433 = CARTESIAN_POINT ( 'NONE',  ( 0.6003943632526922425, 500000.0000000000582, -0.8503943632526924645 ) ) ;
#434 = PRESENTATION_LAYER_ASSIGNMENT (  '', '', ( #2631 ) ) ;
#435 = FACE_OUTER_BOUND ( 'NONE', #2087, .T. ) ;
#436 = STYLED_ITEM ( 'NONE', ( #1928 ), #1066 ) ;
#437 = ORIENTED_EDGE ( 'NONE', *, *, #2080, .F. ) ;
#438 = LINE ( 'NONE', #217, #2358 ) ;
#439 = ORIENTED_EDGE ( 'NONE', *, *, #290, .T. ) ;
#440 = PRESENTATION_LAYER_ASSIGNMENT (  '', '', ( #2792 ) ) ;
#441 = CIRCLE ( 'NONE', #962, 0.1003943632526923119 ) ;
#442 = VECTOR ( 'NONE', #2293, 1000.000000000000000 ) ;
#443 = ORIENTED_EDGE ( 'NONE', *, *, #3018, .T. ) ;
#444 = CARTESIAN_POINT ( 'NONE',  ( 0.7849999999999998090, 0.2000000000000000111, 0.2775000000000000799 ) ) ;
#445 =( GEOMETRIC_REPRESENTATION_CONTEXT ( 3 ) GLOBAL_UNCERTAINTY_ASSIGNED_CONTEXT ( ( #494 ) ) GLOBAL_UNIT_ASSIGNED_CONTEXT ( ( #1252, #1267, #2997 ) ) REPRESENTATION_CONTEXT ( 'NONE', 'WORKASPACE' ) );
#446 = COLOUR_RGB ( '',0.7686274509803920907, 0.7686274509803920907, 0.7686274509803920907 ) ;
#447 = EDGE_CURVE ( 'NONE', #1936, #413, #1458, .T. ) ;
#448 = CARTESIAN_POINT ( 'NONE',  ( 0.6674999999999998712, -0.0000000000000000000, 0.2775000000000000799 ) ) ;
#449 = VERTEX_POINT ( 'NONE', #2960 ) ;
#450 = CARTESIAN_POINT ( 'NONE',  ( -0.5000000000000002220, 0.2000000000000000111, 0.8503943632526923535 ) ) ;
#451 = CARTESIAN_POINT ( 'NONE',  ( -1.025000000000000133, 0.0000000000000000000, -1.024999999999999911 ) ) ;
#452 = DIRECTION ( 'NONE',  ( -0.0000000000000000000, -1.000000000000000000, -0.0000000000000000000 ) ) ;
#453 = ADVANCED_FACE ( 'NONE', ( #972 ), #1511, .F. ) ;
#454 = EDGE_CURVE ( 'NONE', #158, #2153, #40, .T. ) ;
#455 = PLANE ( 'NONE',  #665 ) ;
#456 = DIRECTION ( 'NONE',  ( 0.0000000000000000000, 0.0000000000000000000, -1.000000000000000000 ) ) ;
#457 =( LENGTH_UNIT ( ) NAMED_UNIT ( * ) SI_UNIT ( .MILLI., .METRE. ) );
#458 = DIRECTION ( 'NONE',  ( 0.0000000000000000000, 0.0000000000000000000, 1.000000000000000000 ) ) ;
#459 = ORIENTED_EDGE ( 'NONE', *, *, #1234, .T. ) ;
#460 = FILL_AREA_STYLE ('',( #2729 ) ) ;
#461 = DIRECTION ( 'NONE',  ( -3.104716985897143937E-16, 0.0000000000000000000, 1.000000000000000000 ) ) ;
#462 = ORIENTED_EDGE ( 'NONE', *, *, #2244, .T. ) ;
#463 = CLOSED_SHELL ( 'NONE', ( #2649, #2710, #2823, #740, #653, #1461, #2020, #453, #122, #2099, #1859, #1804, #3058, #844, #2805, #490, #867, #2448, #1513, #3129, #1285, #1915, #1674, #1959, #2524, #1164, #2262, #3136, #3158, #1087, #1383, #2607, #2725, #2996, #387, #988, #1958, #721, #1973, #3110, #1555 ) ) ;
#464 = ORIENTED_EDGE ( 'NONE', *, *, #2726, .F. ) ;
#465 = FILL_AREA_STYLE ('',( #2765 ) ) ;
#466 = CIRCLE ( 'NONE', #2551, 0.1174999999999999795 ) ;
#467 = CARTESIAN_POINT ( 'NONE',  ( 0.8000000000000005995, 0.0000000000000000000, -0.8503943632526922425 ) ) ;
#468 = FILL_AREA_STYLE_COLOUR ( '', #1330 ) ;
#469 = SURFACE_SIDE_STYLE ('',( #1683 ) ) ;
#470 = UNCERTAINTY_MEASURE_WITH_UNIT (LENGTH_MEASURE( 1.000000000000000082E-05 ), #1240, 'distance_accuracy_value', 'NONE');
#471 = EDGE_CURVE ( 'NONE', #2951, #2849, #339, .T. ) ;
#472 = FILL_AREA_STYLE ('',( #1261 ) ) ;
#473 = EDGE_CURVE ( 'NONE', #638, #2888, #2459, .T. ) ;
#474 = ORIENTED_EDGE ( 'NONE', *, *, #970, .F. ) ;
#475 = DIRECTION ( 'NONE',  ( -1.000000000000000000, 0.0000000000000000000, 0.0000000000000000000 ) ) ;
#476 = DIRECTION ( 'NONE',  ( 0.0000000000000000000, 0.0000000000000000000, -1.000000000000000000 ) ) ;
#477 = ORIENTED_EDGE ( 'NONE', *, *, #2545, .F. ) ;
#478 = CARTESIAN_POINT ( 'NONE',  ( -0.8000000000000001554, 500000.0000000000582, 1.024999999999999911 ) ) ;
#479 = VERTEX_POINT ( 'NONE', #582 ) ;
#480 = FACE_OUTER_BOUND ( 'NONE', #1905, .T. ) ;
#481 = LINE ( 'NONE', #255, #2780 ) ;
#482 = CARTESIAN_POINT ( 'NONE',  ( -0.1500000000000000777, 0.2000000000066393113, -1.024999999999999911 ) ) ;
#483 = CARTESIAN_POINT ( 'NONE',  ( -0.2503943632526924312, 0.2000000000066393113, -0.8503943632526923535 ) ) ;
#484 = FILL_AREA_STYLE_COLOUR ( '', #2376 ) ;
#485 = LINE ( 'NONE', #2500, #2047 ) ;
#486 = LINE ( 'NONE', #8, #1650 ) ;
#487 = CARTESIAN_POINT ( 'NONE',  ( 0.6996056367473081350, 0.2000000000000000111, -0.8503943632526924645 ) ) ;
#488 = VECTOR ( 'NONE', #1824, 1000.000000000000000 ) ;
#489 = EDGE_CURVE ( 'NONE', #1554, #2254, #870, .T. ) ;
#490 = ADVANCED_FACE ( 'NONE', ( #2830 ), #1295, .F. ) ;
#491 = ORIENTED_EDGE ( 'NONE', *, *, #2688, .F. ) ;
#492 = DIRECTION ( 'NONE',  ( 1.000000000000000000, -0.0000000000000000000, 6.209433971794283930E-16 ) ) ;
#493 = ORIENTED_EDGE ( 'NONE', *, *, #192, .F. ) ;
#494 = UNCERTAINTY_MEASURE_WITH_UNIT (LENGTH_MEASURE( 1.000000000000000082E-05 ), #1252, 'distance_accuracy_value', 'NONE');
#495 = EDGE_CURVE ( 'NONE', #2890, #899, #1581, .T. ) ;
#496 = CIRCLE ( 'NONE', #334, 0.1003943632526924229 ) ;
#497 =( LENGTH_UNIT ( ) NAMED_UNIT ( * ) SI_UNIT ( .MILLI., .METRE. ) );
#498 =( GEOMETRIC_REPRESENTATION_CONTEXT ( 3 ) GLOBAL_UNCERTAINTY_ASSIGNED_CONTEXT ( ( #323 ) ) GLOBAL_UNIT_ASSIGNED_CONTEXT ( ( #2093, #586, #2334 ) ) REPRESENTATION_CONTEXT ( 'NONE', 'WORKASPACE' ) );
#499 = ORIENTED_EDGE ( 'NONE', *, *, #1556, .F. ) ;
#500 = LINE ( 'NONE', #38, #607 ) ;
#501 = VECTOR ( 'NONE', #2289, 1000.000000000000000 ) ;
#502 = AXIS2_PLACEMENT_3D ( 'NONE', #2654, #1196, #684 ) ;
#503 = AXIS2_PLACEMENT_3D ( 'NONE', #407, #2677, #1396 ) ;
#504 = CARTESIAN_POINT ( 'NONE',  ( -0.2503943632526924312, 0.2000000000000000111, 0.8503943632526923535 ) ) ;
#505 = PRESENTATION_LAYER_ASSIGNMENT (  '', '', ( #436 ) ) ;
#506 = LINE ( 'NONE', #2260, #2892 ) ;
#507 = UNCERTAINTY_MEASURE_WITH_UNIT (LENGTH_MEASURE( 1.000000000000000082E-05 ), #3112, 'distance_accuracy_value', 'NONE');
#508 = PRESENTATION_LAYER_ASSIGNMENT (  '', '', ( #969 ) ) ;
#509 = CARTESIAN_POINT ( 'NONE',  ( -0.5000000000000002220, 500000.0000000000582, 0.8503943632526923535 ) ) ;
#510 = DIRECTION ( 'NONE',  ( 0.0000000000000000000, 0.0000000000000000000, -1.000000000000000000 ) ) ;
#511 = DIRECTION ( 'NONE',  ( -1.000000000000000000, 0.0000000000000000000, -0.0000000000000000000 ) ) ;
#512 = SURFACE_SIDE_STYLE ('',( #1480 ) ) ;
#513 = ORIENTED_EDGE ( 'NONE', *, *, #739, .F. ) ;
#514 = CARTESIAN_POINT ( 'NONE',  ( 0.5500000000000000444, 0.2000000000000000111, 0.2775000000000000799 ) ) ;
#515 = VERTEX_POINT ( 'NONE', #601 ) ;
#516 = EDGE_CURVE ( 'NONE', #2347, #2100, #551, .T. ) ;
#517 =( NAMED_UNIT ( * ) PLANE_ANGLE_UNIT ( ) SI_UNIT ( $, .RADIAN. ) );
#518 = COLOUR_RGB ( '',0.7686274509803920907, 0.7686274509803920907, 0.7686274509803920907 ) ;
#519 = CYLINDRICAL_SURFACE ( 'NONE', #378, 0.1003943632526924229 ) ;
#520 = CARTESIAN_POINT ( 'NONE',  ( 0.6003943632526922425, 0.2000000000000000111, -0.7499999999999998890 ) ) ;
#521 = DIRECTION ( 'NONE',  ( 3.104716985897143937E-16, 0.0000000000000000000, -1.000000000000000000 ) ) ;
#522 = FILL_AREA_STYLE ('',( #3070 ) ) ;
#523 = CARTESIAN_POINT ( 'NONE',  ( -0.1500000000000001332, 0.2000000000000000111, 0.8503943632526923535 ) ) ;
#524 = DIRECTION ( 'NONE',  ( 0.0000000000000000000, -1.000000000000000000, 0.0000000000000000000 ) ) ;
#525 = VERTEX_POINT ( 'NONE', #1047 ) ;
#526 = DIRECTION ( 'NONE',  ( 0.0000000000000000000, -1.000000000000000000, 0.0000000000000000000 ) ) ;
#527 = VERTEX_POINT ( 'NONE', #52 ) ;
#528 = UNCERTAINTY_MEASURE_WITH_UNIT (LENGTH_MEASURE( 1.000000000000000082E-05 ), #319, 'distance_accuracy_value', 'NONE');
#529 = DIRECTION ( 'NONE',  ( 0.0000000000000000000, 0.0000000000000000000, -1.000000000000000000 ) ) ;
#530 = SURFACE_STYLE_FILL_AREA ( #2494 ) ;
#531 = EDGE_CURVE ( 'NONE', #1157, #1933, #2593, .T. ) ;
#532 = FACE_OUTER_BOUND ( 'NONE', #2656, .T. ) ;
#533 = DIRECTION ( 'NONE',  ( -1.000000000000000000, 0.0000000000000000000, 0.0000000000000000000 ) ) ;
#534 = CARTESIAN_POINT ( 'NONE',  ( -0.2503943632526924312, 0.0000000000000000000, 0.7500000000000000000 ) ) ;
#535 = LINE ( 'NONE', #2788, #1832 ) ;
#536 = SURFACE_STYLE_USAGE ( .BOTH. , #2030 ) ;
#537 = CARTESIAN_POINT ( 'NONE',  ( 0.4999999999999997780, 0.2000000000000000111, 1.024999999999999911 ) ) ;
#538 = ORIENTED_EDGE ( 'NONE', *, *, #775, .T. ) ;
#539 = CARTESIAN_POINT ( 'NONE',  ( 0.0000000000000000000, 0.7500000000000000000, 0.0000000000000000000 ) ) ;
#540 = ORIENTED_EDGE ( 'NONE', *, *, #1402, .T. ) ;
#541 =( GEOMETRIC_REPRESENTATION_CONTEXT ( 3 ) GLOBAL_UNCERTAINTY_ASSIGNED_CONTEXT ( ( #268 ) ) GLOBAL_UNIT_ASSIGNED_CONTEXT ( ( #156, #941, #1453 ) ) REPRESENTATION_CONTEXT ( 'NONE', 'WORKASPACE' ) );
#542 =( GEOMETRIC_REPRESENTATION_CONTEXT ( 3 ) GLOBAL_UNCERTAINTY_ASSIGNED_CONTEXT ( ( #1475 ) ) GLOBAL_UNIT_ASSIGNED_CONTEXT ( ( #1900, #2615, #118 ) ) REPRESENTATION_CONTEXT ( 'NONE', 'WORKASPACE' ) );
#543 = LINE ( 'NONE', #2005, #2992 ) ;
#544 = DIRECTION ( 'NONE',  ( -0.0000000000000000000, -1.000000000000000000, -0.0000000000000000000 ) ) ;
#545 = DIRECTION ( 'NONE',  ( 0.0000000000000000000, -0.0000000000000000000, -1.000000000000000000 ) ) ;
#546 = STYLED_ITEM ( 'NONE', ( #1298 ), #2809 ) ;
#547 = CARTESIAN_POINT ( 'NONE',  ( 0.4999999999999997780, 500000.0000000000582, -1.024999999999999911 ) ) ;
#548 =( GEOMETRIC_REPRESENTATION_CONTEXT ( 3 ) GLOBAL_UNCERTAINTY_ASSIGNED_CONTEXT ( ( #2812 ) ) GLOBAL_UNIT_ASSIGNED_CONTEXT ( ( #3054, #1084, #3037 ) ) REPRESENTATION_CONTEXT ( 'NONE', 'WORKASPACE' ) );
#549 = DIRECTION ( 'NONE',  ( 0.0000000000000000000, -1.000000000000000000, 0.0000000000000000000 ) ) ;
#550 = VECTOR ( 'NONE', #1500, 1000.000000000000000 ) ;
#551 = CIRCLE ( 'NONE', #2162, 0.1174999999999999795 ) ;
#552 = LINE ( 'NONE', #100, #2699 ) ;
#553 = CARTESIAN_POINT ( 'NONE',  ( 0.6996056367473081350, 0.2000000000000000111, -0.7499999999999998890 ) ) ;
#554 = EDGE_CURVE ( 'NONE', #1506, #2681, #75, .T. ) ;
#555 =( LENGTH_UNIT ( ) NAMED_UNIT ( * ) SI_UNIT ( .MILLI., .METRE. ) );
#556 = PLANE ( 'NONE',  #610 ) ;
#557 = ORIENTED_EDGE ( 'NONE', *, *, #2446, .F. ) ;
#558 = CIRCLE ( 'NONE', #1733, 0.1174999999999998684 ) ;
#559 = DIRECTION ( 'NONE',  ( 1.000000000000000000, 0.0000000000000000000, -6.209433971794287875E-16 ) ) ;
#560 = ORIENTED_EDGE ( 'NONE', *, *, #589, .T. ) ;
#561 = CARTESIAN_POINT ( 'NONE',  ( -0.1500000000000001332, -0.02500000000000000139, 0.8503943632526923535 ) ) ;
#562 = DIRECTION ( 'NONE',  ( 0.0000000000000000000, -1.000000000000000000, 0.0000000000000000000 ) ) ;
#563 = ORIENTED_EDGE ( 'NONE', *, *, #1003, .T. ) ;
#564 = CARTESIAN_POINT ( 'NONE',  ( -0.1500000000000000777, 0.2000000000000000111, 1.024999999999999911 ) ) ;
#565 = PLANE ( 'NONE',  #120 ) ;
#566 = CLOSED_SHELL ( 'NONE', ( #312, #1286, #3175, #9, #824, #6, #2803, #2224 ) ) ;
#567 = FACE_BOUND ( 'NONE', #2652, .T. ) ;
#568 = FILL_AREA_STYLE ('',( #827 ) ) ;
#569 = DIRECTION ( 'NONE',  ( 1.707404996040164018E-16, 0.0000000000000000000, 1.000000000000000000 ) ) ;
#570 = CARTESIAN_POINT ( 'NONE',  ( -0.3996056367473078130, 0.2000000000000000111, 0.7500000000000000000 ) ) ;
#571 = EDGE_CURVE ( 'NONE', #2349, #1539, #1814, .T. ) ;
#572 = ADVANCED_FACE ( 'NONE', ( #2329 ), #3078, .T. ) ;
#573 =( NAMED_UNIT ( * ) SI_UNIT ( $, .STERADIAN. ) SOLID_ANGLE_UNIT ( ) );
#574 = FILL_AREA_STYLE_COLOUR ( '', #2312 ) ;
#575 = ORIENTED_EDGE ( 'NONE', *, *, #1673, .T. ) ;
#576 =( NAMED_UNIT ( * ) PLANE_ANGLE_UNIT ( ) SI_UNIT ( $, .RADIAN. ) );
#577 = ORIENTED_EDGE ( 'NONE', *, *, #2507, .F. ) ;
#578 =( NAMED_UNIT ( * ) PLANE_ANGLE_UNIT ( ) SI_UNIT ( $, .RADIAN. ) );
#579 = ORIENTED_EDGE ( 'NONE', *, *, #588, .T. ) ;
#580 = LINE ( 'NONE', #2399, #2589 ) ;
#581 = DIRECTION ( 'NONE',  ( 0.0000000000000000000, 0.0000000000000000000, -1.000000000000000000 ) ) ;
#582 = CARTESIAN_POINT ( 'NONE',  ( -0.5000000000000002220, 0.0000000000000000000, 0.8503943632526923535 ) ) ;
#583 = PRESENTATION_STYLE_ASSIGNMENT (( #2061 ) ) ;
#584 = LINE ( 'NONE', #814, #651 ) ;
#585 = DIRECTION ( 'NONE',  ( 0.0000000000000000000, -0.0000000000000000000, -1.000000000000000000 ) ) ;
#586 =( NAMED_UNIT ( * ) PLANE_ANGLE_UNIT ( ) SI_UNIT ( $, .RADIAN. ) );
#587 = ORIENTED_EDGE ( 'NONE', *, *, #2288, .F. ) ;
#588 = EDGE_CURVE ( 'NONE', #2665, #820, #2743, .T. ) ;
#589 = EDGE_CURVE ( 'NONE', #682, #2049, #658, .T. ) ;
#590 =( GEOMETRIC_REPRESENTATION_CONTEXT ( 3 ) GLOBAL_UNCERTAINTY_ASSIGNED_CONTEXT ( ( #2198 ) ) GLOBAL_UNIT_ASSIGNED_CONTEXT ( ( #2035, #1523, #2754 ) ) REPRESENTATION_CONTEXT ( 'NONE', 'WORKASPACE' ) );
#591 = LINE ( 'NONE', #2617, #391 ) ;
#592 = ORIENTED_EDGE ( 'NONE', *, *, #677, .T. ) ;
#593 = CARTESIAN_POINT ( 'NONE',  ( -0.8000000000000001554, -0.02500000000000000139, -1.024999999999999911 ) ) ;
#594 = ORIENTED_EDGE ( 'NONE', *, *, #1304, .T. ) ;
#595 = SURFACE_STYLE_FILL_AREA ( #2828 ) ;
#596 = EDGE_CURVE ( 'NONE', #2191, #730, #69, .T. ) ;
#597 = EDGE_CURVE ( 'NONE', #1506, #1275, #2556, .T. ) ;
#598 = VECTOR ( 'NONE', #1494, 1000.000000000000000 ) ;
#599 = COLOUR_RGB ( '',0.7686274509803920907, 0.7686274509803920907, 0.7686274509803920907 ) ;
#600 = PRESENTATION_LAYER_ASSIGNMENT (  '', '', ( #110 ) ) ;
#601 = CARTESIAN_POINT ( 'NONE',  ( -0.2503943632526924312, 0.2000000000066393113, -0.7500000000000000000 ) ) ;
#602 = MECHANICAL_DESIGN_GEOMETRIC_PRESENTATION_REPRESENTATION (  '', ( #2168 ), #1898 ) ;
#603 = MECHANICAL_DESIGN_GEOMETRIC_PRESENTATION_REPRESENTATION (  '', ( #14 ), #20 ) ;
#604 = PRESENTATION_LAYER_ASSIGNMENT (  '', '', ( #855 ) ) ;
#605 = CARTESIAN_POINT ( 'NONE',  ( 0.8000000000000007105, 0.2000000000066393113, -1.024999999999999911 ) ) ;
#606 = AXIS2_PLACEMENT_3D ( 'NONE', #2505, #3003, #1040 ) ;
#607 = VECTOR ( 'NONE', #1258, 1000.000000000000000 ) ;
#608 = CARTESIAN_POINT ( 'NONE',  ( 0.4999999999999997780, 0.2000000000000000111, -1.024999999999999911 ) ) ;
#609 = VERTEX_POINT ( 'NONE', #667 ) ;
#610 = AXIS2_PLACEMENT_3D ( 'NONE', #2313, #1090, #3073 ) ;
#611 =( GEOMETRIC_REPRESENTATION_CONTEXT ( 3 ) GLOBAL_UNCERTAINTY_ASSIGNED_CONTEXT ( ( #209 ) ) GLOBAL_UNIT_ASSIGNED_CONTEXT ( ( #1964, #1034, #1476 ) ) REPRESENTATION_CONTEXT ( 'NONE', 'WORKASPACE' ) );
#612 = FACE_OUTER_BOUND ( 'NONE', #794, .T. ) ;
#613 = VERTEX_POINT ( 'NONE', #2125 ) ;
#614 = ORIENTED_EDGE ( 'NONE', *, *, #2082, .F. ) ;
#615 = EDGE_CURVE ( 'NONE', #2153, #3114, #1019, .T. ) ;
#616 = DIRECTION ( 'NONE',  ( 0.0000000000000000000, 0.0000000000000000000, -1.000000000000000000 ) ) ;
#617 = CARTESIAN_POINT ( 'NONE',  ( -1.025000000000000133, 0.7500000000000000000, -1.024999999999999911 ) ) ;
#618 = ORIENTED_EDGE ( 'NONE', *, *, #1512, .T. ) ;
#619 = LINE ( 'NONE', #1113, #2256 ) ;
#620 =( NAMED_UNIT ( * ) SI_UNIT ( $, .STERADIAN. ) SOLID_ANGLE_UNIT ( ) );
#621 = STYLED_ITEM ( 'NONE', ( #3222 ), #87 ) ;
#622 = DIRECTION ( 'NONE',  ( 0.0000000000000000000, -1.000000000000000000, 0.0000000000000000000 ) ) ;
#623 = ORIENTED_EDGE ( 'NONE', *, *, #2225, .F. ) ;
#624 = LINE ( 'NONE', #1608, #2371 ) ;
#625 = ORIENTED_EDGE ( 'NONE', *, *, #2182, .T. ) ;
#626 = DIRECTION ( 'NONE',  ( 0.0000000000000000000, -1.000000000000000000, 0.0000000000000000000 ) ) ;
#627 = ORIENTED_EDGE ( 'NONE', *, *, #1425, .F. ) ;
#628 = DIRECTION ( 'NONE',  ( 1.000000000000000000, 0.0000000000000000000, 0.0000000000000000000 ) ) ;
#629 = ORIENTED_EDGE ( 'NONE', *, *, #1485, .F. ) ;
#630 = EDGE_CURVE ( 'NONE', #515, #2599, #2685, .T. ) ;
#631 = EDGE_CURVE ( 'NONE', #2254, #2951, #2177, .T. ) ;
#632 = DIRECTION ( 'NONE',  ( 0.0000000000000000000, -1.000000000000000000, 0.0000000000000000000 ) ) ;
#633 = EDGE_LOOP ( 'NONE', ( #1243, #182, #2935, #1919 ) ) ;
#634 = LINE ( 'NONE', #2379, #1985 ) ;
#635 = FACE_OUTER_BOUND ( 'NONE', #2610, .T. ) ;
#636 = DIRECTION ( 'NONE',  ( 0.0000000000000000000, -1.000000000000000000, 0.0000000000000000000 ) ) ;
#637 = PRESENTATION_STYLE_ASSIGNMENT (( #1806 ) ) ;
#638 = VERTEX_POINT ( 'NONE', #2865 ) ;
#639 = SURFACE_SIDE_STYLE ('',( #356 ) ) ;
#640 = ORIENTED_EDGE ( 'NONE', *, *, #2848, .T. ) ;
#641 =( NAMED_UNIT ( * ) PLANE_ANGLE_UNIT ( ) SI_UNIT ( $, .RADIAN. ) );
#642 = STYLED_ITEM ( 'NONE', ( #839 ), #2982 ) ;
#643 = CARTESIAN_POINT ( 'NONE',  ( 0.4999999999999997780, -0.0000000000000000000, 1.024999999999999911 ) ) ;
#644 = MECHANICAL_DESIGN_GEOMETRIC_PRESENTATION_REPRESENTATION (  '', ( #377 ), #541 ) ;
#645 = MECHANICAL_DESIGN_GEOMETRIC_PRESENTATION_REPRESENTATION (  '', ( #2834 ), #2366 ) ;
#646 = EDGE_LOOP ( 'NONE', ( #1865, #2402, #2645, #2841 ) ) ;
#647 = VECTOR ( 'NONE', #2215, 1000.000000000000000 ) ;
#648 = ORIENTED_EDGE ( 'NONE', *, *, #1499, .T. ) ;
#649 = SURFACE_STYLE_USAGE ( .BOTH. , #2595 ) ;
#650 =( NAMED_UNIT ( * ) PLANE_ANGLE_UNIT ( ) SI_UNIT ( $, .RADIAN. ) );
#651 = VECTOR ( 'NONE', #1783, 1000.000000000000000 ) ;
#652 =( GEOMETRIC_REPRESENTATION_CONTEXT ( 3 ) GLOBAL_UNCERTAINTY_ASSIGNED_CONTEXT ( ( #528 ) ) GLOBAL_UNIT_ASSIGNED_CONTEXT ( ( #319, #858, #620 ) ) REPRESENTATION_CONTEXT ( 'NONE', 'WORKASPACE' ) );
#653 = ADVANCED_FACE ( 'NONE', ( #1405 ), #2156, .F. ) ;
#654 = FACE_OUTER_BOUND ( 'NONE', #1981, .T. ) ;
#655 = FILL_AREA_STYLE_COLOUR ( '', #278 ) ;
#656 = CARTESIAN_POINT ( 'NONE',  ( -0.5000000000000002220, 0.2000000000000000111, 0.8503943632526923535 ) ) ;
#657 = VECTOR ( 'NONE', #2239, 1000.000000000000000 ) ;
#658 = CIRCLE ( 'NONE', #1334, 0.1174999999999999795 ) ;
#659 = DIRECTION ( 'NONE',  ( -1.000000000000000000, 0.0000000000000000000, -3.104716985897143937E-16 ) ) ;
#660 = MECHANICAL_DESIGN_GEOMETRIC_PRESENTATION_REPRESENTATION (  '', ( #2272 ), #2946 ) ;
#661 = ORIENTED_EDGE ( 'NONE', *, *, #1206, .T. ) ;
#662 = AXIS2_PLACEMENT_3D ( 'NONE', #2090, #3051, #2036 ) ;
#663 = SURFACE_SIDE_STYLE ('',( #3125 ) ) ;
#664 = VERTEX_POINT ( 'NONE', #2912 ) ;
#665 = AXIS2_PLACEMENT_3D ( 'NONE', #194, #2447, #1433 ) ;
#666 = ORIENTED_EDGE ( 'NONE', *, *, #2021, .F. ) ;
#667 = CARTESIAN_POINT ( 'NONE',  ( -0.5000000000000001110, -0.02500000000000000139, 1.024999999999999911 ) ) ;
#668 = ORIENTED_EDGE ( 'NONE', *, *, #412, .F. ) ;
#669 = ORIENTED_EDGE ( 'NONE', *, *, #471, .T. ) ;
#670 = PRESENTATION_STYLE_ASSIGNMENT (( #1893 ) ) ;
#671 = LINE ( 'NONE', #2658, #2105 ) ;
#672 = DIRECTION ( 'NONE',  ( 0.0000000000000000000, 0.0000000000000000000, 1.000000000000000000 ) ) ;
#673 = SURFACE_SIDE_STYLE ('',( #3172 ) ) ;
#674 = DIRECTION ( 'NONE',  ( 0.0000000000000000000, 0.0000000000000000000, -1.000000000000000000 ) ) ;
#675 =( NAMED_UNIT ( * ) PLANE_ANGLE_UNIT ( ) SI_UNIT ( $, .RADIAN. ) );
#676 = LINE ( 'NONE', #709, #915 ) ;
#677 = EDGE_CURVE ( 'NONE', #1796, #730, #376, .T. ) ;
#678 = EDGE_CURVE ( 'NONE', #1157, #1192, #882, .T. ) ;
#679 = PRESENTATION_STYLE_ASSIGNMENT (( #1902 ) ) ;
#680 = VERTEX_POINT ( 'NONE', #2640 ) ;
#681 = DIRECTION ( 'NONE',  ( -1.000000000000000000, 0.0000000000000000000, 0.0000000000000000000 ) ) ;
#682 = VERTEX_POINT ( 'NONE', #183 ) ;
#683 = ORIENTED_EDGE ( 'NONE', *, *, #1001, .F. ) ;
#684 = DIRECTION ( 'NONE',  ( 0.0000000000000000000, 0.0000000000000000000, 1.000000000000000000 ) ) ;
#685 = ORIENTED_EDGE ( 'NONE', *, *, #162, .F. ) ;
#686 = CARTESIAN_POINT ( 'NONE',  ( 0.6003943632526922425, 0.2000000000000000111, 0.7499999999999998890 ) ) ;
#687 = CARTESIAN_POINT ( 'NONE',  ( 0.8000000000000005995, 500000.0000000000582, -0.8503943632526922425 ) ) ;
#688 = CARTESIAN_POINT ( 'NONE',  ( 0.6674999999999997602, 0.2000000000000000111, -0.3575000000000000400 ) ) ;
#689 = DIRECTION ( 'NONE',  ( 0.0000000000000000000, -1.000000000000000000, 0.0000000000000000000 ) ) ;
#690 = DIRECTION ( 'NONE',  ( -1.000000000000000000, 0.0000000000000000000, 0.0000000000000000000 ) ) ;
#691 = DIRECTION ( 'NONE',  ( 6.209433971794287875E-16, -0.0000000000000000000, 1.000000000000000000 ) ) ;
#692 = CYLINDRICAL_SURFACE ( 'NONE', #1527, 0.1174999999999999795 ) ;
#693 = ORIENTED_EDGE ( 'NONE', *, *, #1935, .F. ) ;
#694 = DIRECTION ( 'NONE',  ( -0.0000000000000000000, 0.0000000000000000000, 1.000000000000000000 ) ) ;
#695 = EDGE_CURVE ( 'NONE', #2706, #891, #159, .T. ) ;
#696 = VERTEX_POINT ( 'NONE', #896 ) ;
#697 = EDGE_CURVE ( 'NONE', #2633, #2999, #3113, .T. ) ;
#698 = ORIENTED_EDGE ( 'NONE', *, *, #366, .F. ) ;
#699 = DIRECTION ( 'NONE',  ( -0.0000000000000000000, -1.000000000000000000, -0.0000000000000000000 ) ) ;
#700 = CARTESIAN_POINT ( 'NONE',  ( -0.5000000000000001110, 500000.0000000000582, -1.024999999999999911 ) ) ;
#701 = COLOUR_RGB ( '',0.7686274509803920907, 0.7686274509803920907, 0.7686274509803920907 ) ;
#702 = DIRECTION ( 'NONE',  ( 0.0000000000000000000, -1.000000000000000000, 0.0000000000000000000 ) ) ;
#703 = DIRECTION ( 'NONE',  ( -6.209433971794283930E-16, -0.0000000000000000000, 1.000000000000000000 ) ) ;
#704 = DIRECTION ( 'NONE',  ( 0.0000000000000000000, 0.0000000000000000000, -1.000000000000000000 ) ) ;
#705 = DIRECTION ( 'NONE',  ( 0.0000000000000000000, -1.000000000000000000, 0.0000000000000000000 ) ) ;
#706 = CARTESIAN_POINT ( 'NONE',  ( -0.2503943632526924312, 0.2000000000000000111, 0.8503943632526923535 ) ) ;
#707 = PRESENTATION_STYLE_ASSIGNMENT (( #908 ) ) ;
#708 =( GEOMETRIC_REPRESENTATION_CONTEXT ( 3 ) GLOBAL_UNCERTAINTY_ASSIGNED_CONTEXT ( ( #430 ) ) GLOBAL_UNIT_ASSIGNED_CONTEXT ( ( #1551, #1563, #336 ) ) REPRESENTATION_CONTEXT ( 'NONE', 'WORKASPACE' ) );
#709 = CARTESIAN_POINT ( 'NONE',  ( -0.5000000000000001110, 0.0000000000000000000, 1.024999999999999911 ) ) ;
#710 = COLOUR_RGB ( '',0.7686274509803920907, 0.7686274509803920907, 0.7686274509803920907 ) ;
#711 = CARTESIAN_POINT ( 'NONE',  ( -0.1500000000000001332, 500000.0000000000582, -0.8503943632526923535 ) ) ;
#712 = ORIENTED_EDGE ( 'NONE', *, *, #2426, .T. ) ;
#713 = DIRECTION ( 'NONE',  ( 0.0000000000000000000, -1.000000000000000000, 0.0000000000000000000 ) ) ;
#714 = ORIENTED_EDGE ( 'NONE', *, *, #1262, .F. ) ;
#715 = VECTOR ( 'NONE', #2949, 1000.000000000000000 ) ;
#716 = VECTOR ( 'NONE', #932, 1000.000000000000000 ) ;
#717 = VECTOR ( 'NONE', #400, 1000.000000000000000 ) ;
#718 = VERTEX_POINT ( 'NONE', #2670 ) ;
#719 = CARTESIAN_POINT ( 'NONE',  ( -0.3996056367473078130, 0.0000000000000000000, 0.8503943632526923535 ) ) ;
#720 = COLOUR_RGB ( '',0.7686274509803920907, 0.7686274509803920907, 0.7686274509803920907 ) ;
#721 = ADVANCED_FACE ( 'NONE', ( #2621 ), #2442, .F. ) ;
#722 = EDGE_CURVE ( 'NONE', #664, #891, #1646, .T. ) ;
#723 =( GEOMETRIC_REPRESENTATION_CONTEXT ( 3 ) GLOBAL_UNCERTAINTY_ASSIGNED_CONTEXT ( ( #986 ) ) GLOBAL_UNIT_ASSIGNED_CONTEXT ( ( #2661, #2012, #2214 ) ) REPRESENTATION_CONTEXT ( 'NONE', 'WORKASPACE' ) );
#724 = CARTESIAN_POINT ( 'NONE',  ( -0.3996056367473078130, 0.2000000000000000111, -0.7500000000000000000 ) ) ;
#725 = CARTESIAN_POINT ( 'NONE',  ( 0.5499999999999998224, -0.02500000000000000139, -0.3575000000000000400 ) ) ;
#726 = PRESENTATION_STYLE_ASSIGNMENT (( #951 ) ) ;
#727 = FILL_AREA_STYLE ('',( #1152 ) ) ;
#728 = LINE ( 'NONE', #153, #1993 ) ;
#729 = PLANE ( 'NONE',  #2167 ) ;
#730 = VERTEX_POINT ( 'NONE', #919 ) ;
#731 = PRESENTATION_STYLE_ASSIGNMENT (( #2204 ) ) ;
#732 = LINE ( 'NONE', #2174, #2626 ) ;
#733 = ORIENTED_EDGE ( 'NONE', *, *, #1818, .T. ) ;
#734 = VERTEX_POINT ( 'NONE', #2875 ) ;
#735 = DIRECTION ( 'NONE',  ( 0.0000000000000000000, 0.0000000000000000000, -1.000000000000000000 ) ) ;
#736 =( GEOMETRIC_REPRESENTATION_CONTEXT ( 3 ) GLOBAL_UNCERTAINTY_ASSIGNED_CONTEXT ( ( #1918 ) ) GLOBAL_UNIT_ASSIGNED_CONTEXT ( ( #2994, #1503, #1604 ) ) REPRESENTATION_CONTEXT ( 'NONE', 'WORKASPACE' ) );
#737 = CARTESIAN_POINT ( 'NONE',  ( -0.1500000000000000777, -0.02500000000000000139, -1.024999999999999911 ) ) ;
#738 = CARTESIAN_POINT ( 'NONE',  ( -1.025000000000000133, 0.7500000000000000000, -1.024999999999999911 ) ) ;
#739 = EDGE_CURVE ( 'NONE', #2599, #1096, #1173, .T. ) ;
#740 = ADVANCED_FACE ( 'NONE', ( #1661, #3166 ), #414, .F. ) ;
#741 = CARTESIAN_POINT ( 'NONE',  ( 0.7849999999999998090, 0.2000000000000000111, 0.2775000000000000799 ) ) ;
#742 = UNCERTAINTY_MEASURE_WITH_UNIT (LENGTH_MEASURE( 1.000000000000000082E-05 ), #1813, 'distance_accuracy_value', 'NONE');
#743 = LINE ( 'NONE', #2499, #32 ) ;
#744 = FILL_AREA_STYLE_COLOUR ( '', #44 ) ;
#745 = EDGE_CURVE ( 'NONE', #3187, #2456, #1180, .T. ) ;
#746 = DIRECTION ( 'NONE',  ( -1.000000000000000000, 0.0000000000000000000, -0.0000000000000000000 ) ) ;
#747 = ORIENTED_EDGE ( 'NONE', *, *, #2923, .T. ) ;
#748 = CARTESIAN_POINT ( 'NONE',  ( 0.6003943632526922425, 0.0000000000000000000, -0.8503943632526924645 ) ) ;
#749 = DIRECTION ( 'NONE',  ( -0.0000000000000000000, -0.0000000000000000000, -1.000000000000000000 ) ) ;
#750 = ORIENTED_EDGE ( 'NONE', *, *, #2403, .F. ) ;
#751 = DIRECTION ( 'NONE',  ( -6.209433971794283930E-16, -0.0000000000000000000, 1.000000000000000000 ) ) ;
#752 = DIRECTION ( 'NONE',  ( -1.000000000000000000, 0.0000000000000000000, 1.707404996040164018E-16 ) ) ;
#753 = DIRECTION ( 'NONE',  ( 0.0000000000000000000, -0.0000000000000000000, 1.000000000000000000 ) ) ;
#754 = LINE ( 'NONE', #1728, #2690 ) ;
#755 =( NAMED_UNIT ( * ) PLANE_ANGLE_UNIT ( ) SI_UNIT ( $, .RADIAN. ) );
#756 = LINE ( 'NONE', #509, #647 ) ;
#757 = SURFACE_STYLE_USAGE ( .BOTH. , #2975 ) ;
#758 = STYLED_ITEM ( 'NONE', ( #1125 ), #2345 ) ;
#759 = AXIS2_PLACEMENT_3D ( 'NONE', #504, #189, #1457 ) ;
#760 = VERTEX_POINT ( 'NONE', #1676 ) ;
#761 = DIRECTION ( 'NONE',  ( -1.000000000000000000, -0.0000000000000000000, -0.0000000000000000000 ) ) ;
#762 = ORIENTED_EDGE ( 'NONE', *, *, #2973, .T. ) ;
#763 = PRESENTATION_LAYER_ASSIGNMENT (  '', '', ( #2485 ) ) ;
#764 = AXIS2_PLACEMENT_3D ( 'NONE', #2970, #2010, #2475 ) ;
#765 = SURFACE_SIDE_STYLE ('',( #3049 ) ) ;
#766 = VECTOR ( 'NONE', #2390, 1000.000000000000000 ) ;
#767 = CARTESIAN_POINT ( 'NONE',  ( 0.6003943632526922425, 0.2000000000000000111, 0.8503943632526924645 ) ) ;
#768 =( GEOMETRIC_REPRESENTATION_CONTEXT ( 3 ) GLOBAL_UNCERTAINTY_ASSIGNED_CONTEXT ( ( #62 ) ) GLOBAL_UNIT_ASSIGNED_CONTEXT ( ( #2942, #517, #2734 ) ) REPRESENTATION_CONTEXT ( 'NONE', 'WORKASPACE' ) );
#769 = CARTESIAN_POINT ( 'NONE',  ( 0.6996056367473081350, 0.2000000000000000111, -0.8503943632526924645 ) ) ;
#770 = LINE ( 'NONE', #1753, #2791 ) ;
#771 = LINE ( 'NONE', #1492, #1792 ) ;
#772 = ORIENTED_EDGE ( 'NONE', *, *, #2668, .T. ) ;
#773 = DIRECTION ( 'NONE',  ( -0.0000000000000000000, -1.000000000000000000, -0.0000000000000000000 ) ) ;
#774 = EDGE_LOOP ( 'NONE', ( #893, #379, #2146, #108, #2671, #943 ) ) ;
#775 = EDGE_CURVE ( 'NONE', #1079, #2412, #2138, .T. ) ;
#776 = CARTESIAN_POINT ( 'NONE',  ( -0.5000000000000001110, 0.2000000000066393113, -1.024999999999999911 ) ) ;
#777 = PLANE ( 'NONE',  #1849 ) ;
#778 = STYLED_ITEM ( 'NONE', ( #1005 ), #121 ) ;
#779 = PLANE ( 'NONE',  #2470 ) ;
#780 = CARTESIAN_POINT ( 'NONE',  ( 0.4999999999999997780, 0.2000000000066393113, 1.024999999999999911 ) ) ;
#781 = LINE ( 'NONE', #1474, #3092 ) ;
#782 = DIRECTION ( 'NONE',  ( -0.0000000000000000000, 0.0000000000000000000, -1.000000000000000000 ) ) ;
#783 = DIRECTION ( 'NONE',  ( 0.0000000000000000000, 0.0000000000000000000, -1.000000000000000000 ) ) ;
#784 = FILL_AREA_STYLE_COLOUR ( '', #2745 ) ;
#785 = ORIENTED_EDGE ( 'NONE', *, *, #2546, .F. ) ;
#786 = ORIENTED_EDGE ( 'NONE', *, *, #1064, .T. ) ;
#787 = CARTESIAN_POINT ( 'NONE',  ( 1.025000000000000133, 0.7500000000000000000, 1.024999999999999911 ) ) ;
#788 = CARTESIAN_POINT ( 'NONE',  ( 0.4999999999999997780, -0.0000000000000000000, 0.8503943632526923535 ) ) ;
#789 = SURFACE_STYLE_FILL_AREA ( #2800 ) ;
#790 = DIRECTION ( 'NONE',  ( 0.0000000000000000000, 0.0000000000000000000, -1.000000000000000000 ) ) ;
#791 = FACE_OUTER_BOUND ( 'NONE', #1739, .T. ) ;
#792 = LINE ( 'NONE', #2543, #925 ) ;
#793 = LINE ( 'NONE', #2248, #1684 ) ;
#794 = EDGE_LOOP ( 'NONE', ( #2339, #1195, #1010, #772 ) ) ;
#795 = ORIENTED_EDGE ( 'NONE', *, *, #1842, .T. ) ;
#796 = AXIS2_PLACEMENT_3D ( 'NONE', #478, #960, #694 ) ;
#797 =( GEOMETRIC_REPRESENTATION_CONTEXT ( 3 ) GLOBAL_UNCERTAINTY_ASSIGNED_CONTEXT ( ( #742 ) ) GLOBAL_UNIT_ASSIGNED_CONTEXT ( ( #1813, #1294, #2259 ) ) REPRESENTATION_CONTEXT ( 'NONE', 'WORKASPACE' ) );
#798 = MECHANICAL_DESIGN_GEOMETRIC_PRESENTATION_REPRESENTATION (  '', ( #110 ), #542 ) ;
#799 = SURFACE_STYLE_FILL_AREA ( #1748 ) ;
#800 =( NAMED_UNIT ( * ) SI_UNIT ( $, .STERADIAN. ) SOLID_ANGLE_UNIT ( ) );
#801 = EDGE_LOOP ( 'NONE', ( #2565, #2716, #2762, #326 ) ) ;
#802 =( NAMED_UNIT ( * ) PLANE_ANGLE_UNIT ( ) SI_UNIT ( $, .RADIAN. ) );
#803 = MECHANICAL_DESIGN_GEOMETRIC_PRESENTATION_REPRESENTATION (  '', ( #2986 ), #2938 ) ;
#804 = VECTOR ( 'NONE', #3182, 1000.000000000000000 ) ;
#805 = MECHANICAL_DESIGN_GEOMETRIC_PRESENTATION_REPRESENTATION (  '', ( #2787 ), #1329 ) ;
#806 = LINE ( 'NONE', #1767, #15 ) ;
#807 = SURFACE_SIDE_STYLE ('',( #2818 ) ) ;
#808 = STYLED_ITEM ( 'NONE', ( #1353 ), #1640 ) ;
#809 = FACE_OUTER_BOUND ( 'NONE', #402, .T. ) ;
#810 = AXIS2_PLACEMENT_3D ( 'NONE', #1392, #2900, #135 ) ;
#811 = EDGE_CURVE ( 'NONE', #68, #1359, #3181, .T. ) ;
#812 = EDGE_CURVE ( 'NONE', #2471, #1345, #2374, .T. ) ;
#813 = VECTOR ( 'NONE', #3150, 1000.000000000000000 ) ;
#814 = CARTESIAN_POINT ( 'NONE',  ( -0.8000000000000001554, 0.2000000000000000111, 1.024999999999999911 ) ) ;
#815 = CARTESIAN_POINT ( 'NONE',  ( 0.1499999999999999667, 0.2000000000066393113, 1.024999999999999911 ) ) ;
#816 = ORIENTED_EDGE ( 'NONE', *, *, #1187, .F. ) ;
#817 = CARTESIAN_POINT ( 'NONE',  ( 0.6674999999999997602, 0.2000000000000000111, -0.4749999999999999778 ) ) ;
#818 = ORIENTED_EDGE ( 'NONE', *, *, #3111, .T. ) ;
#819 = PRESENTATION_STYLE_ASSIGNMENT (( #1041 ) ) ;
#820 = VERTEX_POINT ( 'NONE', #2277 ) ;
#821 = CARTESIAN_POINT ( 'NONE',  ( 0.6996056367473081350, 0.2000000000066393113, -0.7499999999999998890 ) ) ;
#822 = DIRECTION ( 'NONE',  ( 0.0000000000000000000, -1.000000000000000000, 0.0000000000000000000 ) ) ;
#823 = SURFACE_SIDE_STYLE ('',( #86 ) ) ;
#824 = ADVANCED_FACE ( 'NONE', ( #480 ), #2968, .F. ) ;
#825 = CARTESIAN_POINT ( 'NONE',  ( 0.6003943632526922425, -0.02500000000000000139, -0.7499999999999998890 ) ) ;
#826 = EDGE_CURVE ( 'NONE', #2914, #1797, #2472, .T. ) ;
#827 = FILL_AREA_STYLE_COLOUR ( '', #1366 ) ;
#828 = DIRECTION ( 'NONE',  ( 0.0000000000000000000, 0.0000000000000000000, -1.000000000000000000 ) ) ;
#829 = SURFACE_SIDE_STYLE ('',( #1587 ) ) ;
#830 = EDGE_CURVE ( 'NONE', #313, #718, #500, .T. ) ;
#831 = ORIENTED_EDGE ( 'NONE', *, *, #1141, .F. ) ;
#832 = DIRECTION ( 'NONE',  ( 0.0000000000000000000, -1.000000000000000000, 0.0000000000000000000 ) ) ;
#833 = ORIENTED_EDGE ( 'NONE', *, *, #2446, .T. ) ;
#834 = MANIFOLD_SOLID_BREP ( 'Boss-Extrude2[2]', #2179 ) ;
#835 = FILL_AREA_STYLE_COLOUR ( '', #1994 ) ;
#836 = ORIENTED_EDGE ( 'NONE', *, *, #2264, .F. ) ;
#837 = DIRECTION ( 'NONE',  ( -2.115516434118057709E-16, -0.0000000000000000000, -1.000000000000000000 ) ) ;
#838 = DIRECTION ( 'NONE',  ( -1.000000000000000000, -0.0000000000000000000, -0.0000000000000000000 ) ) ;
#839 = PRESENTATION_STYLE_ASSIGNMENT (( #649 ) ) ;
#840 = SURFACE_SIDE_STYLE ('',( #1050 ) ) ;
#841 =( NAMED_UNIT ( * ) PLANE_ANGLE_UNIT ( ) SI_UNIT ( $, .RADIAN. ) );
#842 = DIRECTION ( 'NONE',  ( -1.000000000000000000, 0.0000000000000000000, 0.0000000000000000000 ) ) ;
#843 = ORIENTED_EDGE ( 'NONE', *, *, #1914, .F. ) ;
#844 = ADVANCED_FACE ( 'NONE', ( #18 ), #1017, .F. ) ;
#845 = VECTOR ( 'NONE', #2489, 1000.000000000000000 ) ;
#846 = DIRECTION ( 'NONE',  ( -0.0000000000000000000, -1.000000000000000000, -0.0000000000000000000 ) ) ;
#847 = CIRCLE ( 'NONE', #1214, 0.1003943632526924229 ) ;
#848 = ORIENTED_EDGE ( 'NONE', *, *, #2563, .T. ) ;
#849 = DIRECTION ( 'NONE',  ( 1.000000000000000000, 0.0000000000000000000, 0.0000000000000000000 ) ) ;
#850 = ORIENTED_EDGE ( 'NONE', *, *, #1600, .T. ) ;
#851 = PRESENTATION_STYLE_ASSIGNMENT (( #348 ) ) ;
#852 = VECTOR ( 'NONE', #702, 1000.000000000000000 ) ;
#853 = CARTESIAN_POINT ( 'NONE',  ( 0.7999999999999999334, 0.2000000000000000111, 1.024999999999999911 ) ) ;
#854 = ORIENTED_EDGE ( 'NONE', *, *, #2608, .T. ) ;
#855 = STYLED_ITEM ( 'NONE', ( #2381 ), #1248 ) ;
#856 = DIRECTION ( 'NONE',  ( -6.209433971794287875E-16, 0.0000000000000000000, 1.000000000000000000 ) ) ;
#857 = VECTOR ( 'NONE', #889, 1000.000000000000000 ) ;
#858 =( NAMED_UNIT ( * ) PLANE_ANGLE_UNIT ( ) SI_UNIT ( $, .RADIAN. ) );
#859 = LINE ( 'NONE', #1115, #1941 ) ;
#860 = VECTOR ( 'NONE', #2802, 1000.000000000000000 ) ;
#861 = AXIS2_PLACEMENT_3D ( 'NONE', #350, #1861, #1069 ) ;
#862 = ORIENTED_EDGE ( 'NONE', *, *, #2766, .T. ) ;
#863 = COLOUR_RGB ( '',0.7686274509803920907, 0.7686274509803920907, 0.7686274509803920907 ) ;
#864 = COLOUR_RGB ( '',0.7686274509803920907, 0.7686274509803920907, 0.7686274509803920907 ) ;
#865 = ORIENTED_EDGE ( 'NONE', *, *, #213, .T. ) ;
#866 = CARTESIAN_POINT ( 'NONE',  ( 0.6996056367473081350, 0.2000000000000000111, -0.7499999999999998890 ) ) ;
#867 = ADVANCED_FACE ( 'NONE', ( #2007 ), #777, .F. ) ;
#868 = ORIENTED_EDGE ( 'NONE', *, *, #1425, .T. ) ;
#869 = EDGE_CURVE ( 'NONE', #413, #479, #1682, .T. ) ;
#870 = LINE ( 'NONE', #1332, #442 ) ;
#871 = CARTESIAN_POINT ( 'NONE',  ( -0.2503943632526924312, 0.2000000000000000111, 0.7500000000000000000 ) ) ;
#872 = VERTEX_POINT ( 'NONE', #315 ) ;
#873 = CARTESIAN_POINT ( 'NONE',  ( 0.4999999999999995559, 0.1999999999999999833, -1.024999999999999911 ) ) ;
#874 = DIRECTION ( 'NONE',  ( 0.0000000000000000000, -1.000000000000000000, 0.0000000000000000000 ) ) ;
#875 = FACE_OUTER_BOUND ( 'NONE', #3165, .T. ) ;
#876 =( GEOMETRIC_REPRESENTATION_CONTEXT ( 3 ) GLOBAL_UNCERTAINTY_ASSIGNED_CONTEXT ( ( #201 ) ) GLOBAL_UNIT_ASSIGNED_CONTEXT ( ( #2903, #675, #2398 ) ) REPRESENTATION_CONTEXT ( 'NONE', 'WORKASPACE' ) );
#877 = FACE_OUTER_BOUND ( 'NONE', #1614, .T. ) ;
#878 = ORIENTED_EDGE ( 'NONE', *, *, #1346, .T. ) ;
#879 = CARTESIAN_POINT ( 'NONE',  ( 0.4999999999999997780, 0.2000000000000000111, 1.024999999999999911 ) ) ;
#880 = ORIENTED_EDGE ( 'NONE', *, *, #141, .T. ) ;
#881 =( NAMED_UNIT ( * ) SI_UNIT ( $, .STERADIAN. ) SOLID_ANGLE_UNIT ( ) );
#882 = LINE ( 'NONE', #146, #1484 ) ;
#883 = ORIENTED_EDGE ( 'NONE', *, *, #1142, .T. ) ;
#884 = ADVANCED_FACE ( 'NONE', ( #1044 ), #1811, .F. ) ;
#885 = EDGE_CURVE ( 'NONE', #958, #1936, #2995, .T. ) ;
#886 = DIRECTION ( 'NONE',  ( -0.0000000000000000000, -1.000000000000000000, -0.0000000000000000000 ) ) ;
#887 = EDGE_LOOP ( 'NONE', ( #420, #2618, #1908, #2977 ) ) ;
#888 = CARTESIAN_POINT ( 'NONE',  ( -0.5000000000000001110, -0.02500000000000000139, 1.024999999999999911 ) ) ;
#889 = DIRECTION ( 'NONE',  ( 0.0000000000000000000, -1.000000000000000000, 0.0000000000000000000 ) ) ;
#890 = FILL_AREA_STYLE ('',( #2869 ) ) ;
#891 = VERTEX_POINT ( 'NONE', #788 ) ;
#892 = SURFACE_STYLE_FILL_AREA ( #2906 ) ;
#893 = ORIENTED_EDGE ( 'NONE', *, *, #2331, .F. ) ;
#894 = VECTOR ( 'NONE', #2644, 1000.000000000000000 ) ;
#895 = AXIS2_PLACEMENT_3D ( 'NONE', #1025, #3010, #3056 ) ;
#896 = CARTESIAN_POINT ( 'NONE',  ( -0.2503943632526924312, 0.0000000000000000000, -0.7500000000000000000 ) ) ;
#897 = VECTOR ( 'NONE', #993, 1000.000000000000000 ) ;
#898 = PRESENTATION_LAYER_ASSIGNMENT (  '', '', ( #1678 ) ) ;
#899 = VERTEX_POINT ( 'NONE', #2074 ) ;
#900 =( GEOMETRIC_REPRESENTATION_CONTEXT ( 3 ) GLOBAL_UNCERTAINTY_ASSIGNED_CONTEXT ( ( #2972 ) ) GLOBAL_UNIT_ASSIGNED_CONTEXT ( ( #1567, #1091, #2579 ) ) REPRESENTATION_CONTEXT ( 'NONE', 'WORKASPACE' ) );
#901 = CARTESIAN_POINT ( 'NONE',  ( -0.5000000000000002220, -0.02500000000000000139, -0.8503943632526923535 ) ) ;
#902 = ORIENTED_EDGE ( 'NONE', *, *, #1362, .T. ) ;
#903 = SURFACE_SIDE_STYLE ('',( #2355 ) ) ;
#904 = DIRECTION ( 'NONE',  ( 1.707404996040164018E-16, 0.0000000000000000000, -1.000000000000000000 ) ) ;
#905 = EDGE_CURVE ( 'NONE', #820, #696, #580, .T. ) ;
#906 = SURFACE_STYLE_USAGE ( .BOTH. , #1911 ) ;
#907 = PRESENTATION_LAYER_ASSIGNMENT (  '', '', ( #2787 ) ) ;
#908 = SURFACE_STYLE_USAGE ( .BOTH. , #1927 ) ;
#909 = DIRECTION ( 'NONE',  ( -0.0000000000000000000, -1.000000000000000000, -0.0000000000000000000 ) ) ;
#910 = VECTOR ( 'NONE', #2301, 1000.000000000000000 ) ;
#911 = STYLED_ITEM ( 'NONE', ( #2 ), #834 ) ;
#912 = CARTESIAN_POINT ( 'NONE',  ( 0.1499999999999999667, -0.02500000000000000139, 1.024999999999999911 ) ) ;
#913 =( GEOMETRIC_REPRESENTATION_CONTEXT ( 3 ) GLOBAL_UNCERTAINTY_ASSIGNED_CONTEXT ( ( #1468 ) ) GLOBAL_UNIT_ASSIGNED_CONTEXT ( ( #81, #576, #2069 ) ) REPRESENTATION_CONTEXT ( 'NONE', 'WORKASPACE' ) );
#914 = ORIENTED_EDGE ( 'NONE', *, *, #447, .F. ) ;
#915 = VECTOR ( 'NONE', #691, 1000.000000000000000 ) ;
#916 = LINE ( 'NONE', #3144, #226 ) ;
#917 = ORIENTED_EDGE ( 'NONE', *, *, #393, .T. ) ;
#918 = ORIENTED_EDGE ( 'NONE', *, *, #1448, .T. ) ;
#919 = CARTESIAN_POINT ( 'NONE',  ( -1.024999999999999911, 0.0000000000000000000, 1.024999999999999911 ) ) ;
#920 = DIRECTION ( 'NONE',  ( 0.0000000000000000000, 0.0000000000000000000, -1.000000000000000000 ) ) ;
#921 = CARTESIAN_POINT ( 'NONE',  ( -0.1500000000000000777, 0.2000000000066393113, 1.024999999999999911 ) ) ;
#922 = SURFACE_STYLE_FILL_AREA ( #1896 ) ;
#923 = FILL_AREA_STYLE_COLOUR ( '', #19 ) ;
#924 = EDGE_CURVE ( 'NONE', #1675, #1354, #2340, .T. ) ;
#925 = VECTOR ( 'NONE', #2789, 1000.000000000000000 ) ;
#926 = ORIENTED_EDGE ( 'NONE', *, *, #2287, .T. ) ;
#927 = ORIENTED_EDGE ( 'NONE', *, *, #423, .T. ) ;
#928 = ORIENTED_EDGE ( 'NONE', *, *, #2493, .T. ) ;
#929 = CARTESIAN_POINT ( 'NONE',  ( 0.4999999999999997780, 0.0000000000000000000, -1.024999999999999911 ) ) ;
#930 = LINE ( 'NONE', #2178, #2314 ) ;
#931 = CARTESIAN_POINT ( 'NONE',  ( -0.3996056367473078130, -0.02500000000000000139, -0.7500000000000000000 ) ) ;
#932 = DIRECTION ( 'NONE',  ( 0.0000000000000000000, 0.0000000000000000000, 1.000000000000000000 ) ) ;
#933 = DIRECTION ( 'NONE',  ( -0.0000000000000000000, -1.000000000000000000, -0.0000000000000000000 ) ) ;
#934 =( NAMED_UNIT ( * ) PLANE_ANGLE_UNIT ( ) SI_UNIT ( $, .RADIAN. ) );
#935 = FACE_OUTER_BOUND ( 'NONE', #1268, .T. ) ;
#936 = SURFACE_STYLE_FILL_AREA ( #727 ) ;
#937 = SURFACE_STYLE_USAGE ( .BOTH. , #1912 ) ;
#938 = CARTESIAN_POINT ( 'NONE',  ( -0.7733034776102284402, 0.7500000000000000000, 0.7069802537413728549 ) ) ;
#939 = ORIENTED_EDGE ( 'NONE', *, *, #1499, .F. ) ;
#940 = LINE ( 'NONE', #959, #2833 ) ;
#941 =( NAMED_UNIT ( * ) PLANE_ANGLE_UNIT ( ) SI_UNIT ( $, .RADIAN. ) );
#942 = ORIENTED_EDGE ( 'NONE', *, *, #489, .F. ) ;
#943 = ORIENTED_EDGE ( 'NONE', *, *, #2940, .F. ) ;
#944 = CARTESIAN_POINT ( 'NONE',  ( 0.7849999999999998090, 0.2000000000000000111, 0.2775000000000000799 ) ) ;
#945 = CARTESIAN_POINT ( 'NONE',  ( 0.6996056367473075799, 0.2000000000000000111, 0.8503943632526924645 ) ) ;
#946 = CIRCLE ( 'NONE', #1007, 0.1003943632526924229 ) ;
#947 = ORIENTED_EDGE ( 'NONE', *, *, #489, .T. ) ;
#948 = VECTOR ( 'NONE', #1696, 1000.000000000000000 ) ;
#949 = DIRECTION ( 'NONE',  ( 0.0000000000000000000, 0.0000000000000000000, -1.000000000000000000 ) ) ;
#950 = PRESENTATION_STYLE_ASSIGNMENT (( #1410 ) ) ;
#951 = SURFACE_STYLE_USAGE ( .BOTH. , #469 ) ;
#952 = MECHANICAL_DESIGN_GEOMETRIC_PRESENTATION_REPRESENTATION (  '', ( #2933 ), #2781 ) ;
#953 = AXIS2_PLACEMENT_3D ( 'NONE', #1680, #2229, #949 ) ;
#954 = DIRECTION ( 'NONE',  ( -3.104716985897143937E-16, 0.0000000000000000000, 1.000000000000000000 ) ) ;
#955 = AXIS2_PLACEMENT_3D ( 'NONE', #706, #2698, #456 ) ;
#956 = PRODUCT_DEFINITION_FORMATION_WITH_SPECIFIED_SOURCE ( 'ANY', '', #1051, .NOT_KNOWN. ) ;
#957 = VECTOR ( 'NONE', #3011, 1000.000000000000000 ) ;
#958 = VERTEX_POINT ( 'NONE', #2324 ) ;
#959 = CARTESIAN_POINT ( 'NONE',  ( -0.8000000000000001554, 0.2000000000000000111, 1.024999999999999911 ) ) ;
#960 = DIRECTION ( 'NONE',  ( -1.000000000000000000, 0.0000000000000000000, -0.0000000000000000000 ) ) ;
#961 = ORIENTED_EDGE ( 'NONE', *, *, #2528, .T. ) ;
#962 = AXIS2_PLACEMENT_3D ( 'NONE', #267, #2723, #257 ) ;
#963 = AXIS2_PLACEMENT_3D ( 'NONE', #1078, #58, #1588 ) ;
#964 =( GEOMETRIC_REPRESENTATION_CONTEXT ( 3 ) GLOBAL_UNCERTAINTY_ASSIGNED_CONTEXT ( ( #422 ) ) GLOBAL_UNIT_ASSIGNED_CONTEXT ( ( #2457, #1236, #2705 ) ) REPRESENTATION_CONTEXT ( 'NONE', 'WORKASPACE' ) );
#965 = EDGE_CURVE ( 'NONE', #177, #2412, #1176, .T. ) ;
#966 = EDGE_CURVE ( 'NONE', #3075, #1179, #2025, .T. ) ;
#967 = ORIENTED_EDGE ( 'NONE', *, *, #1031, .T. ) ;
#968 = DIRECTION ( 'NONE',  ( 0.0000000000000000000, 0.0000000000000000000, 1.000000000000000000 ) ) ;
#969 = STYLED_ITEM ( 'NONE', ( #2713 ), #1913 ) ;
#970 = EDGE_CURVE ( 'NONE', #11, #2760, #98, .T. ) ;
#971 = CARTESIAN_POINT ( 'NONE',  ( 0.8000000000000001554, 0.1999999999999999833, 1.024999999999999911 ) ) ;
#972 = FACE_OUTER_BOUND ( 'NONE', #2102, .T. ) ;
#973 = FILL_AREA_STYLE_COLOUR ( '', #710 ) ;
#974 = CARTESIAN_POINT ( 'NONE',  ( 0.6003943632526922425, -0.02500000000000000139, 0.7499999999999998890 ) ) ;
#975 = FACE_OUTER_BOUND ( 'NONE', #2504, .T. ) ;
#976 = CARTESIAN_POINT ( 'NONE',  ( -0.3996056367473078130, 500000.0000000000582, -0.8503943632526923535 ) ) ;
#977 = EDGE_LOOP ( 'NONE', ( #2189, #1851, #2750, #1854 ) ) ;
#978 = FACE_OUTER_BOUND ( 'NONE', #2534, .T. ) ;
#979 = LINE ( 'NONE', #1969, #1569 ) ;
#980 = CIRCLE ( 'NONE', #1812, 0.1174999999999999795 ) ;
#981 = EDGE_LOOP ( 'NONE', ( #1574, #443, #1028, #2502 ) ) ;
#982 = SURFACE_STYLE_FILL_AREA ( #465 ) ;
#983 = LINE ( 'NONE', #737, #1471 ) ;
#984 = CARTESIAN_POINT ( 'NONE',  ( -0.1500000000000001332, -0.02500000000000000139, 0.8503943632526923535 ) ) ;
#985 = CARTESIAN_POINT ( 'NONE',  ( 0.6996056367473081350, 0.2000000000000000111, -0.8503943632526924645 ) ) ;
#986 = UNCERTAINTY_MEASURE_WITH_UNIT (LENGTH_MEASURE( 1.000000000000000082E-05 ), #2661, 'distance_accuracy_value', 'NONE');
#987 = ADVANCED_FACE ( 'NONE', ( #1778 ), #2799, .F. ) ;
#988 = ADVANCED_FACE ( 'NONE', ( #435 ), #1223, .F. ) ;
#989 = CARTESIAN_POINT ( 'NONE',  ( 0.4999999999999997780, -0.02500000000000000139, -1.024999999999999911 ) ) ;
#990 = FACE_OUTER_BOUND ( 'NONE', #2140, .T. ) ;
#991 = ADVANCED_BREP_SHAPE_REPRESENTATION ( 'F996F3C5-A728-492B-9B1F-69CD9224D0AA', ( #2982, #1885, #834, #1913, #1955, #332 ), #1836 ) ;
#992 = ORIENTED_EDGE ( 'NONE', *, *, #2714, .F. ) ;
#993 = DIRECTION ( 'NONE',  ( -0.0000000000000000000, -1.000000000000000000, -0.0000000000000000000 ) ) ;
#994 = ORIENTED_EDGE ( 'NONE', *, *, #1064, .F. ) ;
#995 = CARTESIAN_POINT ( 'NONE',  ( 0.6003943632526922425, -0.02500000000000000139, 0.8503943632526924645 ) ) ;
#996 = DIRECTION ( 'NONE',  ( 0.0000000000000000000, 0.0000000000000000000, 1.000000000000000000 ) ) ;
#997 = CARTESIAN_POINT ( 'NONE',  ( -0.3996056367473078130, 500000.0000000000582, 0.7500000000000000000 ) ) ;
#998 = CARTESIAN_POINT ( 'NONE',  ( -0.8000000000000001554, 0.0000000000000000000, -1.024999999999999911 ) ) ;
#999 = CARTESIAN_POINT ( 'NONE',  ( -0.1500000000000000777, 0.2000000000000000111, -1.024999999999999911 ) ) ;
#1000 = VECTOR ( 'NONE', #3055, 1000.000000000000000 ) ;
#1001 = EDGE_CURVE ( 'NONE', #2420, #158, #1479, .T. ) ;
#1002 = SURFACE_SIDE_STYLE ('',( #1992 ) ) ;
#1003 = EDGE_CURVE ( 'NONE', #1518, #2920, #728, .T. ) ;
#1004 = FILL_AREA_STYLE ('',( #2481 ) ) ;
#1005 = PRESENTATION_STYLE_ASSIGNMENT (( #757 ) ) ;
#1006 = LINE ( 'NONE', #1026, #2268 ) ;
#1007 = AXIS2_PLACEMENT_3D ( 'NONE', #231, #199, #1671 ) ;
#1008 = PRESENTATION_LAYER_ASSIGNMENT (  '', '', ( #111 ) ) ;
#1009 = ORIENTED_EDGE ( 'NONE', *, *, #269, .T. ) ;
#1010 = ORIENTED_EDGE ( 'NONE', *, *, #1637, .T. ) ;
#1011 = UNCERTAINTY_MEASURE_WITH_UNIT (LENGTH_MEASURE( 1.000000000000000082E-05 ), #361, 'distance_accuracy_value', 'NONE');
#1012 = CIRCLE ( 'NONE', #2632, 0.1003943632526924229 ) ;
#1013 = CARTESIAN_POINT ( 'NONE',  ( -0.5000000000000001110, 500000.0000000000582, 1.024999999999999911 ) ) ;
#1014 =( GEOMETRIC_REPRESENTATION_CONTEXT ( 3 ) GLOBAL_UNCERTAINTY_ASSIGNED_CONTEXT ( ( #299 ) ) GLOBAL_UNIT_ASSIGNED_CONTEXT ( ( #320, #841, #1564 ) ) REPRESENTATION_CONTEXT ( 'NONE', 'WORKASPACE' ) );
#1015 = VECTOR ( 'NONE', #703, 1000.000000000000000 ) ;
#1016 = CARTESIAN_POINT ( 'NONE',  ( 0.6003943632526922425, 500000.0000000000582, -0.7499999999999998890 ) ) ;
#1017 = PLANE ( 'NONE',  #2434 ) ;
#1018 = MECHANICAL_DESIGN_GEOMETRIC_PRESENTATION_REPRESENTATION (  '', ( #2429 ), #25 ) ;
#1019 = CIRCLE ( 'NONE', #2692, 0.1003943632526923119 ) ;
#1020 = CIRCLE ( 'NONE', #2641, 0.1003943632526924229 ) ;
#1021 = VECTOR ( 'NONE', #909, 1000.000000000000000 ) ;
#1022 = CARTESIAN_POINT ( 'NONE',  ( -0.8000000000000001554, 0.2000000000000000111, 1.024999999999999911 ) ) ;
#1023 = VECTOR ( 'NONE', #388, 1000.000000000000000 ) ;
#1024 = CARTESIAN_POINT ( 'NONE',  ( -0.1500000000000000777, 0.0000000000000000000, -1.024999999999999911 ) ) ;
#1025 = CARTESIAN_POINT ( 'NONE',  ( 0.0000000000000000000, 0.0000000000000000000, 0.0000000000000000000 ) ) ;
#1026 = CARTESIAN_POINT ( 'NONE',  ( -0.3996056367473078130, -0.02500000000000000139, -0.7500000000000000000 ) ) ;
#1027 = EDGE_CURVE ( 'NONE', #479, #449, #676, .T. ) ;
#1028 = ORIENTED_EDGE ( 'NONE', *, *, #3097, .T. ) ;
#1029 = CARTESIAN_POINT ( 'NONE',  ( 0.4999999999999997780, 0.2000000000000000111, -1.024999999999999911 ) ) ;
#1030 = ORIENTED_EDGE ( 'NONE', *, *, #2880, .T. ) ;
#1031 = EDGE_CURVE ( 'NONE', #1354, #1660, #1947, .T. ) ;
#1032 = EDGE_CURVE ( 'NONE', #1359, #2032, #1688, .T. ) ;
#1033 = DIRECTION ( 'NONE',  ( -6.209433971794287875E-16, 0.0000000000000000000, 1.000000000000000000 ) ) ;
#1034 =( NAMED_UNIT ( * ) PLANE_ANGLE_UNIT ( ) SI_UNIT ( $, .RADIAN. ) );
#1035 = DIRECTION ( 'NONE',  ( 0.0000000000000000000, -1.000000000000000000, 0.0000000000000000000 ) ) ;
#1036 = FILL_AREA_STYLE_COLOUR ( '', #2018 ) ;
#1037 = CARTESIAN_POINT ( 'NONE',  ( -0.8000000000000001554, 500000.0000000000582, -1.024999999999999911 ) ) ;
#1038 = EDGE_LOOP ( 'NONE', ( #795, #538, #2669, #2122 ) ) ;
#1039 = FACE_OUTER_BOUND ( 'NONE', #2896, .T. ) ;
#1040 = DIRECTION ( 'NONE',  ( 0.0000000000000000000, 0.0000000000000000000, -1.000000000000000000 ) ) ;
#1041 = SURFACE_STYLE_USAGE ( .BOTH. , #765 ) ;
#1042 = ADVANCED_FACE ( 'NONE', ( #212 ), #2964, .T. ) ;
#1043 = EDGE_CURVE ( 'NONE', #205, #449, #1716, .T. ) ;
#1044 = FACE_OUTER_BOUND ( 'NONE', #1270, .T. ) ;
#1045 = ORIENTED_EDGE ( 'NONE', *, *, #1978, .T. ) ;
#1046 = FACE_OUTER_BOUND ( 'NONE', #1590, .T. ) ;
#1047 = CARTESIAN_POINT ( 'NONE',  ( 0.6996056367473081350, 0.0000000000000000000, -0.7499999999999998890 ) ) ;
#1048 = DIRECTION ( 'NONE',  ( 0.0000000000000000000, -1.000000000000000000, 0.0000000000000000000 ) ) ;
#1049 = LINE ( 'NONE', #1086, #3185 ) ;
#1050 = SURFACE_STYLE_FILL_AREA ( #56 ) ;
#1051 = PRODUCT ( 'F996F3C5-A728-492B-9B1F-69CD9224D0AA', 'F996F3C5-A728-492B-9B1F-69CD9224D0AA', '', ( #375 ) ) ;
#1052 = DIRECTION ( 'NONE',  ( 0.0000000000000000000, 0.0000000000000000000, -1.000000000000000000 ) ) ;
#1053 = MECHANICAL_DESIGN_GEOMETRIC_PRESENTATION_REPRESENTATION (  '', ( #642 ), #1938 ) ;
#1054 = PRESENTATION_STYLE_ASSIGNMENT (( #2297 ) ) ;
#1055 = ORIENTED_EDGE ( 'NONE', *, *, #2904, .F. ) ;
#1056 = SURFACE_SIDE_STYLE ('',( #1589 ) ) ;
#1057 = ORIENTED_EDGE ( 'NONE', *, *, #1262, .T. ) ;
#1058 = AXIS2_PLACEMENT_3D ( 'NONE', #3178, #3216, #461 ) ;
#1059 = DIRECTION ( 'NONE',  ( 2.115516434118057709E-16, 0.0000000000000000000, 1.000000000000000000 ) ) ;
#1060 = VERTEX_POINT ( 'NONE', #1189 ) ;
#1061 = CARTESIAN_POINT ( 'NONE',  ( 0.6996056367473075799, 0.2000000000000000111, 0.7500000000000000000 ) ) ;
#1062 = SURFACE_SIDE_STYLE ('',( #2568 ) ) ;
#1063 = AXIS2_PLACEMENT_3D ( 'NONE', #1016, #1325, #2518 ) ;
#1064 = EDGE_CURVE ( 'NONE', #2119, #1542, #2664, .T. ) ;
#1065 = VECTOR ( 'NONE', #1805, 1000.000000000000000 ) ;
#1066 = ADVANCED_FACE ( 'NONE', ( #2414 ), #171, .T. ) ;
#1067 = AXIS2_PLACEMENT_3D ( 'NONE', #520, #1259, #1710 ) ;
#1068 = FILL_AREA_STYLE ('',( #1987 ) ) ;
#1069 = DIRECTION ( 'NONE',  ( 0.0000000000000000000, 0.0000000000000000000, 1.000000000000000000 ) ) ;
#1070 = COLOUR_RGB ( '',0.7686274509803920907, 0.7686274509803920907, 0.7686274509803920907 ) ;
#1071 = VECTOR ( 'NONE', #1372, 1000.000000000000000 ) ;
#1072 = EDGE_CURVE ( 'NONE', #406, #958, #1516, .T. ) ;
#1073 = STYLED_ITEM ( 'NONE', ( #1054 ), #1745 ) ;
#1074 = AXIS2_PLACEMENT_3D ( 'NONE', #2305, #2648, #1083 ) ;
#1075 = LINE ( 'NONE', #3102, #1420 ) ;
#1076 = SURFACE_STYLE_USAGE ( .BOTH. , #55 ) ;
#1077 = CARTESIAN_POINT ( 'NONE',  ( 0.1499999999999999667, 0.2000000000000000111, 1.024999999999999911 ) ) ;
#1078 = CARTESIAN_POINT ( 'NONE',  ( -0.3996056367473078130, 0.2000000000000000111, -0.8503943632526923535 ) ) ;
#1079 = VERTEX_POINT ( 'NONE', #273 ) ;
#1080 = ORIENTED_EDGE ( 'NONE', *, *, #1538, .F. ) ;
#1081 = CARTESIAN_POINT ( 'NONE',  ( -0.8000000000000001554, -0.02500000000000000139, 1.024999999999999911 ) ) ;
#1082 = ORIENTED_EDGE ( 'NONE', *, *, #1818, .F. ) ;
#1083 = DIRECTION ( 'NONE',  ( 0.0000000000000000000, 0.0000000000000000000, -1.000000000000000000 ) ) ;
#1084 =( NAMED_UNIT ( * ) PLANE_ANGLE_UNIT ( ) SI_UNIT ( $, .RADIAN. ) );
#1085 = DIRECTION ( 'NONE',  ( -0.0000000000000000000, -1.000000000000000000, -0.0000000000000000000 ) ) ;
#1086 = CARTESIAN_POINT ( 'NONE',  ( -0.8000000000000001554, -0.02500000000000000139, 1.024999999999999911 ) ) ;
#1087 = ADVANCED_FACE ( 'NONE', ( #990 ), #1774, .T. ) ;
#1088 = EDGE_CURVE ( 'NONE', #2888, #1139, #2744, .T. ) ;
#1089 = SURFACE_SIDE_STYLE ('',( #2821 ) ) ;
#1090 = DIRECTION ( 'NONE',  ( -0.0000000000000000000, 0.0000000000000000000, 1.000000000000000000 ) ) ;
#1091 =( NAMED_UNIT ( * ) PLANE_ANGLE_UNIT ( ) SI_UNIT ( $, .RADIAN. ) );
#1092 = VERTEX_POINT ( 'NONE', #3025 ) ;
#1093 = DIRECTION ( 'NONE',  ( 0.0000000000000000000, -0.0000000000000000000, -1.000000000000000000 ) ) ;
#1094 = VERTEX_POINT ( 'NONE', #293 ) ;
#1095 = LINE ( 'NONE', #1107, #2881 ) ;
#1096 = VERTEX_POINT ( 'NONE', #1263 ) ;
#1097 = CARTESIAN_POINT ( 'NONE',  ( 0.1499999999999998557, 500000.0000000000582, -1.024999999999999911 ) ) ;
#1098 =( NAMED_UNIT ( * ) SI_UNIT ( $, .STERADIAN. ) SOLID_ANGLE_UNIT ( ) );
#1099 = DIRECTION ( 'NONE',  ( -0.0000000000000000000, -1.000000000000000000, -0.0000000000000000000 ) ) ;
#1100 = DIRECTION ( 'NONE',  ( 0.0000000000000000000, 0.0000000000000000000, 1.000000000000000000 ) ) ;
#1101 = EDGE_CURVE ( 'NONE', #1862, #664, #1995, .T. ) ;
#1102 = EDGE_CURVE ( 'NONE', #229, #1672, #793, .T. ) ;
#1103 = SURFACE_SIDE_STYLE ('',( #2838 ) ) ;
#1104 = ORIENTED_EDGE ( 'NONE', *, *, #811, .T. ) ;
#1105 = COLOUR_RGB ( '',0.7686274509803920907, 0.7686274509803920907, 0.7686274509803920907 ) ;
#1106 = ORIENTED_EDGE ( 'NONE', *, *, #2709, .T. ) ;
#1107 = CARTESIAN_POINT ( 'NONE',  ( 0.4999999999999997780, 0.2000000000000000111, -1.024999999999999911 ) ) ;
#1108 = ORIENTED_EDGE ( 'NONE', *, *, #869, .T. ) ;
#1109 = AXIS2_PLACEMENT_3D ( 'NONE', #1119, #2411, #368 ) ;
#1110 = DIRECTION ( 'NONE',  ( 0.0000000000000000000, -1.000000000000000000, 0.0000000000000000000 ) ) ;
#1111 = ORIENTED_EDGE ( 'NONE', *, *, #2403, .T. ) ;
#1112 = AXIS2_PLACEMENT_3D ( 'NONE', #94, #1367, #3091 ) ;
#1113 = CARTESIAN_POINT ( 'NONE',  ( -1.025000000000000133, 0.0000000000000000000, -1.024999999999999911 ) ) ;
#1114 = FILL_AREA_STYLE_COLOUR ( '', #518 ) ;
#1115 = CARTESIAN_POINT ( 'NONE',  ( 0.7999999999999999334, -0.0000000000000000000, 0.8503943632526924645 ) ) ;
#1116 = AXIS2_PLACEMENT_3D ( 'NONE', #995, #36, #1497 ) ;
#1117 = VECTOR ( 'NONE', #2193, 1000.000000000000000 ) ;
#1118 = CARTESIAN_POINT ( 'NONE',  ( -1.024999999999999911, 0.7500000000000000000, 1.024999999999999911 ) ) ;
#1119 = CARTESIAN_POINT ( 'NONE',  ( 0.6003943632526922425, 0.2000000000000000111, -0.8503943632526924645 ) ) ;
#1120 = ORIENTED_EDGE ( 'NONE', *, *, #2225, .T. ) ;
#1121 = MECHANICAL_DESIGN_GEOMETRIC_PRESENTATION_REPRESENTATION (  '', ( #29 ), #294 ) ;
#1122 =( GEOMETRIC_REPRESENTATION_CONTEXT ( 3 ) GLOBAL_UNCERTAINTY_ASSIGNED_CONTEXT ( ( #3135 ) ) GLOBAL_UNIT_ASSIGNED_CONTEXT ( ( #3210, #755, #1731 ) ) REPRESENTATION_CONTEXT ( 'NONE', 'WORKASPACE' ) );
#1123 = LINE ( 'NONE', #817, #1892 ) ;
#1124 = ORIENTED_EDGE ( 'NONE', *, *, #1496, .F. ) ;
#1125 = PRESENTATION_STYLE_ASSIGNMENT (( #1610 ) ) ;
#1126 = ORIENTED_EDGE ( 'NONE', *, *, #869, .F. ) ;
#1127 = EDGE_CURVE ( 'NONE', #1227, #1139, #771, .T. ) ;
#1128 = DIRECTION ( 'NONE',  ( 0.0000000000000000000, -0.0000000000000000000, 1.000000000000000000 ) ) ;
#1129 = FILL_AREA_STYLE ('',( #148 ) ) ;
#1130 = ORIENTED_EDGE ( 'NONE', *, *, #1596, .F. ) ;
#1131 = SURFACE_STYLE_FILL_AREA ( #1603 ) ;
#1132 = LINE ( 'NONE', #1924, #2318 ) ;
#1133 = DIRECTION ( 'NONE',  ( 0.0000000000000000000, -1.000000000000000000, 0.0000000000000000000 ) ) ;
#1134 = FACE_OUTER_BOUND ( 'NONE', #2490, .T. ) ;
#1135 = ORIENTED_EDGE ( 'NONE', *, *, #1860, .T. ) ;
#1136 = LINE ( 'NONE', #1342, #1794 ) ;
#1137 = ORIENTED_EDGE ( 'NONE', *, *, #1735, .F. ) ;
#1138 = CARTESIAN_POINT ( 'NONE',  ( -1.024999999999999911, 0.0000000000000000000, 1.024999999999999911 ) ) ;
#1139 = VERTEX_POINT ( 'NONE', #2529 ) ;
#1140 = ORIENTED_EDGE ( 'NONE', *, *, #329, .F. ) ;
#1141 = EDGE_CURVE ( 'NONE', #613, #2370, #2808, .T. ) ;
#1142 = EDGE_CURVE ( 'NONE', #3114, #2599, #1006, .T. ) ;
#1143 = FILL_AREA_STYLE_COLOUR ( '', #3031 ) ;
#1144 = CARTESIAN_POINT ( 'NONE',  ( -0.2503943632526924312, 500000.0000000000582, -0.7500000000000000000 ) ) ;
#1145 = ORIENTED_EDGE ( 'NONE', *, *, #2228, .F. ) ;
#1146 = SURFACE_STYLE_USAGE ( .BOTH. , #3115 ) ;
#1147 = VERTEX_POINT ( 'NONE', #2544 ) ;
#1148 = FACE_OUTER_BOUND ( 'NONE', #1526, .T. ) ;
#1149 = CARTESIAN_POINT ( 'NONE',  ( 0.7849999999999998090, 500000.0000000000582, 0.2775000000000000799 ) ) ;
#1150 = FACE_OUTER_BOUND ( 'NONE', #215, .T. ) ;
#1151 = CARTESIAN_POINT ( 'NONE',  ( 0.6003943632526922425, 0.2000000000000000111, 0.7499999999999998890 ) ) ;
#1152 = FILL_AREA_STYLE_COLOUR ( '', #1702 ) ;
#1153 = CARTESIAN_POINT ( 'NONE',  ( -0.5000000000000001110, 0.2000000000000000111, 1.024999999999999911 ) ) ;
#1154 = CARTESIAN_POINT ( 'NONE',  ( 0.4999999999999997780, 0.2000000000066393113, 0.8503943632526923535 ) ) ;
#1155 = VERTEX_POINT ( 'NONE', #3223 ) ;
#1156 = PLANE ( 'NONE',  #3030 ) ;
#1157 = VERTEX_POINT ( 'NONE', #1284 ) ;
#1158 = AXIS2_PLACEMENT_3D ( 'NONE', #700, #1390, #1921 ) ;
#1159 = EDGE_LOOP ( 'NONE', ( #629, #831, #2286, #2400 ) ) ;
#1160 = DIRECTION ( 'NONE',  ( 0.0000000000000000000, -1.000000000000000000, 0.0000000000000000000 ) ) ;
#1161 = AXIS2_PLACEMENT_3D ( 'NONE', #1573, #2586, #107 ) ;
#1162 = ORIENTED_EDGE ( 'NONE', *, *, #2163, .F. ) ;
#1163 = EDGE_CURVE ( 'NONE', #1933, #2220, #2772, .T. ) ;
#1164 = ADVANCED_FACE ( 'NONE', ( #43 ), #306, .F. ) ;
#1165 = PLANE ( 'NONE',  #1158 ) ;
#1166 = LINE ( 'NONE', #3083, #2571 ) ;
#1167 = EDGE_CURVE ( 'NONE', #527, #1675, #2046, .T. ) ;
#1168 = VECTOR ( 'NONE', #626, 1000.000000000000000 ) ;
#1169 = LINE ( 'NONE', #1151, #2798 ) ;
#1170 =( LENGTH_UNIT ( ) NAMED_UNIT ( * ) SI_UNIT ( .MILLI., .METRE. ) );
#1171 = DIRECTION ( 'NONE',  ( 0.0000000000000000000, 0.0000000000000000000, 1.000000000000000000 ) ) ;
#1172 = DIRECTION ( 'NONE',  ( 0.0000000000000000000, -1.000000000000000000, 0.0000000000000000000 ) ) ;
#1173 = CIRCLE ( 'NONE', #502, 0.1003943632526923119 ) ;
#1174 = VECTOR ( 'NONE', #2759, 1000.000000000000000 ) ;
#1175 = ORIENTED_EDGE ( 'NONE', *, *, #2508, .F. ) ;
#1176 = CIRCLE ( 'NONE', #662, 0.1174999999999999795 ) ;
#1177 = DIRECTION ( 'NONE',  ( -1.707404996040164018E-16, -0.0000000000000000000, 1.000000000000000000 ) ) ;
#1178 = ORIENTED_EDGE ( 'NONE', *, *, #2507, .T. ) ;
#1179 = VERTEX_POINT ( 'NONE', #570 ) ;
#1180 = LINE ( 'NONE', #929, #1743 ) ;
#1181 = LINE ( 'NONE', #1890, #894 ) ;
#1182 =( NAMED_UNIT ( * ) SI_UNIT ( $, .STERADIAN. ) SOLID_ANGLE_UNIT ( ) );
#1183 = LINE ( 'NONE', #2928, #1015 ) ;
#1184 = CARTESIAN_POINT ( 'NONE',  ( -0.1500000000000000777, 500000.0000000000582, -1.024999999999999911 ) ) ;
#1185 = EDGE_CURVE ( 'NONE', #2914, #229, #1241, .T. ) ;
#1186 = DIRECTION ( 'NONE',  ( 0.0000000000000000000, 0.0000000000000000000, -1.000000000000000000 ) ) ;
#1187 = EDGE_CURVE ( 'NONE', #2849, #1094, #859, .T. ) ;
#1188 = SURFACE_STYLE_FILL_AREA ( #1460 ) ;
#1189 = CARTESIAN_POINT ( 'NONE',  ( 0.7849999999999999201, 0.2000000000066393113, -0.3575000000000000400 ) ) ;
#1190 = CLOSED_SHELL ( 'NONE', ( #1712, #884, #161, #1357, #1532, #3002, #121 ) ) ;
#1191 =( NAMED_UNIT ( * ) PLANE_ANGLE_UNIT ( ) SI_UNIT ( $, .RADIAN. ) );
#1192 = VERTEX_POINT ( 'NONE', #2837 ) ;
#1193 = PLANE ( 'NONE',  #1058 ) ;
#1194 = ORIENTED_EDGE ( 'NONE', *, *, #3218, .T. ) ;
#1195 = ORIENTED_EDGE ( 'NONE', *, *, #830, .F. ) ;
#1196 = DIRECTION ( 'NONE',  ( 0.0000000000000000000, 1.000000000000000000, 0.0000000000000000000 ) ) ;
#1197 = CARTESIAN_POINT ( 'NONE',  ( -0.2503943632526924312, 0.2000000000066393113, 0.7500000000000000000 ) ) ;
#1198 = LINE ( 'NONE', #1971, #852 ) ;
#1199 = SURFACE_SIDE_STYLE ('',( #3118 ) ) ;
#1200 = FILL_AREA_STYLE_COLOUR ( '', #2990 ) ;
#1201 = SURFACE_STYLE_USAGE ( .BOTH. , #673 ) ;
#1202 = DIRECTION ( 'NONE',  ( -0.0000000000000000000, -1.000000000000000000, -0.0000000000000000000 ) ) ;
#1203 = ORIENTED_EDGE ( 'NONE', *, *, #2905, .T. ) ;
#1204 =( NAMED_UNIT ( * ) SI_UNIT ( $, .STERADIAN. ) SOLID_ANGLE_UNIT ( ) );
#1205 = ADVANCED_FACE ( 'NONE', ( #2613 ), #1350, .T. ) ;
#1206 = EDGE_CURVE ( 'NONE', #1796, #2208, #1853, .T. ) ;
#1207 = CARTESIAN_POINT ( 'NONE',  ( -0.8000000000000001554, 0.2000000000000000111, 1.024999999999999911 ) ) ;
#1208 = ORIENTED_EDGE ( 'NONE', *, *, #1032, .T. ) ;
#1209 = SURFACE_SIDE_STYLE ('',( #216 ) ) ;
#1210 = CARTESIAN_POINT ( 'NONE',  ( 0.1499999999999999667, 0.2000000000000000111, 1.024999999999999911 ) ) ;
#1211 = VERTEX_POINT ( 'NONE', #3119 ) ;
#1212 = UNCERTAINTY_MEASURE_WITH_UNIT (LENGTH_MEASURE( 1.000000000000000082E-05 ), #555, 'distance_accuracy_value', 'NONE');
#1213 = ORIENTED_EDGE ( 'NONE', *, *, #269, .F. ) ;
#1214 = AXIS2_PLACEMENT_3D ( 'NONE', #1535, #2295, #2092 ) ;
#1215 = DIRECTION ( 'NONE',  ( 1.000000000000000000, 0.0000000000000000000, 0.0000000000000000000 ) ) ;
#1216 = CARTESIAN_POINT ( 'NONE',  ( -0.2503943632526924312, 0.2000000000000000111, 0.8503943632526923535 ) ) ;
#1217 = FILL_AREA_STYLE ('',( #1200 ) ) ;
#1218 = UNCERTAINTY_MEASURE_WITH_UNIT (LENGTH_MEASURE( 1.000000000000000082E-05 ), #163, 'distance_accuracy_value', 'NONE');
#1219 = PRESENTATION_LAYER_ASSIGNMENT (  '', '', ( #2933 ) ) ;
#1220 = PRESENTATION_STYLE_ASSIGNMENT (( #2769 ) ) ;
#1221 = DIRECTION ( 'NONE',  ( 1.000000000000000000, 0.0000000000000000000, 0.0000000000000000000 ) ) ;
#1222 = VECTOR ( 'NONE', #1543, 1000.000000000000000 ) ;
#1223 = PLANE ( 'NONE',  #2422 ) ;
#1224 = COLOUR_RGB ( '',0.7686274509803920907, 0.7686274509803920907, 0.7686274509803920907 ) ;
#1225 = AXIS2_PLACEMENT_3D ( 'NONE', #1216, #266, #2211 ) ;
#1226 = CARTESIAN_POINT ( 'NONE',  ( 0.4999999999999997780, 500000.0000000000582, 1.024999999999999911 ) ) ;
#1227 = VERTEX_POINT ( 'NONE', #2357 ) ;
#1228 = DIRECTION ( 'NONE',  ( -1.707404996040164018E-16, 0.0000000000000000000, -1.000000000000000000 ) ) ;
#1229 = LINE ( 'NONE', #2222, #2148 ) ;
#1230 = VECTOR ( 'NONE', #1541, 1000.000000000000000 ) ;
#1231 = AXIS2_PLACEMENT_3D ( 'NONE', #2959, #2240, #2755 ) ;
#1232 =( GEOMETRIC_REPRESENTATION_CONTEXT ( 3 ) GLOBAL_UNCERTAINTY_ASSIGNED_CONTEXT ( ( #1990 ) ) GLOBAL_UNIT_ASSIGNED_CONTEXT ( ( #2597, #2081, #573 ) ) REPRESENTATION_CONTEXT ( 'NONE', 'WORKASPACE' ) );
#1233 = MECHANICAL_DESIGN_GEOMETRIC_PRESENTATION_REPRESENTATION (  '', ( #911 ), #768 ) ;
#1234 = EDGE_CURVE ( 'NONE', #1179, #413, #90, .T. ) ;
#1235 = ORIENTED_EDGE ( 'NONE', *, *, #412, .T. ) ;
#1236 =( NAMED_UNIT ( * ) PLANE_ANGLE_UNIT ( ) SI_UNIT ( $, .RADIAN. ) );
#1237 = CYLINDRICAL_SURFACE ( 'NONE', #953, 0.1003943632526923119 ) ;
#1238 = DIRECTION ( 'NONE',  ( 0.0000000000000000000, 1.000000000000000000, 0.0000000000000000000 ) ) ;
#1239 = FILL_AREA_STYLE_COLOUR ( '', #1070 ) ;
#1240 =( LENGTH_UNIT ( ) NAMED_UNIT ( * ) SI_UNIT ( .MILLI., .METRE. ) );
#1241 = LINE ( 'NONE', #2234, #2427 ) ;
#1242 = FILL_AREA_STYLE_COLOUR ( '', #2695 ) ;
#1243 = ORIENTED_EDGE ( 'NONE', *, *, #349, .F. ) ;
#1244 = DIRECTION ( 'NONE',  ( 0.0000000000000000000, 0.0000000000000000000, -1.000000000000000000 ) ) ;
#1245 = VERTEX_POINT ( 'NONE', #3104 ) ;
#1246 = PRESENTATION_LAYER_ASSIGNMENT (  '', '', ( #2655 ) ) ;
#1247 = PLANE ( 'NONE',  #286 ) ;
#1248 = ADVANCED_FACE ( 'NONE', ( #875 ), #1867, .T. ) ;
#1249 = DIRECTION ( 'NONE',  ( 0.0000000000000000000, 0.0000000000000000000, 1.000000000000000000 ) ) ;
#1250 = DIRECTION ( 'NONE',  ( 0.0000000000000000000, 0.0000000000000000000, -1.000000000000000000 ) ) ;
#1251 = FILL_AREA_STYLE ('',( #1036 ) ) ;
#1252 =( LENGTH_UNIT ( ) NAMED_UNIT ( * ) SI_UNIT ( .MILLI., .METRE. ) );
#1253 = ORIENTED_EDGE ( 'NONE', *, *, #2590, .T. ) ;
#1254 = CARTESIAN_POINT ( 'NONE',  ( 0.7999999999999999334, 500000.0000000000582, 0.8503943632526924645 ) ) ;
#1255 = ORIENTED_EDGE ( 'NONE', *, *, #2628, .F. ) ;
#1256 = DIRECTION ( 'NONE',  ( 0.0000000000000000000, -1.000000000000000000, 0.0000000000000000000 ) ) ;
#1257 = ORIENTED_EDGE ( 'NONE', *, *, #1234, .F. ) ;
#1258 = DIRECTION ( 'NONE',  ( 0.0000000000000000000, -1.000000000000000000, 0.0000000000000000000 ) ) ;
#1259 = DIRECTION ( 'NONE',  ( 0.0000000000000000000, 0.0000000000000000000, 1.000000000000000000 ) ) ;
#1260 = EDGE_CURVE ( 'NONE', #1797, #3176, #2053, .T. ) ;
#1261 = FILL_AREA_STYLE_COLOUR ( '', #130 ) ;
#1262 = EDGE_CURVE ( 'NONE', #1179, #3122, #1373, .T. ) ;
#1263 = CARTESIAN_POINT ( 'NONE',  ( -0.1500000000000001332, -0.02500000000000000139, -0.8503943632526923535 ) ) ;
#1264 = VECTOR ( 'NONE', #2299, 1000.000000000000000 ) ;
#1265 = CIRCLE ( 'NONE', #1570, 0.1003943632526923119 ) ;
#1266 = AXIS2_PLACEMENT_3D ( 'NONE', #433, #2435, #3173 ) ;
#1267 =( NAMED_UNIT ( * ) PLANE_ANGLE_UNIT ( ) SI_UNIT ( $, .RADIAN. ) );
#1268 = EDGE_LOOP ( 'NONE', ( #1956, #2704, #61, #2941 ) ) ;
#1269 = FILL_AREA_STYLE ('',( #60 ) ) ;
#1270 = EDGE_LOOP ( 'NONE', ( #3016, #577, #2620, #2827, #1255 ) ) ;
#1271 = CARTESIAN_POINT ( 'NONE',  ( 1.024999999999999689, 0.7500000000000000000, -1.024999999999999911 ) ) ;
#1272 = AXIS2_PLACEMENT_3D ( 'NONE', #2335, #2079, #151 ) ;
#1273 = VECTOR ( 'NONE', #1895, 1000.000000000000000 ) ;
#1274 = DIRECTION ( 'NONE',  ( -1.000000000000000000, -0.0000000000000000000, -0.0000000000000000000 ) ) ;
#1275 = VERTEX_POINT ( 'NONE', #2165 ) ;
#1276 = MECHANICAL_DESIGN_GEOMETRIC_PRESENTATION_REPRESENTATION (  '', ( #2160 ), #548 ) ;
#1277 = VECTOR ( 'NONE', #204, 1000.000000000000000 ) ;
#1278 = MECHANICAL_DESIGN_GEOMETRIC_PRESENTATION_REPRESENTATION (  '', ( #2576 ), #2004 ) ;
#1279 = CARTESIAN_POINT ( 'NONE',  ( -0.7733034776102284402, 0.7500000000000000000, 0.7906207520244020737 ) ) ;
#1280 = SURFACE_STYLE_FILL_AREA ( #2768 ) ;
#1281 = AXIS2_PLACEMENT_3D ( 'NONE', #617, #2594, #2342 ) ;
#1282 = DIRECTION ( 'NONE',  ( 1.000000000000000000, -0.0000000000000000000, 6.209433971794287875E-16 ) ) ;
#1283 = DIRECTION ( 'NONE',  ( 0.0000000000000000000, -1.000000000000000000, 0.0000000000000000000 ) ) ;
#1284 = CARTESIAN_POINT ( 'NONE',  ( 0.6003943632526922425, 0.2000000000066393113, 0.7499999999999998890 ) ) ;
#1285 = ADVANCED_FACE ( 'NONE', ( #1150 ), #223, .T. ) ;
#1286 = ADVANCED_FACE ( 'NONE', ( #1925 ), #193, .T. ) ;
#1287 = CARTESIAN_POINT ( 'NONE',  ( -0.3996056367473078130, 500000.0000000000582, 0.8503943632526923535 ) ) ;
#1288 = ORIENTED_EDGE ( 'NONE', *, *, #1163, .T. ) ;
#1289 = CARTESIAN_POINT ( 'NONE',  ( -0.3996056367473078130, 0.2000000000000000111, -0.7500000000000000000 ) ) ;
#1290 = EDGE_LOOP ( 'NONE', ( #1162, #685, #1595, #106 ) ) ;
#1291 = DIRECTION ( 'NONE',  ( 0.0000000000000000000, 0.0000000000000000000, -1.000000000000000000 ) ) ;
#1292 = DIRECTION ( 'NONE',  ( 0.0000000000000000000, -0.0000000000000000000, -1.000000000000000000 ) ) ;
#1293 = ORIENTED_EDGE ( 'NONE', *, *, #1142, .F. ) ;
#1294 =( NAMED_UNIT ( * ) PLANE_ANGLE_UNIT ( ) SI_UNIT ( $, .RADIAN. ) );
#1295 = PLANE ( 'NONE',  #2109 ) ;
#1296 = DIRECTION ( 'NONE',  ( 0.0000000000000000000, -1.000000000000000000, 0.0000000000000000000 ) ) ;
#1297 = LINE ( 'NONE', #825, #295 ) ;
#1298 = PRESENTATION_STYLE_ASSIGNMENT (( #1076 ) ) ;
#1299 = DIRECTION ( 'NONE',  ( 1.000000000000000000, 0.0000000000000000000, 0.0000000000000000000 ) ) ;
#1300 = DIRECTION ( 'NONE',  ( 0.0000000000000000000, -0.0000000000000000000, -1.000000000000000000 ) ) ;
#1301 = ORIENTED_EDGE ( 'NONE', *, *, #2493, .F. ) ;
#1302 = CARTESIAN_POINT ( 'NONE',  ( -0.5000000000000001110, 0.2000000000000000111, -1.024999999999999911 ) ) ;
#1303 = VERTEX_POINT ( 'NONE', #3157 ) ;
#1304 = EDGE_CURVE ( 'NONE', #309, #2580, #1942, .T. ) ;
#1305 = ADVANCED_FACE ( 'NONE', ( #208 ), #1430, .T. ) ;
#1306 = CARTESIAN_POINT ( 'NONE',  ( 0.6003943632526922425, 0.0000000000000000000, -0.7499999999999998890 ) ) ;
#1307 = VERTEX_POINT ( 'NONE', #241 ) ;
#1308 = CARTESIAN_POINT ( 'NONE',  ( -0.3996056367473078130, 0.2000000000000000111, 0.8503943632526923535 ) ) ;
#1309 = CARTESIAN_POINT ( 'NONE',  ( 0.6674999999999998712, 0.2000000000000000111, 0.2775000000000000799 ) ) ;
#1310 = EDGE_CURVE ( 'NONE', #1303, #515, #2476, .T. ) ;
#1311 = ORIENTED_EDGE ( 'NONE', *, *, #745, .F. ) ;
#1312 = DIRECTION ( 'NONE',  ( -1.000000000000000000, 0.0000000000000000000, 3.104716985897143937E-16 ) ) ;
#1313 = PLANE ( 'NONE',  #1723 ) ;
#1314 = PLANE ( 'NONE',  #895 ) ;
#1315 = PLANE ( 'NONE',  #307 ) ;
#1316 = DIRECTION ( 'NONE',  ( 1.000000000000000000, 0.0000000000000000000, 0.0000000000000000000 ) ) ;
#1317 = PRESENTATION_LAYER_ASSIGNMENT (  '', '', ( #2839 ) ) ;
#1318 =( GEOMETRIC_REPRESENTATION_CONTEXT ( 3 ) GLOBAL_UNCERTAINTY_ASSIGNED_CONTEXT ( ( #2166 ) ) GLOBAL_UNIT_ASSIGNED_CONTEXT ( ( #2512, #2029, #2333 ) ) REPRESENTATION_CONTEXT ( 'NONE', 'WORKASPACE' ) );
#1319 =( LENGTH_UNIT ( ) NAMED_UNIT ( * ) SI_UNIT ( .MILLI., .METRE. ) );
#1320 = EDGE_LOOP ( 'NONE', ( #618, #1341, #1400, #1706 ) ) ;
#1321 = AXIS2_PLACEMENT_3D ( 'NONE', #748, #773, #2978 ) ;
#1322 = AXIS2_PLACEMENT_3D ( 'NONE', #1029, #842, #2548 ) ;
#1323 = FACE_OUTER_BOUND ( 'NONE', #1343, .T. ) ;
#1324 = ORIENTED_EDGE ( 'NONE', *, *, #2389, .T. ) ;
#1325 = DIRECTION ( 'NONE',  ( -0.0000000000000000000, 0.0000000000000000000, 1.000000000000000000 ) ) ;
#1326 = ORIENTED_EDGE ( 'NONE', *, *, #2904, .T. ) ;
#1327 = SURFACE_STYLE_USAGE ( .BOTH. , #1062 ) ;
#1328 = MECHANICAL_DESIGN_GEOMETRIC_PRESENTATION_REPRESENTATION (  '', ( #2731 ), #590 ) ;
#1329 =( GEOMETRIC_REPRESENTATION_CONTEXT ( 3 ) GLOBAL_UNCERTAINTY_ASSIGNED_CONTEXT ( ( #3195 ) ) GLOBAL_UNIT_ASSIGNED_CONTEXT ( ( #1830, #2346, #384 ) ) REPRESENTATION_CONTEXT ( 'NONE', 'WORKASPACE' ) );
#1330 = COLOUR_RGB ( '',0.7686274509803920907, 0.7686274509803920907, 0.7686274509803920907 ) ;
#1331 = EDGE_CURVE ( 'NONE', #3176, #1506, #2261, .T. ) ;
#1332 = CARTESIAN_POINT ( 'NONE',  ( 0.6003943632526922425, 0.2000000000000000111, 0.7499999999999998890 ) ) ;
#1333 = COLOUR_RGB ( '',0.7686274509803920907, 0.7686274509803920907, 0.7686274509803920907 ) ;
#1334 = AXIS2_PLACEMENT_3D ( 'NONE', #1529, #1548, #1356 ) ;
#1335 = COLOUR_RGB ( '',0.7686274509803920907, 0.7686274509803920907, 0.7686274509803920907 ) ;
#1336 = AXIS2_PLACEMENT_3D ( 'NONE', #1037, #1734, #511 ) ;
#1337 = DIRECTION ( 'NONE',  ( 0.0000000000000000000, -0.0000000000000000000, 1.000000000000000000 ) ) ;
#1338 = SURFACE_STYLE_USAGE ( .BOTH. , #3057 ) ;
#1339 = AXIS2_PLACEMENT_3D ( 'NONE', #352, #1048, #3040 ) ;
#1340 = LINE ( 'NONE', #608, #1677 ) ;
#1341 = ORIENTED_EDGE ( 'NONE', *, *, #1072, .F. ) ;
#1342 = CARTESIAN_POINT ( 'NONE',  ( -0.5000000000000001110, 500000.0000000000582, -1.024999999999999911 ) ) ;
#1343 = EDGE_LOOP ( 'NONE', ( #1045, #1417, #3108, #1438, #1104 ) ) ;
#1344 = CARTESIAN_POINT ( 'NONE',  ( -0.1500000000000000777, 0.2000000000000000111, 1.024999999999999911 ) ) ;
#1345 = VERTEX_POINT ( 'NONE', #23 ) ;
#1346 = EDGE_CURVE ( 'NONE', #1345, #1391, #2011, .T. ) ;
#1347 = EDGE_CURVE ( 'NONE', #1096, #1368, #781, .T. ) ;
#1348 = DIRECTION ( 'NONE',  ( -0.0000000000000000000, -1.000000000000000000, -0.0000000000000000000 ) ) ;
#1349 = DIRECTION ( 'NONE',  ( -1.000000000000000000, 0.0000000000000000000, -0.0000000000000000000 ) ) ;
#1350 = PLANE ( 'NONE',  #3146 ) ;
#1351 = CYLINDRICAL_SURFACE ( 'NONE', #80, 0.1003943632526924229 ) ;
#1352 = ORIENTED_EDGE ( 'NONE', *, *, #1860, .F. ) ;
#1353 = PRESENTATION_STYLE_ASSIGNMENT (( #325 ) ) ;
#1354 = VERTEX_POINT ( 'NONE', #2243 ) ;
#1355 = ORIENTED_EDGE ( 'NONE', *, *, #1512, .F. ) ;
#1356 = DIRECTION ( 'NONE',  ( 0.0000000000000000000, 0.0000000000000000000, -1.000000000000000000 ) ) ;
#1357 = ADVANCED_FACE ( 'NONE', ( #3009 ), #1530, .T. ) ;
#1358 = DIRECTION ( 'NONE',  ( -0.0000000000000000000, -1.000000000000000000, -0.0000000000000000000 ) ) ;
#1359 = VERTEX_POINT ( 'NONE', #741 ) ;
#1360 = CARTESIAN_POINT ( 'NONE',  ( -0.5000000000000002220, 0.2000000000000000111, -0.8503943632526923535 ) ) ;
#1361 = FILL_AREA_STYLE ('',( #1618 ) ) ;
#1362 = EDGE_CURVE ( 'NONE', #415, #2089, #441, .T. ) ;
#1363 = FILL_AREA_STYLE_COLOUR ( '', #863 ) ;
#1364 = CARTESIAN_POINT ( 'NONE',  ( -0.5000000000000001110, 0.2000000000066393113, 1.024999999999999911 ) ) ;
#1365 = ORIENTED_EDGE ( 'NONE', *, *, #1187, .T. ) ;
#1366 = COLOUR_RGB ( '',0.7686274509803920907, 0.7686274509803920907, 0.7686274509803920907 ) ;
#1367 = DIRECTION ( 'NONE',  ( 0.0000000000000000000, -1.000000000000000000, 0.0000000000000000000 ) ) ;
#1368 = VERTEX_POINT ( 'NONE', #2231 ) ;
#1369 = DIRECTION ( 'NONE',  ( -0.0000000000000000000, -1.000000000000000000, -0.0000000000000000000 ) ) ;
#1370 = AXIS2_PLACEMENT_3D ( 'NONE', #2184, #2247, #1221 ) ;
#1371 = SURFACE_STYLE_FILL_AREA ( #2075 ) ;
#1372 = DIRECTION ( 'NONE',  ( -0.0000000000000000000, -1.000000000000000000, -0.0000000000000000000 ) ) ;
#1373 = CIRCLE ( 'NONE', #284, 0.1003943632526923119 ) ;
#1374 = PRESENTATION_STYLE_ASSIGNMENT (( #2377 ) ) ;
#1375 = EDGE_LOOP ( 'NONE', ( #2547, #330, #2127, #625 ) ) ;
#1376 = AXIS2_PLACEMENT_3D ( 'NONE', #1446, #165, #1651 ) ;
#1377 = LINE ( 'NONE', #1077, #1546 ) ;
#1378 = SURFACE_STYLE_USAGE ( .BOTH. , #829 ) ;
#1379 = VECTOR ( 'NONE', #2040, 1000.000000000000000 ) ;
#1380 = CYLINDRICAL_SURFACE ( 'NONE', #2278, 0.1003943632526923119 ) ;
#1381 = ORIENTED_EDGE ( 'NONE', *, *, #745, .T. ) ;
#1382 = COLOUR_RGB ( '',0.7529411764705882248, 0.7529411764705882248, 0.7529411764705882248 ) ;
#1383 = ADVANCED_FACE ( 'NONE', ( #2740 ), #3220, .F. ) ;
#1384 = CARTESIAN_POINT ( 'NONE',  ( 0.1499999999999998557, 0.0000000000000000000, -1.024999999999999911 ) ) ;
#1385 = ORIENTED_EDGE ( 'NONE', *, *, #329, .T. ) ;
#1386 = CARTESIAN_POINT ( 'NONE',  ( -0.3996056367473078130, 0.2000000000000000111, -0.7500000000000000000 ) ) ;
#1387 = ORIENTED_EDGE ( 'NONE', *, *, #1167, .T. ) ;
#1388 = CARTESIAN_POINT ( 'NONE',  ( 0.0000000000000000000, 0.0000000000000000000, 0.0000000000000000000 ) ) ;
#1389 = DIRECTION ( 'NONE',  ( 0.0000000000000000000, 0.0000000000000000000, -1.000000000000000000 ) ) ;
#1390 = DIRECTION ( 'NONE',  ( 1.000000000000000000, 0.0000000000000000000, 6.209433971794287875E-16 ) ) ;
#1391 = VERTEX_POINT ( 'NONE', #999 ) ;
#1392 = CARTESIAN_POINT ( 'NONE',  ( 0.6674999999999997602, 0.0000000000000000000, -0.3575000000000000400 ) ) ;
#1393 =( NAMED_UNIT ( * ) PLANE_ANGLE_UNIT ( ) SI_UNIT ( $, .RADIAN. ) );
#1394 = VECTOR ( 'NONE', #170, 1000.000000000000000 ) ;
#1395 = ORIENTED_EDGE ( 'NONE', *, *, #2785, .F. ) ;
#1396 = DIRECTION ( 'NONE',  ( 0.0000000000000000000, 0.0000000000000000000, 1.000000000000000000 ) ) ;
#1397 = EDGE_LOOP ( 'NONE', ( #3088, #2907, #942, #359 ) ) ;
#1398 = DIRECTION ( 'NONE',  ( -0.0000000000000000000, -1.000000000000000000, -0.0000000000000000000 ) ) ;
#1399 = EDGE_CURVE ( 'NONE', #2089, #1858, #754, .T. ) ;
#1400 = ORIENTED_EDGE ( 'NONE', *, *, #1402, .F. ) ;
#1401 = EDGE_CURVE ( 'NONE', #2236, #245, #770, .T. ) ;
#1402 = EDGE_CURVE ( 'NONE', #2349, #406, #1501, .T. ) ;
#1403 = ORIENTED_EDGE ( 'NONE', *, *, #615, .T. ) ;
#1404 = EDGE_CURVE ( 'NONE', #2918, #2633, #2330, .T. ) ;
#1405 = FACE_OUTER_BOUND ( 'NONE', #774, .T. ) ;
#1406 = ORIENTED_EDGE ( 'NONE', *, *, #2784, .T. ) ;
#1407 = SURFACE_STYLE_FILL_AREA ( #2926 ) ;
#1408 = ORIENTED_EDGE ( 'NONE', *, *, #1978, .F. ) ;
#1409 =( LENGTH_UNIT ( ) NAMED_UNIT ( * ) SI_UNIT ( .MILLI., .METRE. ) );
#1410 = SURFACE_STYLE_USAGE ( .BOTH. , #1199 ) ;
#1411 =( LENGTH_UNIT ( ) NAMED_UNIT ( * ) SI_UNIT ( .MILLI., .METRE. ) );
#1412 = UNCERTAINTY_MEASURE_WITH_UNIT (LENGTH_MEASURE( 1.000000000000000082E-05 ), #1409, 'distance_accuracy_value', 'NONE');
#1413 = FILL_AREA_STYLE_COLOUR ( '', #1382 ) ;
#1414 = ORIENTED_EDGE ( 'NONE', *, *, #2591, .T. ) ;
#1415 = DIRECTION ( 'NONE',  ( 5.288791085295144272E-17, -0.0000000000000000000, 1.000000000000000000 ) ) ;
#1416 = DIRECTION ( 'NONE',  ( 0.0000000000000000000, 1.000000000000000000, 0.0000000000000000000 ) ) ;
#1417 = ORIENTED_EDGE ( 'NONE', *, *, #88, .T. ) ;
#1418 = FILL_AREA_STYLE_COLOUR ( '', #1105 ) ;
#1419 = ORIENTED_EDGE ( 'NONE', *, *, #1779, .F. ) ;
#1420 = VECTOR ( 'NONE', #838, 1000.000000000000000 ) ;
#1421 = VECTOR ( 'NONE', #856, 1000.000000000000000 ) ;
#1422 = ORIENTED_EDGE ( 'NONE', *, *, #143, .T. ) ;
#1423 = DIRECTION ( 'NONE',  ( 1.707404996040164018E-16, 0.0000000000000000000, -1.000000000000000000 ) ) ;
#1424 = ORIENTED_EDGE ( 'NONE', *, *, #1163, .F. ) ;
#1425 = EDGE_CURVE ( 'NONE', #2471, #696, #1549, .T. ) ;
#1426 = CARTESIAN_POINT ( 'NONE',  ( -0.3996056367473078130, 0.2000000000000000111, 0.7500000000000000000 ) ) ;
#1427 = DIRECTION ( 'NONE',  ( -0.0000000000000000000, 1.000000000000000000, -0.0000000000000000000 ) ) ;
#1428 = LINE ( 'NONE', #687, #2636 ) ;
#1429 = VECTOR ( 'NONE', #1559, 1000.000000000000000 ) ;
#1430 = PLANE ( 'NONE',  #2317 ) ;
#1431 = COLOUR_RGB ( '',0.7686274509803920907, 0.7686274509803920907, 0.7686274509803920907 ) ;
#1432 = VECTOR ( 'NONE', #2267, 1000.000000000000000 ) ;
#1433 = DIRECTION ( 'NONE',  ( 0.0000000000000000000, -0.0000000000000000000, 1.000000000000000000 ) ) ;
#1434 =( NAMED_UNIT ( * ) PLANE_ANGLE_UNIT ( ) SI_UNIT ( $, .RADIAN. ) );
#1435 = ORIENTED_EDGE ( 'NONE', *, *, #516, .F. ) ;
#1436 = MECHANICAL_DESIGN_GEOMETRIC_PRESENTATION_REPRESENTATION (  '', ( #3047 ), #964 ) ;
#1437 = DIRECTION ( 'NONE',  ( -0.0000000000000000000, 0.0000000000000000000, 1.000000000000000000 ) ) ;
#1438 = ORIENTED_EDGE ( 'NONE', *, *, #351, .T. ) ;
#1439 = VECTOR ( 'NONE', #2186, 1000.000000000000000 ) ;
#1440 = EDGE_LOOP ( 'NONE', ( #3077, #1435, #747, #560 ) ) ;
#1441 = VECTOR ( 'NONE', #362, 1000.000000000000000 ) ;
#1442 = ORIENTED_EDGE ( 'NONE', *, *, #248, .F. ) ;
#1443 = CARTESIAN_POINT ( 'NONE',  ( 0.6674999999999997602, 500000.0000000000582, -0.4749999999999999778 ) ) ;
#1444 = DIRECTION ( 'NONE',  ( 0.0000000000000000000, -1.000000000000000000, 0.0000000000000000000 ) ) ;
#1445 = DIRECTION ( 'NONE',  ( -1.000000000000000000, 0.0000000000000000000, -0.0000000000000000000 ) ) ;
#1446 = CARTESIAN_POINT ( 'NONE',  ( -0.2503943632526924312, 0.0000000000000000000, -0.8503943632526923535 ) ) ;
#1447 = ADVANCED_FACE ( 'NONE', ( #809 ), #565, .T. ) ;
#1448 = EDGE_CURVE ( 'NONE', #2681, #1903, #249, .T. ) ;
#1449 = LINE ( 'NONE', #1686, #2897 ) ;
#1450 =( LENGTH_UNIT ( ) NAMED_UNIT ( * ) SI_UNIT ( .MILLI., .METRE. ) );
#1451 = ORIENTED_EDGE ( 'NONE', *, *, #471, .F. ) ;
#1452 = CARTESIAN_POINT ( 'NONE',  ( 0.6003943632526922425, 0.0000000000000000000, -0.7499999999999998890 ) ) ;
#1453 =( NAMED_UNIT ( * ) SI_UNIT ( $, .STERADIAN. ) SOLID_ANGLE_UNIT ( ) );
#1454 = EDGE_LOOP ( 'NONE', ( #640, #138, #1693, #2298, #1403, #883, #275, #2924, #3001, #967, #1839, #2269, #902, #2017, #2898, #1203 ) ) ;
#1455 = ORIENTED_EDGE ( 'NONE', *, *, #351, .F. ) ;
#1456 = SURFACE_STYLE_USAGE ( .BOTH. , #251 ) ;
#1457 = DIRECTION ( 'NONE',  ( 0.0000000000000000000, 0.0000000000000000000, -1.000000000000000000 ) ) ;
#1458 = LINE ( 'NONE', #1988, #179 ) ;
#1459 = DIRECTION ( 'NONE',  ( 6.209433971794283930E-16, 0.0000000000000000000, -1.000000000000000000 ) ) ;
#1460 = FILL_AREA_STYLE ('',( #2930 ) ) ;
#1461 = ADVANCED_FACE ( 'NONE', ( #16 ), #1247, .F. ) ;
#1462 = EDGE_CURVE ( 'NONE', #525, #2561, #3017, .T. ) ;
#1463 = LINE ( 'NONE', #3191, #3098 ) ;
#1464 = ORIENTED_EDGE ( 'NONE', *, *, #2866, .T. ) ;
#1465 = CARTESIAN_POINT ( 'NONE',  ( 0.7999999999999999334, 0.2000000000066393113, 1.024999999999999911 ) ) ;
#1466 = PLANE ( 'NONE',  #796 ) ;
#1467 = EDGE_LOOP ( 'NONE', ( #1883, #2720, #1481, #2393 ) ) ;
#1468 = UNCERTAINTY_MEASURE_WITH_UNIT (LENGTH_MEASURE( 1.000000000000000082E-05 ), #81, 'distance_accuracy_value', 'NONE');
#1469 = ORIENTED_EDGE ( 'NONE', *, *, #2563, .F. ) ;
#1470 = PRESENTATION_LAYER_ASSIGNMENT (  '', '', ( #377 ) ) ;
#1471 = VECTOR ( 'NONE', #1215, 1000.000000000000000 ) ;
#1472 = CARTESIAN_POINT ( 'NONE',  ( -0.3996056367473078130, -0.02500000000000000139, 0.8503943632526923535 ) ) ;
#1473 = DIRECTION ( 'NONE',  ( 0.0000000000000000000, -1.000000000000000000, 0.0000000000000000000 ) ) ;
#1474 = CARTESIAN_POINT ( 'NONE',  ( -0.1500000000000001332, -0.02500000000000000139, -0.8503943632526923535 ) ) ;
#1475 = UNCERTAINTY_MEASURE_WITH_UNIT (LENGTH_MEASURE( 1.000000000000000082E-05 ), #1900, 'distance_accuracy_value', 'NONE');
#1476 =( NAMED_UNIT ( * ) SI_UNIT ( $, .STERADIAN. ) SOLID_ANGLE_UNIT ( ) );
#1477 = PRESENTATION_STYLE_ASSIGNMENT (( #1965 ) ) ;
#1478 = VECTOR ( 'NONE', #1984, 1000.000000000000000 ) ;
#1479 = LINE ( 'NONE', #2147, #2273 ) ;
#1480 = SURFACE_STYLE_FILL_AREA ( #2514 ) ;
#1481 = ORIENTED_EDGE ( 'NONE', *, *, #830, .T. ) ;
#1482 = PLANE ( 'NONE',  #2417 ) ;
#1483 = ORIENTED_EDGE ( 'NONE', *, *, #2866, .F. ) ;
#1484 = VECTOR ( 'NONE', #628, 1000.000000000000000 ) ;
#1485 = EDGE_CURVE ( 'NONE', #2370, #2420, #543, .T. ) ;
#1486 =( GEOMETRIC_REPRESENTATION_CONTEXT ( 3 ) GLOBAL_UNCERTAINTY_ASSIGNED_CONTEXT ( ( #1212 ) ) GLOBAL_UNIT_ASSIGNED_CONTEXT ( ( #555, #2976, #243 ) ) REPRESENTATION_CONTEXT ( 'NONE', 'WORKASPACE' ) );
#1487 = DIRECTION ( 'NONE',  ( 1.000000000000000000, 0.0000000000000000000, -0.0000000000000000000 ) ) ;
#1488 = CARTESIAN_POINT ( 'NONE',  ( 0.7999999999999999334, 0.2000000000000000111, 0.8503943632526924645 ) ) ;
#1489 = DIRECTION ( 'NONE',  ( 0.0000000000000000000, -1.000000000000000000, 0.0000000000000000000 ) ) ;
#1490 = CYLINDRICAL_SURFACE ( 'NONE', #1266, 0.1003943632526924229 ) ;
#1491 = CARTESIAN_POINT ( 'NONE',  ( -0.5000000000000002220, 0.2000000000066393113, 0.8503943632526923535 ) ) ;
#1492 = CARTESIAN_POINT ( 'NONE',  ( 0.8000000000000007105, 0.2000000000000000111, -1.024999999999999911 ) ) ;
#1493 = ORIENTED_EDGE ( 'NONE', *, *, #1974, .F. ) ;
#1494 = DIRECTION ( 'NONE',  ( -0.0000000000000000000, -1.000000000000000000, -0.0000000000000000000 ) ) ;
#1495 = EDGE_LOOP ( 'NONE', ( #2378, #1124, #1625, #1807, #3014, #587 ) ) ;
#1496 = EDGE_CURVE ( 'NONE', #2587, #313, #1522, .T. ) ;
#1497 = DIRECTION ( 'NONE',  ( 0.0000000000000000000, 0.0000000000000000000, -1.000000000000000000 ) ) ;
#1498 = DIRECTION ( 'NONE',  ( 0.0000000000000000000, -1.000000000000000000, 0.0000000000000000000 ) ) ;
#1499 = EDGE_CURVE ( 'NONE', #1611, #1933, #2742, .T. ) ;
#1500 = DIRECTION ( 'NONE',  ( -0.0000000000000000000, -1.000000000000000000, -0.0000000000000000000 ) ) ;
#1501 = LINE ( 'NONE', #2557, #2108 ) ;
#1502 = DIRECTION ( 'NONE',  ( 0.0000000000000000000, -1.000000000000000000, 0.0000000000000000000 ) ) ;
#1503 =( NAMED_UNIT ( * ) PLANE_ANGLE_UNIT ( ) SI_UNIT ( $, .RADIAN. ) );
#1504 = DIRECTION ( 'NONE',  ( -6.209433971794283930E-16, -0.0000000000000000000, 1.000000000000000000 ) ) ;
#1505 = FACE_OUTER_BOUND ( 'NONE', #1670, .T. ) ;
#1506 = VERTEX_POINT ( 'NONE', #1983 ) ;
#1507 = CARTESIAN_POINT ( 'NONE',  ( 0.4999999999999997780, 0.2000000000000000111, -0.8503943632526923535 ) ) ;
#1508 = ORIENTED_EDGE ( 'NONE', *, *, #589, .F. ) ;
#1509 = FILL_AREA_STYLE ('',( #2290 ) ) ;
#1510 = EDGE_LOOP ( 'NONE', ( #1145, #2957, #594, #1655 ) ) ;
#1511 = PLANE ( 'NONE',  #1997 ) ;
#1512 = EDGE_CURVE ( 'NONE', #1539, #958, #2537, .T. ) ;
#1513 = ADVANCED_FACE ( 'NONE', ( #50 ), #1793, .T. ) ;
#1514 = LINE ( 'NONE', #1713, #2748 ) ;
#1515 =( LENGTH_UNIT ( ) NAMED_UNIT ( * ) SI_UNIT ( .MILLI., .METRE. ) );
#1516 = LINE ( 'NONE', #523, #79 ) ;
#1517 = COLOUR_RGB ( '',0.7686274509803920907, 0.7686274509803920907, 0.7686274509803920907 ) ;
#1518 = VERTEX_POINT ( 'NONE', #776 ) ;
#1519 = DIRECTION ( 'NONE',  ( 1.000000000000000000, 0.0000000000000000000, -0.0000000000000000000 ) ) ;
#1520 = EDGE_LOOP ( 'NONE', ( #2813, #1950, #93, #868 ) ) ;
#1521 = STYLED_ITEM ( 'NONE', ( #1636 ), #1305 ) ;
#1522 = LINE ( 'NONE', #2984, #501 ) ;
#1523 =( NAMED_UNIT ( * ) PLANE_ANGLE_UNIT ( ) SI_UNIT ( $, .RADIAN. ) );
#1524 =( NAMED_UNIT ( * ) PLANE_ANGLE_UNIT ( ) SI_UNIT ( $, .RADIAN. ) );
#1525 = AXIS2_PLACEMENT_3D ( 'NONE', #2027, #3022, #790 ) ;
#1526 = EDGE_LOOP ( 'NONE', ( #1777, #2134, #261, #219, #65 ) ) ;
#1527 = AXIS2_PLACEMENT_3D ( 'NONE', #1717, #524, #1980 ) ;
#1528 = CARTESIAN_POINT ( 'NONE',  ( 0.4999999999999997780, 0.0000000000000000000, -0.8503943632526923535 ) ) ;
#1529 = CARTESIAN_POINT ( 'NONE',  ( 0.6674999999999997602, 0.0000000000000000000, -0.3575000000000000400 ) ) ;
#1530 = CYLINDRICAL_SURFACE ( 'NONE', #3043, 0.1174999999999999795 ) ;
#1531 = STYLED_ITEM ( 'NONE', ( #1945 ), #1876 ) ;
#1532 = ADVANCED_FACE ( 'NONE', ( #2034 ), #2753, .T. ) ;
#1533 = DIRECTION ( 'NONE',  ( -1.000000000000000000, 0.0000000000000000000, 0.0000000000000000000 ) ) ;
#1534 = EDGE_CURVE ( 'NONE', #1518, #158, #1136, .T. ) ;
#1535 = CARTESIAN_POINT ( 'NONE',  ( 0.6996056367473081350, 0.0000000000000000000, -0.8503943632526924645 ) ) ;
#1536 = CARTESIAN_POINT ( 'NONE',  ( 0.5499999999999998224, 500000.0000000000582, -0.3575000000000000400 ) ) ;
#1537 = DIRECTION ( 'NONE',  ( -0.0000000000000000000, -1.000000000000000000, -0.0000000000000000000 ) ) ;
#1538 = EDGE_CURVE ( 'NONE', #1820, #2951, #1822, .T. ) ;
#1539 = VERTEX_POINT ( 'NONE', #1855 ) ;
#1540 = CARTESIAN_POINT ( 'NONE',  ( 0.7999999999999999334, 0.2000000000000000111, 0.8503943632526924645 ) ) ;
#1541 = DIRECTION ( 'NONE',  ( -3.104716985897143937E-16, -0.0000000000000000000, -1.000000000000000000 ) ) ;
#1542 = VERTEX_POINT ( 'NONE', #1384 ) ;
#1543 = DIRECTION ( 'NONE',  ( -1.000000000000000000, -0.0000000000000000000, -0.0000000000000000000 ) ) ;
#1544 = DIRECTION ( 'NONE',  ( 1.000000000000000000, 0.0000000000000000000, 0.0000000000000000000 ) ) ;
#1545 = ORIENTED_EDGE ( 'NONE', *, *, #2287, .F. ) ;
#1546 = VECTOR ( 'NONE', #1586, 1000.000000000000000 ) ;
#1547 = SURFACE_STYLE_FILL_AREA ( #1068 ) ;
#1548 = DIRECTION ( 'NONE',  ( 0.0000000000000000000, -1.000000000000000000, 0.0000000000000000000 ) ) ;
#1549 = LINE ( 'NONE', #317, #180 ) ;
#1550 = FACE_OUTER_BOUND ( 'NONE', #2057, .T. ) ;
#1551 =( LENGTH_UNIT ( ) NAMED_UNIT ( * ) SI_UNIT ( .MILLI., .METRE. ) );
#1552 = CARTESIAN_POINT ( 'NONE',  ( -0.3996056367473078130, 0.2000000000066393113, -0.7500000000000000000 ) ) ;
#1553 = PLANE ( 'NONE',  #2487 ) ;
#1554 = VERTEX_POINT ( 'NONE', #2348 ) ;
#1555 = ADVANCED_FACE ( 'NONE', ( #1323 ), #105, .T. ) ;
#1556 = EDGE_CURVE ( 'NONE', #899, #2561, #624, .T. ) ;
#1557 = EDGE_LOOP ( 'NONE', ( #2117, #2622, #425, #2864, #1620, #994, #2441, #2016, #1891, #491, #203, #2302, #1679, #1493, #1904, #2251 ) ) ;
#1558 = VERTEX_POINT ( 'NONE', #1592 ) ;
#1559 = DIRECTION ( 'NONE',  ( 6.209433971794287875E-16, -0.0000000000000000000, 1.000000000000000000 ) ) ;
#1560 = SURFACE_SIDE_STYLE ('',( #789 ) ) ;
#1561 = CARTESIAN_POINT ( 'NONE',  ( 0.6674999999999997602, 0.2000000000000000111, -0.3575000000000000400 ) ) ;
#1562 = DIRECTION ( 'NONE',  ( 0.0000000000000000000, 1.000000000000000000, 0.0000000000000000000 ) ) ;
#1563 =( NAMED_UNIT ( * ) PLANE_ANGLE_UNIT ( ) SI_UNIT ( $, .RADIAN. ) );
#1564 =( NAMED_UNIT ( * ) SI_UNIT ( $, .STERADIAN. ) SOLID_ANGLE_UNIT ( ) );
#1565 = APPLICATION_CONTEXT ( 'automotive_design' ) ;
#1566 = AXIS2_PLACEMENT_3D ( 'NONE', #66, #1256, #1292 ) ;
#1567 =( LENGTH_UNIT ( ) NAMED_UNIT ( * ) SI_UNIT ( .MILLI., .METRE. ) );
#1568 = ORIENTED_EDGE ( 'NONE', *, *, #1600, .F. ) ;
#1569 = VECTOR ( 'NONE', #749, 1000.000000000000000 ) ;
#1570 = AXIS2_PLACEMENT_3D ( 'NONE', #1472, #1427, #2915 ) ;
#1571 = PRESENTATION_LAYER_ASSIGNMENT (  '', '', ( #2986 ) ) ;
#1572 = ORIENTED_EDGE ( 'NONE', *, *, #3059, .F. ) ;
#1573 = CARTESIAN_POINT ( 'NONE',  ( -0.3996056367473078130, 0.2000000000066393113, -0.8503943632526923535 ) ) ;
#1574 = ORIENTED_EDGE ( 'NONE', *, *, #2182, .F. ) ;
#1575 = PRESENTATION_LAYER_ASSIGNMENT (  '', '', ( #2168 ) ) ;
#1576 =( NAMED_UNIT ( * ) SI_UNIT ( $, .STERADIAN. ) SOLID_ANGLE_UNIT ( ) );
#1577 = PRESENTATION_LAYER_ASSIGNMENT (  '', '', ( #14 ) ) ;
#1578 = AXIS2_PLACEMENT_3D ( 'NONE', #2296, #57, #1052 ) ;
#1579 = VECTOR ( 'NONE', #2989, 1000.000000000000000 ) ;
#1580 =( NAMED_UNIT ( * ) SI_UNIT ( $, .STERADIAN. ) SOLID_ANGLE_UNIT ( ) );
#1581 = LINE ( 'NONE', #3053, #2271 ) ;
#1582 = VECTOR ( 'NONE', #285, 1000.000000000000000 ) ;
#1583 = STYLED_ITEM ( 'NONE', ( #679 ), #1712 ) ;
#1584 = DIRECTION ( 'NONE',  ( -1.000000000000000000, -0.0000000000000000000, -0.0000000000000000000 ) ) ;
#1585 = LINE ( 'NONE', #888, #164 ) ;
#1586 = DIRECTION ( 'NONE',  ( 5.288791085295144272E-17, -0.0000000000000000000, 1.000000000000000000 ) ) ;
#1587 = SURFACE_STYLE_FILL_AREA ( #890 ) ;
#1588 = DIRECTION ( 'NONE',  ( 0.0000000000000000000, 0.0000000000000000000, 1.000000000000000000 ) ) ;
#1589 = SURFACE_STYLE_FILL_AREA ( #1790 ) ;
#1590 = EDGE_LOOP ( 'NONE', ( #2825, #2300, #2867, #2811 ) ) ;
#1591 = UNCERTAINTY_MEASURE_WITH_UNIT (LENGTH_MEASURE( 1.000000000000000082E-05 ), #2015, 'distance_accuracy_value', 'NONE');
#1592 = CARTESIAN_POINT ( 'NONE',  ( 0.5500000000000000444, -0.02500000000000000139, 0.2775000000000000799 ) ) ;
#1593 = ORIENTED_EDGE ( 'NONE', *, *, #3072, .T. ) ;
#1594 = DIRECTION ( 'NONE',  ( -1.000000000000000000, 0.0000000000000000000, 3.104716985897143937E-16 ) ) ;
#1595 = ORIENTED_EDGE ( 'NONE', *, *, #365, .T. ) ;
#1596 = EDGE_CURVE ( 'NONE', #680, #427, #591, .T. ) ;
#1597 = APPLICATION_PROTOCOL_DEFINITION ( 'draft international standard', 'automotive_design', 1998, #2413 ) ;
#1598 = CARTESIAN_POINT ( 'NONE',  ( -0.3996056367473078130, 0.0000000000000000000, -0.8503943632526923535 ) ) ;
#1599 = AXIS2_PLACEMENT_3D ( 'NONE', #418, #690, #1171 ) ;
#1600 = EDGE_CURVE ( 'NONE', #2208, #3005, #370, .T. ) ;
#1601 = LINE ( 'NONE', #2804, #1949 ) ;
#1602 = ORIENTED_EDGE ( 'NONE', *, *, #2124, .F. ) ;
#1603 = FILL_AREA_STYLE ('',( #1616 ) ) ;
#1604 =( NAMED_UNIT ( * ) SI_UNIT ( $, .STERADIAN. ) SOLID_ANGLE_UNIT ( ) );
#1605 = DIRECTION ( 'NONE',  ( 0.0000000000000000000, -0.0000000000000000000, -1.000000000000000000 ) ) ;
#1606 = DIRECTION ( 'NONE',  ( 0.0000000000000000000, -1.000000000000000000, 0.0000000000000000000 ) ) ;
#1607 = VERTEX_POINT ( 'NONE', #2600 ) ;
#1608 = CARTESIAN_POINT ( 'NONE',  ( 0.6003943632526922425, 0.2000000000000000111, -0.7499999999999998890 ) ) ;
#1609 = ORIENTED_EDGE ( 'NONE', *, *, #1027, .T. ) ;
#1610 = SURFACE_STYLE_USAGE ( .BOTH. , #663 ) ;
#1611 = VERTEX_POINT ( 'NONE', #3107 ) ;
#1612 = SURFACE_STYLE_USAGE ( .BOTH. , #2137 ) ;
#1613 = DIRECTION ( 'NONE',  ( 0.0000000000000000000, 1.000000000000000000, 0.0000000000000000000 ) ) ;
#1614 = EDGE_LOOP ( 'NONE', ( #1609, #1647, #3128, #3103 ) ) ;
#1615 = ORIENTED_EDGE ( 'NONE', *, *, #143, .F. ) ;
#1616 = FILL_AREA_STYLE_COLOUR ( '', #2041 ) ;
#1617 = EDGE_CURVE ( 'NONE', #2100, #2049, #1123, .T. ) ;
#1618 = FILL_AREA_STYLE_COLOUR ( '', #1224 ) ;
#1619 = CARTESIAN_POINT ( 'NONE',  ( 0.4999999999999997780, 0.2000000000000000111, 1.024999999999999911 ) ) ;
#1620 = ORIENTED_EDGE ( 'NONE', *, *, #2974, .T. ) ;
#1621 = MECHANICAL_DESIGN_GEOMETRIC_PRESENTATION_REPRESENTATION (  '', ( #374 ), #1318 ) ;
#1622 = VECTOR ( 'NONE', #246, 1000.000000000000000 ) ;
#1623 = FILL_AREA_STYLE_COLOUR ( '', #2212 ) ;
#1624 = STYLED_ITEM ( 'NONE', ( #2829 ), #991 ) ;
#1625 = ORIENTED_EDGE ( 'NONE', *, *, #3111, .F. ) ;
#1626 = VERTEX_POINT ( 'NONE', #1838 ) ;
#1627 = ORIENTED_EDGE ( 'NONE', *, *, #2264, .T. ) ;
#1628 = CIRCLE ( 'NONE', #1109, 0.1003943632526924229 ) ;
#1629 = CIRCLE ( 'NONE', #2736, 0.1003943632526924229 ) ;
#1630 = DIRECTION ( 'NONE',  ( 1.000000000000000000, 0.0000000000000000000, 0.0000000000000000000 ) ) ;
#1631 = CARTESIAN_POINT ( 'NONE',  ( 0.0000000000000000000, 0.0000000000000000000, 0.0000000000000000000 ) ) ;
#1632 = VECTOR ( 'NONE', #2114, 1000.000000000000000 ) ;
#1633 = MECHANICAL_DESIGN_GEOMETRIC_PRESENTATION_REPRESENTATION (  '', ( #1685 ), #2478 ) ;
#1634 = CARTESIAN_POINT ( 'NONE',  ( 0.6996056367473075799, -0.02500000000000000139, 0.8503943632526924645 ) ) ;
#1635 = ORIENTED_EDGE ( 'NONE', *, *, #571, .F. ) ;
#1636 = PRESENTATION_STYLE_ASSIGNMENT (( #906 ) ) ;
#1637 = EDGE_CURVE ( 'NONE', #313, #1691, #2843, .T. ) ;
#1638 = DIRECTION ( 'NONE',  ( 3.104716985897143937E-16, 0.0000000000000000000, -1.000000000000000000 ) ) ;
#1639 = FILL_AREA_STYLE ('',( #300 ) ) ;
#1640 = ADVANCED_FACE ( 'NONE', ( #612 ), #2319, .T. ) ;
#1641 = FILL_AREA_STYLE_COLOUR ( '', #1335 ) ;
#1642 = ORIENTED_EDGE ( 'NONE', *, *, #2304, .F. ) ;
#1643 = DIRECTION ( 'NONE',  ( 0.0000000000000000000, 0.0000000000000000000, 1.000000000000000000 ) ) ;
#1644 = EDGE_LOOP ( 'NONE', ( #1108, #3109, #714, #459 ) ) ;
#1645 = ORIENTED_EDGE ( 'NONE', *, *, #3198, .F. ) ;
#1646 = LINE ( 'NONE', #1875, #1894 ) ;
#1647 = ORIENTED_EDGE ( 'NONE', *, *, #1043, .F. ) ;
#1648 =( LENGTH_UNIT ( ) NAMED_UNIT ( * ) SI_UNIT ( .MILLI., .METRE. ) );
#1649 = ORIENTED_EDGE ( 'NONE', *, *, #2188, .F. ) ;
#1650 = VECTOR ( 'NONE', #2013, 1000.000000000000000 ) ;
#1651 = DIRECTION ( 'NONE',  ( 0.0000000000000000000, 0.0000000000000000000, 1.000000000000000000 ) ) ;
#1652 = SURFACE_STYLE_USAGE ( .BOTH. , #3120 ) ;
#1653 = ORIENTED_EDGE ( 'NONE', *, *, #811, .F. ) ;
#1654 = SURFACE_SIDE_STYLE ('',( #228 ) ) ;
#1655 = ORIENTED_EDGE ( 'NONE', *, *, #1932, .T. ) ;
#1656 = DIRECTION ( 'NONE',  ( 0.0000000000000000000, 0.0000000000000000000, 1.000000000000000000 ) ) ;
#1657 = ORIENTED_EDGE ( 'NONE', *, *, #2063, .T. ) ;
#1658 = EDGE_CURVE ( 'NONE', #2464, #347, #2536, .T. ) ;
#1659 = ADVANCED_FACE ( 'NONE', ( #3123 ), #729, .T. ) ;
#1660 = VERTEX_POINT ( 'NONE', #912 ) ;
#1661 = FACE_BOUND ( 'NONE', #409, .T. ) ;
#1662 = CARTESIAN_POINT ( 'NONE',  ( 0.1499999999999998557, 0.2000000000000000111, -1.024999999999999911 ) ) ;
#1663 = EDGE_LOOP ( 'NONE', ( #296, #1293, #1572, #614 ) ) ;
#1664 = CARTESIAN_POINT ( 'NONE',  ( 0.5500000000000000444, 0.2000000000000000111, 0.2775000000000000799 ) ) ;
#1665 = LINE ( 'NONE', #2431, #716 ) ;
#1666 = DIRECTION ( 'NONE',  ( -0.0000000000000000000, -1.000000000000000000, -0.0000000000000000000 ) ) ;
#1667 = EDGE_LOOP ( 'NONE', ( #3082, #2945, #2423, #2517, #200, #816, #1451, #1080, #2203, #2438, #3050, #1352, #2822, #1311, #1823, #2922 ) ) ;
#1668 = SURFACE_STYLE_FILL_AREA ( #3212 ) ;
#1669 = FILL_AREA_STYLE_COLOUR ( '', #720 ) ;
#1670 = EDGE_LOOP ( 'NONE', ( #3149, #1759, #1627, #1707 ) ) ;
#1671 = DIRECTION ( 'NONE',  ( 0.0000000000000000000, 0.0000000000000000000, -1.000000000000000000 ) ) ;
#1672 = VERTEX_POINT ( 'NONE', #2451 ) ;
#1673 = EDGE_CURVE ( 'NONE', #394, #2918, #214, .T. ) ;
#1674 = ADVANCED_FACE ( 'NONE', ( #2202 ), #2650, .F. ) ;
#1675 = VERTEX_POINT ( 'NONE', #154 ) ;
#1676 = CARTESIAN_POINT ( 'NONE',  ( 0.7849999999999998090, 0.2000000000066393113, 0.2775000000000000799 ) ) ;
#1677 = VECTOR ( 'NONE', #92, 1000.000000000000000 ) ;
#1678 = STYLED_ITEM ( 'NONE', ( #2009 ), #3160 ) ;
#1679 = ORIENTED_EDGE ( 'NONE', *, *, #253, .T. ) ;
#1680 = CARTESIAN_POINT ( 'NONE',  ( -0.3996056367473078130, 0.2000000000000000111, 0.8503943632526923535 ) ) ;
#1681 = CARTESIAN_POINT ( 'NONE',  ( -0.5000000000000001110, 0.2000000000000000111, 1.024999999999999911 ) ) ;
#1682 = CIRCLE ( 'NONE', #2852, 0.1003943632526923119 ) ;
#1683 = SURFACE_STYLE_FILL_AREA ( #1217 ) ;
#1684 = VECTOR ( 'NONE', #1504, 1000.000000000000000 ) ;
#1685 = STYLED_ITEM ( 'NONE', ( #950 ), #312 ) ;
#1686 = CARTESIAN_POINT ( 'NONE',  ( 0.1499999999999999667, -0.0000000000000000000, 1.024999999999999911 ) ) ;
#1687 = ORIENTED_EDGE ( 'NONE', *, *, #2468, .T. ) ;
#1688 = LINE ( 'NONE', #1901, #281 ) ;
#1689 = MECHANICAL_DESIGN_GEOMETRIC_PRESENTATION_REPRESENTATION (  '', ( #2844 ), #3201 ) ;
#1690 = AXIS2_PLACEMENT_3D ( 'NONE', #2721, #2227, #996 ) ;
#1691 = VERTEX_POINT ( 'NONE', #1154 ) ;
#1692 = DIRECTION ( 'NONE',  ( -0.0000000000000000000, -1.000000000000000000, -0.0000000000000000000 ) ) ;
#1693 = ORIENTED_EDGE ( 'NONE', *, *, #1001, .T. ) ;
#1694 = DIRECTION ( 'NONE',  ( -0.0000000000000000000, 1.000000000000000000, -0.0000000000000000000 ) ) ;
#1695 = ORIENTED_EDGE ( 'NONE', *, *, #1737, .T. ) ;
#1696 = DIRECTION ( 'NONE',  ( 0.0000000000000000000, -1.000000000000000000, 0.0000000000000000000 ) ) ;
#1697 = DIRECTION ( 'NONE',  ( -1.000000000000000000, -0.0000000000000000000, -0.0000000000000000000 ) ) ;
#1698 = EDGE_CURVE ( 'NONE', #1558, #177, #1463, .T. ) ;
#1699 = DIRECTION ( 'NONE',  ( -6.209433971794287875E-16, 0.0000000000000000000, -1.000000000000000000 ) ) ;
#1700 =( NAMED_UNIT ( * ) PLANE_ANGLE_UNIT ( ) SI_UNIT ( $, .RADIAN. ) );
#1701 = SURFACE_STYLE_USAGE ( .BOTH. , #2201 ) ;
#1702 = COLOUR_RGB ( '',0.7686274509803920907, 0.7686274509803920907, 0.7686274509803920907 ) ;
#1703 = ORIENTED_EDGE ( 'NONE', *, *, #2940, .T. ) ;
#1704 = PLANE ( 'NONE',  #1785 ) ;
#1705 = DIRECTION ( 'NONE',  ( -6.209433971794283930E-16, -0.0000000000000000000, 1.000000000000000000 ) ) ;
#1706 = ORIENTED_EDGE ( 'NONE', *, *, #571, .T. ) ;
#1707 = ORIENTED_EDGE ( 'NONE', *, *, #2785, .T. ) ;
#1708 = PRESENTATION_STYLE_ASSIGNMENT (( #1456 ) ) ;
#1709 = CARTESIAN_POINT ( 'NONE',  ( -0.1500000000000000777, 0.2000000000000000111, 1.024999999999999911 ) ) ;
#1710 = DIRECTION ( 'NONE',  ( 1.000000000000000000, 0.0000000000000000000, -0.0000000000000000000 ) ) ;
#1711 = DIRECTION ( 'NONE',  ( 0.0000000000000000000, 0.0000000000000000000, -1.000000000000000000 ) ) ;
#1712 = ADVANCED_FACE ( 'NONE', ( #2149 ), #692, .T. ) ;
#1713 = CARTESIAN_POINT ( 'NONE',  ( 0.5500000000000000444, -0.0000000000000000000, 0.2775000000000000799 ) ) ;
#1714 = SURFACE_SIDE_STYLE ('',( #3211 ) ) ;
#1715 = FILL_AREA_STYLE ('',( #744 ) ) ;
#1716 = LINE ( 'NONE', #1153, #1021 ) ;
#1717 = CARTESIAN_POINT ( 'NONE',  ( 0.6674999999999997602, 500000.0000000000582, -0.3575000000000000400 ) ) ;
#1718 = VERTEX_POINT ( 'NONE', #274 ) ;
#1719 = LINE ( 'NONE', #1507, #598 ) ;
#1720 = SURFACE_SIDE_STYLE ('',( #799 ) ) ;
#1721 = ORIENTED_EDGE ( 'NONE', *, *, #631, .T. ) ;
#1722 = SURFACE_STYLE_USAGE ( .BOTH. , #2209 ) ;
#1723 = AXIS2_PLACEMENT_3D ( 'NONE', #318, #1562, #1337 ) ;
#1724 = VECTOR ( 'NONE', #304, 1000.000000000000000 ) ;
#1725 = PRESENTATION_LAYER_ASSIGNMENT (  '', '', ( #758 ) ) ;
#1726 = LINE ( 'NONE', #1709, #2522 ) ;
#1727 = CARTESIAN_POINT ( 'NONE',  ( 0.6996056367473075799, 0.2000000000000000111, 0.8503943632526924645 ) ) ;
#1728 = CARTESIAN_POINT ( 'NONE',  ( -0.3996056367473078130, -0.02500000000000000139, 0.7500000000000000000 ) ) ;
#1729 = UNCERTAINTY_MEASURE_WITH_UNIT (LENGTH_MEASURE( 1.000000000000000082E-05 ), #1170, 'distance_accuracy_value', 'NONE');
#1730 = VECTOR ( 'NONE', #3027, 1000.000000000000000 ) ;
#1731 =( NAMED_UNIT ( * ) SI_UNIT ( $, .STERADIAN. ) SOLID_ANGLE_UNIT ( ) );
#1732 =( NAMED_UNIT ( * ) SI_UNIT ( $, .STERADIAN. ) SOLID_ANGLE_UNIT ( ) );
#1733 = AXIS2_PLACEMENT_3D ( 'NONE', #112, #1110, #2111 ) ;
#1734 = DIRECTION ( 'NONE',  ( 0.0000000000000000000, 0.0000000000000000000, -1.000000000000000000 ) ) ;
#1735 = EDGE_CURVE ( 'NONE', #1092, #2032, #1758, .T. ) ;
#1736 = COLOUR_RGB ( '',0.7686274509803920907, 0.7686274509803920907, 0.7686274509803920907 ) ;
#1737 = EDGE_CURVE ( 'NONE', #1791, #2890, #1020, .T. ) ;
#1738 = FILL_AREA_STYLE ('',( #1242 ) ) ;
#1739 = EDGE_LOOP ( 'NONE', ( #3126, #2876, #818, #917 ) ) ;
#1740 = LINE ( 'NONE', #514, #1934 ) ;
#1741 = ORIENTED_EDGE ( 'NONE', *, *, #1462, .T. ) ;
#1742 = COLOUR_RGB ( '',0.7686274509803920907, 0.7686274509803920907, 0.7686274509803920907 ) ;
#1743 = VECTOR ( 'NONE', #1920, 1000.000000000000000 ) ;
#1744 = ADVANCED_FACE ( 'NONE', ( #1505 ), #2531, .F. ) ;
#1745 = ADVANCED_FACE ( 'NONE', ( #2793 ), #556, .T. ) ;
#1746 = PRESENTATION_LAYER_ASSIGNMENT (  '', '', ( #29 ) ) ;
#1747 = VECTOR ( 'NONE', #1415, 1000.000000000000000 ) ;
#1748 = FILL_AREA_STYLE ('',( #3028 ) ) ;
#1749 = FACE_OUTER_BOUND ( 'NONE', #142, .T. ) ;
#1750 = ORIENTED_EDGE ( 'NONE', *, *, #3033, .F. ) ;
#1751 = VECTOR ( 'NONE', #954, 1000.000000000000000 ) ;
#1752 = DIRECTION ( 'NONE',  ( 0.0000000000000000000, 0.0000000000000000000, -1.000000000000000000 ) ) ;
#1753 = CARTESIAN_POINT ( 'NONE',  ( 0.7849999999999998090, -0.02500000000000000139, 0.2775000000000000799 ) ) ;
#1754 = DIRECTION ( 'NONE',  ( -1.707404996040164018E-16, 0.0000000000000000000, -1.000000000000000000 ) ) ;
#1755 = CARTESIAN_POINT ( 'NONE',  ( 0.6003943632526922425, -0.02500000000000000139, 0.8503943632526924645 ) ) ;
#1756 =( NAMED_UNIT ( * ) PLANE_ANGLE_UNIT ( ) SI_UNIT ( $, .RADIAN. ) );
#1757 = DIRECTION ( 'NONE',  ( 0.0000000000000000000, -1.000000000000000000, 0.0000000000000000000 ) ) ;
#1758 = LINE ( 'NONE', #1787, #1174 ) ;
#1759 = ORIENTED_EDGE ( 'NONE', *, *, #3218, .F. ) ;
#1760 = CYLINDRICAL_SURFACE ( 'NONE', #2675, 0.1174999999999999795 ) ;
#1761 = ORIENTED_EDGE ( 'NONE', *, *, #2628, .T. ) ;
#1762 = UNCERTAINTY_MEASURE_WITH_UNIT (LENGTH_MEASURE( 1.000000000000000082E-05 ), #457, 'distance_accuracy_value', 'NONE');
#1763 = PRESENTATION_STYLE_ASSIGNMENT (( #2552 ) ) ;
#1764 = LINE ( 'NONE', #561, #804 ) ;
#1765 = EDGE_CURVE ( 'NONE', #2999, #2689, #342, .T. ) ;
#1766 = ADVANCED_FACE ( 'NONE', ( #91 ), #1351, .T. ) ;
#1767 = CARTESIAN_POINT ( 'NONE',  ( -0.8000000000000001554, 500000.0000000000582, -1.024999999999999911 ) ) ;
#1768 = DIRECTION ( 'NONE',  ( -1.000000000000000000, -0.0000000000000000000, -0.0000000000000000000 ) ) ;
#1769 = CARTESIAN_POINT ( 'NONE',  ( -0.1500000000000001332, 0.2000000000000000111, -0.8503943632526923535 ) ) ;
#1770 = UNCERTAINTY_MEASURE_WITH_UNIT (LENGTH_MEASURE( 1.000000000000000082E-05 ), #1319, 'distance_accuracy_value', 'NONE');
#1771 = SURFACE_SIDE_STYLE ('',( #2263 ) ) ;
#1772 = SURFACE_STYLE_FILL_AREA ( #522 ) ;
#1773 = FACE_OUTER_BOUND ( 'NONE', #977, .T. ) ;
#1774 = PLANE ( 'NONE',  #3152 ) ;
#1775 = ORIENTED_EDGE ( 'NONE', *, *, #2404, .T. ) ;
#1776 = DIRECTION ( 'NONE',  ( 0.0000000000000000000, 0.0000000000000000000, 1.000000000000000000 ) ) ;
#1777 = ORIENTED_EDGE ( 'NONE', *, *, #2062, .T. ) ;
#1778 = FACE_OUTER_BOUND ( 'NONE', #78, .T. ) ;
#1779 = EDGE_CURVE ( 'NONE', #3046, #1862, #3061, .T. ) ;
#1780 = DIRECTION ( 'NONE',  ( 6.209433971794287875E-16, -0.0000000000000000000, 1.000000000000000000 ) ) ;
#1781 = VECTOR ( 'NONE', #2703, 1000.000000000000000 ) ;
#1782 = MECHANICAL_DESIGN_GEOMETRIC_PRESENTATION_REPRESENTATION (  '', ( #111 ), #797 ) ;
#1783 = DIRECTION ( 'NONE',  ( -0.0000000000000000000, -1.000000000000000000, -0.0000000000000000000 ) ) ;
#1784 = PLANE ( 'NONE',  #3132 ) ;
#1785 = AXIS2_PLACEMENT_3D ( 'NONE', #1819, #1776, #1519 ) ;
#1786 = PRESENTATION_LAYER_ASSIGNMENT (  '', '', ( #546 ) ) ;
#1787 = CARTESIAN_POINT ( 'NONE',  ( 0.7849999999999998090, -0.0000000000000000000, 0.2775000000000000799 ) ) ;
#1788 = MECHANICAL_DESIGN_GEOMETRIC_PRESENTATION_REPRESENTATION (  '', ( #2839 ), #3141 ) ;
#1789 = ORIENTED_EDGE ( 'NONE', *, *, #2304, .T. ) ;
#1790 = FILL_AREA_STYLE ('',( #574 ) ) ;
#1791 = VERTEX_POINT ( 'NONE', #2048 ) ;
#1792 = VECTOR ( 'NONE', #1537, 1000.000000000000000 ) ;
#1793 = CYLINDRICAL_SURFACE ( 'NONE', #606, 0.1003943632526923119 ) ;
#1794 = VECTOR ( 'NONE', #832, 1000.000000000000000 ) ;
#1795 = CIRCLE ( 'NONE', #2213, 0.1003943632526924229 ) ;
#1796 = VERTEX_POINT ( 'NONE', #1118 ) ;
#1797 = VERTEX_POINT ( 'NONE', #2116 ) ;
#1798 = MECHANICAL_DESIGN_GEOMETRIC_PRESENTATION_REPRESENTATION (  '', ( #2328 ), #723 ) ;
#1799 = LINE ( 'NONE', #997, #3137 ) ;
#1800 = DIRECTION ( 'NONE',  ( -5.288791085295144272E-17, 0.0000000000000000000, -1.000000000000000000 ) ) ;
#1801 = CARTESIAN_POINT ( 'NONE',  ( 0.6674999999999998712, 0.2000000000000000111, 0.2775000000000000799 ) ) ;
#1802 = CARTESIAN_POINT ( 'NONE',  ( 0.7999999999999999334, -0.0000000000000000000, 0.8503943632526924645 ) ) ;
#1803 = FACE_OUTER_BOUND ( 'NONE', #2351, .T. ) ;
#1804 = ADVANCED_FACE ( 'NONE', ( #877 ), #1553, .F. ) ;
#1805 = DIRECTION ( 'NONE',  ( -5.288791085295144272E-17, 0.0000000000000000000, -1.000000000000000000 ) ) ;
#1806 = SURFACE_STYLE_USAGE ( .BOTH. , #2270 ) ;
#1807 = ORIENTED_EDGE ( 'NONE', *, *, #365, .F. ) ;
#1808 = ORIENTED_EDGE ( 'NONE', *, *, #349, .T. ) ;
#1809 = CARTESIAN_POINT ( 'NONE',  ( -1.025000000000000133, 0.7500000000000000000, -1.024999999999999911 ) ) ;
#1810 = EDGE_LOOP ( 'NONE', ( #2815, #3179, #683, #1645 ) ) ;
#1811 = PLANE ( 'NONE',  #3099 ) ;
#1812 = AXIS2_PLACEMENT_3D ( 'NONE', #292, #2771, #510 ) ;
#1813 =( LENGTH_UNIT ( ) NAMED_UNIT ( * ) SI_UNIT ( .MILLI., .METRE. ) );
#1814 = LINE ( 'NONE', #564, #2002 ) ;
#1815 = CARTESIAN_POINT ( 'NONE',  ( -0.8000000000000001554, 0.2000000000000000111, -1.024999999999999911 ) ) ;
#1816 = SURFACE_STYLE_FILL_AREA ( #568 ) ;
#1817 = SURFACE_STYLE_FILL_AREA ( #2596 ) ;
#1818 = EDGE_CURVE ( 'NONE', #155, #1303, #2132, .T. ) ;
#1819 = CARTESIAN_POINT ( 'NONE',  ( -0.1500000000000000777, 500000.0000000000582, 1.024999999999999911 ) ) ;
#1820 = VERTEX_POINT ( 'NONE', #2397 ) ;
#1821 = UNCERTAINTY_MEASURE_WITH_UNIT (LENGTH_MEASURE( 1.000000000000000082E-05 ), #2113, 'distance_accuracy_value', 'NONE');
#1822 = LINE ( 'NONE', #2824, #2530 ) ;
#1823 = ORIENTED_EDGE ( 'NONE', *, *, #2569, .F. ) ;
#1824 = DIRECTION ( 'NONE',  ( 1.000000000000000000, 0.0000000000000000000, 0.0000000000000000000 ) ) ;
#1825 = ORIENTED_EDGE ( 'NONE', *, *, #1998, .T. ) ;
#1826 = PRESENTATION_STYLE_ASSIGNMENT (( #1327 ) ) ;
#1827 = CARTESIAN_POINT ( 'NONE',  ( 0.6003943632526922425, 500000.0000000000582, 0.7499999999999998890 ) ) ;
#1828 = DIRECTION ( 'NONE',  ( -0.0000000000000000000, -1.000000000000000000, -0.0000000000000000000 ) ) ;
#1829 = LINE ( 'NONE', #335, #1000 ) ;
#1830 =( LENGTH_UNIT ( ) NAMED_UNIT ( * ) SI_UNIT ( .MILLI., .METRE. ) );
#1831 = VECTOR ( 'NONE', #1533, 1000.000000000000000 ) ;
#1832 = VECTOR ( 'NONE', #2526, 1000.000000000000000 ) ;
#1833 = DIRECTION ( 'NONE',  ( 0.0000000000000000000, -0.0000000000000000000, 1.000000000000000000 ) ) ;
#1834 = ORIENTED_EDGE ( 'NONE', *, *, #2326, .T. ) ;
#1835 = VECTOR ( 'NONE', #713, 1000.000000000000000 ) ;
#1836 =( GEOMETRIC_REPRESENTATION_CONTEXT ( 3 ) GLOBAL_UNCERTAINTY_ASSIGNED_CONTEXT ( ( #3171 ) ) GLOBAL_UNIT_ASSIGNED_CONTEXT ( ( #3, #3068, #1580 ) ) REPRESENTATION_CONTEXT ( 'NONE', 'WORKASPACE' ) );
#1837 = EDGE_CURVE ( 'NONE', #1554, #1820, #1169, .T. ) ;
#1838 = CARTESIAN_POINT ( 'NONE',  ( -0.5000000000000001110, 0.0000000000000000000, -1.024999999999999911 ) ) ;
#1839 = ORIENTED_EDGE ( 'NONE', *, *, #2962, .T. ) ;
#1840 = CARTESIAN_POINT ( 'NONE',  ( -0.5000000000000002220, -0.02500000000000000139, 0.8503943632526923535 ) ) ;
#1841 =( LENGTH_UNIT ( ) NAMED_UNIT ( * ) SI_UNIT ( .MILLI., .METRE. ) );
#1842 = EDGE_CURVE ( 'NONE', #872, #1079, #2115, .T. ) ;
#1843 = AXIS2_PLACEMENT_3D ( 'NONE', #448, #1444, #1864 ) ;
#1844 = COLOUR_RGB ( '',0.7686274509803920907, 0.7686274509803920907, 0.7686274509803920907 ) ;
#1845 = CARTESIAN_POINT ( 'NONE',  ( 0.1499999999999999667, 500000.0000000000582, 1.024999999999999911 ) ) ;
#1846 = PRESENTATION_LAYER_ASSIGNMENT (  '', '', ( #2844 ) ) ;
#1847 = COLOUR_RGB ( '',0.7686274509803920907, 0.7686274509803920907, 0.7686274509803920907 ) ;
#1848 = AXIS2_PLACEMENT_3D ( 'NONE', #1287, #2031, #2486 ) ;
#1849 = AXIS2_PLACEMENT_3D ( 'NONE', #3006, #1957, #2519 ) ;
#1850 = PLANE ( 'NONE',  #1281 ) ;
#1851 = ORIENTED_EDGE ( 'NONE', *, *, #615, .F. ) ;
#1852 = LINE ( 'NONE', #2161, #2416 ) ;
#1853 = LINE ( 'NONE', #367, #2103 ) ;
#1854 = ORIENTED_EDGE ( 'NONE', *, *, #2426, .F. ) ;
#1855 = CARTESIAN_POINT ( 'NONE',  ( -0.1500000000000000777, 0.0000000000000000000, 1.024999999999999911 ) ) ;
#1856 = ORIENTED_EDGE ( 'NONE', *, *, #2245, .T. ) ;
#1857 = CARTESIAN_POINT ( 'NONE',  ( 0.6996056367473081350, -0.02500000000000000139, -0.8503943632526924645 ) ) ;
#1858 = VERTEX_POINT ( 'NONE', #432 ) ;
#1859 = ADVANCED_FACE ( 'NONE', ( #1134 ), #455, .F. ) ;
#1860 = EDGE_CURVE ( 'NONE', #1542, #2466, #1449, .T. ) ;
#1861 = DIRECTION ( 'NONE',  ( -0.0000000000000000000, -1.000000000000000000, -0.0000000000000000000 ) ) ;
#1862 = VERTEX_POINT ( 'NONE', #2382 ) ;
#1863 = MECHANICAL_DESIGN_GEOMETRIC_PRESENTATION_REPRESENTATION (  '', ( #778 ), #736 ) ;
#1864 = DIRECTION ( 'NONE',  ( 0.0000000000000000000, 0.0000000000000000000, -1.000000000000000000 ) ) ;
#1865 = ORIENTED_EDGE ( 'NONE', *, *, #1596, .T. ) ;
#1866 = CARTESIAN_POINT ( 'NONE',  ( 0.1499999999999999667, 0.2000000000000000111, 1.024999999999999911 ) ) ;
#1867 = PLANE ( 'NONE',  #1272 ) ;
#1868 = CARTESIAN_POINT ( 'NONE',  ( -0.5000000000000001110, 0.2000000000000000111, 1.024999999999999911 ) ) ;
#1869 = ORIENTED_EDGE ( 'NONE', *, *, #2508, .T. ) ;
#1870 = DIRECTION ( 'NONE',  ( 0.0000000000000000000, 0.0000000000000000000, -1.000000000000000000 ) ) ;
#1871 = EDGE_LOOP ( 'NONE', ( #2173, #1970, #1761, #2216 ) ) ;
#1872 = DIRECTION ( 'NONE',  ( 1.000000000000000000, 0.0000000000000000000, 0.0000000000000000000 ) ) ;
#1873 = ORIENTED_EDGE ( 'NONE', *, *, #248, .T. ) ;
#1874 =( NAMED_UNIT ( * ) SI_UNIT ( $, .STERADIAN. ) SOLID_ANGLE_UNIT ( ) );
#1875 = CARTESIAN_POINT ( 'NONE',  ( 0.4999999999999997780, 0.2000000000000000111, 0.8503943632526923535 ) ) ;
#1876 = ADVANCED_FACE ( 'NONE', ( #2697 ), #1380, .F. ) ;
#1877 = EDGE_CURVE ( 'NONE', #2965, #1227, #404, .T. ) ;
#1878 = ORIENTED_EDGE ( 'NONE', *, *, #253, .F. ) ;
#1879 = DIRECTION ( 'NONE',  ( 0.0000000000000000000, 0.0000000000000000000, 1.000000000000000000 ) ) ;
#1880 =( NAMED_UNIT ( * ) SI_UNIT ( $, .STERADIAN. ) SOLID_ANGLE_UNIT ( ) );
#1881 = EDGE_LOOP ( 'NONE', ( #2170, #513, #2337, #277 ) ) ;
#1882 = SURFACE_SIDE_STYLE ('',( #892 ) ) ;
#1883 = ORIENTED_EDGE ( 'NONE', *, *, #393, .F. ) ;
#1884 = ORIENTED_EDGE ( 'NONE', *, *, #1331, .F. ) ;
#1885 = MANIFOLD_SOLID_BREP ( 'Boss-Extrude2[1]', #37 ) ;
#1886 = AXIS2_PLACEMENT_3D ( 'NONE', #2985, #3004, #529 ) ;
#1887 = CARTESIAN_POINT ( 'NONE',  ( -0.5000000000000001110, 0.2000000000000000111, -1.024999999999999911 ) ) ;
#1888 = VERTEX_POINT ( 'NONE', #1024 ) ;
#1889 = AXIS2_PLACEMENT_3D ( 'NONE', #1149, #3169, #904 ) ;
#1890 = CARTESIAN_POINT ( 'NONE',  ( 0.1499999999999999667, 500000.0000000000582, 1.024999999999999911 ) ) ;
#1891 = ORIENTED_EDGE ( 'NONE', *, *, #2331, .T. ) ;
#1892 = VECTOR ( 'NONE', #2118, 1000.000000000000000 ) ;
#1893 = SURFACE_STYLE_USAGE ( .BOTH. , #903 ) ;
#1894 = VECTOR ( 'NONE', #699, 1000.000000000000000 ) ;
#1895 = DIRECTION ( 'NONE',  ( 0.0000000000000000000, -1.000000000000000000, 0.0000000000000000000 ) ) ;
#1896 = FILL_AREA_STYLE ('',( #973 ) ) ;
#1897 = AXIS2_PLACEMENT_3D ( 'NONE', #1226, #2953, #1437 ) ;
#1898 =( GEOMETRIC_REPRESENTATION_CONTEXT ( 3 ) GLOBAL_UNCERTAINTY_ASSIGNED_CONTEXT ( ( #35 ) ) GLOBAL_UNIT_ASSIGNED_CONTEXT ( ( #2291, #802, #1576 ) ) REPRESENTATION_CONTEXT ( 'NONE', 'WORKASPACE' ) );
#1899 = FILL_AREA_STYLE ('',( #3186 ) ) ;
#1900 =( LENGTH_UNIT ( ) NAMED_UNIT ( * ) SI_UNIT ( .MILLI., .METRE. ) );
#1901 = CARTESIAN_POINT ( 'NONE',  ( 0.7849999999999998090, 0.2000000000000000111, 0.2775000000000000799 ) ) ;
#1902 = SURFACE_STYLE_USAGE ( .BOTH. , #1654 ) ;
#1903 = VERTEX_POINT ( 'NONE', #1976 ) ;
#1904 = ORIENTED_EDGE ( 'NONE', *, *, #2244, .F. ) ;
#1905 = EDGE_LOOP ( 'NONE', ( #1789, #390, #1235, #1869, #2440, #2192 ) ) ;
#1906 = DIRECTION ( 'NONE',  ( 0.0000000000000000000, 1.000000000000000000, 0.0000000000000000000 ) ) ;
#1907 = DIRECTION ( 'NONE',  ( 0.0000000000000000000, 0.0000000000000000000, -1.000000000000000000 ) ) ;
#1908 = ORIENTED_EDGE ( 'NONE', *, *, #2766, .F. ) ;
#1909 = MECHANICAL_DESIGN_GEOMETRIC_PRESENTATION_REPRESENTATION (  '', ( #621 ), #2022 ) ;
#1910 = CARTESIAN_POINT ( 'NONE',  ( 1.024999999999999689, 0.7500000000000000000, -1.024999999999999911 ) ) ;
#1911 = SURFACE_SIDE_STYLE ('',( #922 ) ) ;
#1912 = SURFACE_SIDE_STYLE ('',( #3174 ) ) ;
#1913 = MANIFOLD_SOLID_BREP ( 'Boss-Extrude2[3]', #566 ) ;
#1914 = EDGE_CURVE ( 'NONE', #1607, #2001, #743, .T. ) ;
#1915 = ADVANCED_FACE ( 'NONE', ( #654 ), #289, .F. ) ;
#1916 = EDGE_LOOP ( 'NONE', ( #669, #2775, #2368, #1721 ) ) ;
#1917 = ORIENTED_EDGE ( 'NONE', *, *, #2923, .F. ) ;
#1918 = UNCERTAINTY_MEASURE_WITH_UNIT (LENGTH_MEASURE( 1.000000000000000082E-05 ), #2994, 'distance_accuracy_value', 'NONE');
#1919 = ORIENTED_EDGE ( 'NONE', *, *, #2326, .F. ) ;
#1920 = DIRECTION ( 'NONE',  ( -0.0000000000000000000, -0.0000000000000000000, -1.000000000000000000 ) ) ;
#1921 = DIRECTION ( 'NONE',  ( 6.209433971794287875E-16, 0.0000000000000000000, -1.000000000000000000 ) ) ;
#1922 = ORIENTED_EDGE ( 'NONE', *, *, #531, .F. ) ;
#1923 = DIRECTION ( 'NONE',  ( -1.000000000000000000, 0.0000000000000000000, -0.0000000000000000000 ) ) ;
#1924 = CARTESIAN_POINT ( 'NONE',  ( -0.5000000000000001110, 0.2000000000066393113, -1.024999999999999911 ) ) ;
#1925 = FACE_OUTER_BOUND ( 'NONE', #2068, .T. ) ;
#1926 = DIRECTION ( 'NONE',  ( 1.000000000000000000, 0.0000000000000000000, -6.209433971794287875E-16 ) ) ;
#1927 = SURFACE_SIDE_STYLE ('',( #936 ) ) ;
#1928 = PRESENTATION_STYLE_ASSIGNMENT (( #937 ) ) ;
#1929 = ORIENTED_EDGE ( 'NONE', *, *, #722, .T. ) ;
#1930 = LINE ( 'NONE', #12, #2042 ) ;
#1931 = DIRECTION ( 'NONE',  ( -0.0000000000000000000, -1.000000000000000000, -0.0000000000000000000 ) ) ;
#1932 = EDGE_CURVE ( 'NONE', #2580, #415, #7, .T. ) ;
#1933 = VERTEX_POINT ( 'NONE', #974 ) ;
#1934 = VECTOR ( 'NONE', #1228, 1000.000000000000000 ) ;
#1935 = EDGE_CURVE ( 'NONE', #2001, #682, #1514, .T. ) ;
#1936 = VERTEX_POINT ( 'NONE', #534 ) ;
#1937 = FILL_AREA_STYLE_COLOUR ( '', #2642 ) ;
#1938 =( GEOMETRIC_REPRESENTATION_CONTEXT ( 3 ) GLOBAL_UNCERTAINTY_ASSIGNED_CONTEXT ( ( #1821 ) ) GLOBAL_UNIT_ASSIGNED_CONTEXT ( ( #2113, #101, #403 ) ) REPRESENTATION_CONTEXT ( 'NONE', 'WORKASPACE' ) );
#1939 = FACE_OUTER_BOUND ( 'NONE', #2388, .T. ) ;
#1940 =( LENGTH_UNIT ( ) NAMED_UNIT ( * ) SI_UNIT ( .MILLI., .METRE. ) );
#1941 = VECTOR ( 'NONE', #1100, 1000.000000000000000 ) ;
#1942 = LINE ( 'NONE', #1962, #715 ) ;
#1943 = PRESENTATION_LAYER_ASSIGNMENT (  '', '', ( #2429 ) ) ;
#1944 = AXIS2_PLACEMENT_3D ( 'NONE', #769, #1238, #753 ) ;
#1945 = PRESENTATION_STYLE_ASSIGNMENT (( #1652 ) ) ;
#1946 = ORIENTED_EDGE ( 'NONE', *, *, #885, .F. ) ;
#1947 = LINE ( 'NONE', #196, #1747 ) ;
#1948 = VECTOR ( 'NONE', #301, 1000.000000000000000 ) ;
#1949 = VECTOR ( 'NONE', #1358, 1000.000000000000000 ) ;
#1950 = ORIENTED_EDGE ( 'NONE', *, *, #49, .F. ) ;
#1951 = CARTESIAN_POINT ( 'NONE',  ( 0.4999999999999997780, -0.02500000000000000139, 1.024999999999999911 ) ) ;
#1952 = CARTESIAN_POINT ( 'NONE',  ( 0.1499999999999999667, -0.0000000000000000000, 1.024999999999999911 ) ) ;
#1953 = ORIENTED_EDGE ( 'NONE', *, *, #1027, .F. ) ;
#1954 = AXIS2_PLACEMENT_3D ( 'NONE', #72, #303, #2609 ) ;
#1955 = MANIFOLD_SOLID_BREP ( 'Boss-Extrude2[4]', #1190 ) ;
#1956 = ORIENTED_EDGE ( 'NONE', *, *, #885, .T. ) ;
#1957 = DIRECTION ( 'NONE',  ( 1.000000000000000000, 0.0000000000000000000, -5.288791085295144272E-17 ) ) ;
#1958 = ADVANCED_FACE ( 'NONE', ( #89 ), #270, .F. ) ;
#1959 = ADVANCED_FACE ( 'NONE', ( #54 ), #2311, .T. ) ;
#1960 = LINE ( 'NONE', #3155, #2258 ) ;
#1961 = CARTESIAN_POINT ( 'NONE',  ( -0.5000000000000001110, -0.02500000000000000139, -1.024999999999999911 ) ) ;
#1962 = CARTESIAN_POINT ( 'NONE',  ( -0.1500000000000001332, 0.2000000000000000111, 0.8503943632526923535 ) ) ;
#1963 = UNCERTAINTY_MEASURE_WITH_UNIT (LENGTH_MEASURE( 1.000000000000000082E-05 ), #372, 'distance_accuracy_value', 'NONE');
#1964 =( LENGTH_UNIT ( ) NAMED_UNIT ( * ) SI_UNIT ( .MILLI., .METRE. ) );
#1965 = SURFACE_STYLE_USAGE ( .BOTH. , #1714 ) ;
#1966 = FACE_OUTER_BOUND ( 'NONE', #1871, .T. ) ;
#1967 = DIRECTION ( 'NONE',  ( 0.0000000000000000000, 1.000000000000000000, 0.0000000000000000000 ) ) ;
#1968 = FACE_OUTER_BOUND ( 'NONE', #981, .T. ) ;
#1969 = CARTESIAN_POINT ( 'NONE',  ( 0.4999999999999997780, -0.02500000000000000139, -1.024999999999999911 ) ) ;
#1970 = ORIENTED_EDGE ( 'NONE', *, *, #2528, .F. ) ;
#1971 = CARTESIAN_POINT ( 'NONE',  ( -0.5000000000000001110, 500000.0000000000582, 1.024999999999999911 ) ) ;
#1972 = LINE ( 'NONE', #482, #337 ) ;
#1973 = ADVANCED_FACE ( 'NONE', ( #2573 ), #2078, .F. ) ;
#1974 = EDGE_CURVE ( 'NONE', #1211, #2191, #552, .T. ) ;
#1975 = DIRECTION ( 'NONE',  ( -0.0000000000000000000, -1.000000000000000000, -0.0000000000000000000 ) ) ;
#1976 = CARTESIAN_POINT ( 'NONE',  ( 0.4999999999999997780, -0.02500000000000000139, -0.8503943632526923535 ) ) ;
#1977 = CARTESIAN_POINT ( 'NONE',  ( 0.6996056367473081350, 500000.0000000000582, -0.8503943632526924645 ) ) ;
#1978 = EDGE_CURVE ( 'NONE', #1359, #1607, #2171, .T. ) ;
#1979 = CARTESIAN_POINT ( 'NONE',  ( -1.025000000000000133, 0.0000000000000000000, -1.024999999999999911 ) ) ;
#1980 = DIRECTION ( 'NONE',  ( 0.0000000000000000000, 0.0000000000000000000, -1.000000000000000000 ) ) ;
#1981 = EDGE_LOOP ( 'NONE', ( #1703, #1469, #2285, #3217 ) ) ;
#1982 = CARTESIAN_POINT ( 'NONE',  ( 0.5500000000000000444, 500000.0000000000582, 0.2775000000000000799 ) ) ;
#1983 = CARTESIAN_POINT ( 'NONE',  ( 0.6003943632526922425, 0.2000000000066393113, -0.7499999999999998890 ) ) ;
#1984 = DIRECTION ( 'NONE',  ( -1.000000000000000000, 0.0000000000000000000, -0.0000000000000000000 ) ) ;
#1985 = VECTOR ( 'NONE', #2657, 1000.000000000000000 ) ;
#1986 = VECTOR ( 'NONE', #2338, 1000.000000000000000 ) ;
#1987 = FILL_AREA_STYLE_COLOUR ( '', #599 ) ;
#1988 = CARTESIAN_POINT ( 'NONE',  ( -0.3996056367473078130, 0.0000000000000000000, 0.7500000000000000000 ) ) ;
#1989 = DIRECTION ( 'NONE',  ( -1.000000000000000000, -0.0000000000000000000, -0.0000000000000000000 ) ) ;
#1990 = UNCERTAINTY_MEASURE_WITH_UNIT (LENGTH_MEASURE( 1.000000000000000082E-05 ), #2597, 'distance_accuracy_value', 'NONE');
#1991 =( GEOMETRIC_REPRESENTATION_CONTEXT ( 3 ) GLOBAL_UNCERTAINTY_ASSIGNED_CONTEXT ( ( #1770 ) ) GLOBAL_UNIT_ASSIGNED_CONTEXT ( ( #1319, #3015, #3062 ) ) REPRESENTATION_CONTEXT ( 'NONE', 'WORKASPACE' ) );
#1992 = SURFACE_STYLE_FILL_AREA ( #2525 ) ;
#1993 = VECTOR ( 'NONE', #475, 1000.000000000000000 ) ;
#1994 = COLOUR_RGB ( '',0.7686274509803920907, 0.7686274509803920907, 0.7686274509803920907 ) ;
#1995 = LINE ( 'NONE', #537, #957 ) ;
#1996 = PRESENTATION_LAYER_ASSIGNMENT (  '', '', ( #2635 ) ) ;
#1997 = AXIS2_PLACEMENT_3D ( 'NONE', #738, #2523, #283 ) ;
#1998 = EDGE_CURVE ( 'NONE', #3046, #1094, #2855, .T. ) ;
#1999 = ORIENTED_EDGE ( 'NONE', *, *, #2433, .T. ) ;
#2000 = FACE_OUTER_BOUND ( 'NONE', #2384, .T. ) ;
#2001 = VERTEX_POINT ( 'NONE', #2044 ) ;
#2002 = VECTOR ( 'NONE', #3036, 1000.000000000000000 ) ;
#2003 = MECHANICAL_DESIGN_GEOMETRIC_PRESENTATION_REPRESENTATION (  '', ( #1583 ), #445 ) ;
#2004 =( GEOMETRIC_REPRESENTATION_CONTEXT ( 3 ) GLOBAL_UNCERTAINTY_ASSIGNED_CONTEXT ( ( #2776 ) ) GLOBAL_UNIT_ASSIGNED_CONTEXT ( ( #2217, #3188, #1204 ) ) REPRESENTATION_CONTEXT ( 'NONE', 'WORKASPACE' ) );
#2005 = CARTESIAN_POINT ( 'NONE',  ( -0.8000000000000001554, -0.02500000000000000139, 1.024999999999999911 ) ) ;
#2006 = LINE ( 'NONE', #2566, #1478 ) ;
#2007 = FACE_OUTER_BOUND ( 'NONE', #46, .T. ) ;
#2008 = MECHANICAL_DESIGN_GEOMETRIC_PRESENTATION_REPRESENTATION (  '', ( #969 ), #1122 ) ;
#2009 = PRESENTATION_STYLE_ASSIGNMENT (( #39 ) ) ;
#2010 = DIRECTION ( 'NONE',  ( -0.0000000000000000000, -1.000000000000000000, -0.0000000000000000000 ) ) ;
#2011 = LINE ( 'NONE', #1769, #1582 ) ;
#2012 =( NAMED_UNIT ( * ) PLANE_ANGLE_UNIT ( ) SI_UNIT ( $, .RADIAN. ) );
#2013 = DIRECTION ( 'NONE',  ( -0.0000000000000000000, -1.000000000000000000, -0.0000000000000000000 ) ) ;
#2014 = CARTESIAN_POINT ( 'NONE',  ( 0.6003943632526922425, -0.02500000000000000139, 0.7499999999999998890 ) ) ;
#2015 =( LENGTH_UNIT ( ) NAMED_UNIT ( * ) SI_UNIT ( .MILLI., .METRE. ) );
#2016 = ORIENTED_EDGE ( 'NONE', *, *, #2462, .T. ) ;
#2017 = ORIENTED_EDGE ( 'NONE', *, *, #1399, .T. ) ;
#2018 = COLOUR_RGB ( '',0.7686274509803920907, 0.7686274509803920907, 0.7686274509803920907 ) ;
#2019 = UNCERTAINTY_MEASURE_WITH_UNIT (LENGTH_MEASURE( 1.000000000000000082E-05 ), #1841, 'distance_accuracy_value', 'NONE');
#2020 = ADVANCED_FACE ( 'NONE', ( #2091 ), #1850, .F. ) ;
#2021 = EDGE_CURVE ( 'NONE', #1718, #1275, #1297, .T. ) ;
#2022 =( GEOMETRIC_REPRESENTATION_CONTEXT ( 3 ) GLOBAL_UNCERTAINTY_ASSIGNED_CONTEXT ( ( #264 ) ) GLOBAL_UNIT_ASSIGNED_CONTEXT ( ( #1515, #1756, #2963 ) ) REPRESENTATION_CONTEXT ( 'NONE', 'WORKASPACE' ) );
#2023 = CARTESIAN_POINT ( 'NONE',  ( 0.4999999999999997780, 500000.0000000000582, -0.8503943632526923535 ) ) ;
#2024 = LINE ( 'NONE', #2056, #2415 ) ;
#2025 = LINE ( 'NONE', #67, #2683 ) ;
#2026 = FILL_AREA_STYLE_COLOUR ( '', #3190 ) ;
#2027 = CARTESIAN_POINT ( 'NONE',  ( 0.6996056367473075799, -0.0000000000000000000, 0.8503943632526924645 ) ) ;
#2028 =( NAMED_UNIT ( * ) PLANE_ANGLE_UNIT ( ) SI_UNIT ( $, .RADIAN. ) );
#2029 =( NAMED_UNIT ( * ) PLANE_ANGLE_UNIT ( ) SI_UNIT ( $, .RADIAN. ) );
#2030 = SURFACE_SIDE_STYLE ('',( #42 ) ) ;
#2031 = DIRECTION ( 'NONE',  ( 0.0000000000000000000, -1.000000000000000000, 0.0000000000000000000 ) ) ;
#2032 = VERTEX_POINT ( 'NONE', #3069 ) ;
#2033 = ORIENTED_EDGE ( 'NONE', *, *, #1935, .T. ) ;
#2034 = FACE_OUTER_BOUND ( 'NONE', #152, .T. ) ;
#2035 =( LENGTH_UNIT ( ) NAMED_UNIT ( * ) SI_UNIT ( .MILLI., .METRE. ) );
#2036 = DIRECTION ( 'NONE',  ( 0.0000000000000000000, 0.0000000000000000000, -1.000000000000000000 ) ) ;
#2037 = EDGE_CURVE ( 'NONE', #3005, #2888, #1601, .T. ) ;
#2038 = ORIENTED_EDGE ( 'NONE', *, *, #2880, .F. ) ;
#2039 = FACE_OUTER_BOUND ( 'NONE', #2364, .T. ) ;
#2040 = DIRECTION ( 'NONE',  ( 0.0000000000000000000, -1.000000000000000000, 0.0000000000000000000 ) ) ;
#2041 = COLOUR_RGB ( '',0.2980392156862745057, 0.2980392156862745057, 0.2980392156862745057 ) ;
#2042 = VECTOR ( 'NONE', #276, 1000.000000000000000 ) ;
#2043 = MECHANICAL_DESIGN_GEOMETRIC_PRESENTATION_REPRESENTATION (  '', ( #1624 ), #3085 ) ;
#2044 = CARTESIAN_POINT ( 'NONE',  ( 0.5500000000000000444, 0.0000000000000000000, 0.2775000000000000799 ) ) ;
#2045 = SURFACE_STYLE_USAGE ( .BOTH. , #840 ) ;
#2046 = LINE ( 'NONE', #815, #1065 ) ;
#2047 = VECTOR ( 'NONE', #1202, 1000.000000000000000 ) ;
#2048 = CARTESIAN_POINT ( 'NONE',  ( 0.8000000000000005995, 0.2000000000000000111, -0.8503943632526922425 ) ) ;
#2049 = VERTEX_POINT ( 'NONE', #2558 ) ;
#2050 = DIRECTION ( 'NONE',  ( 0.0000000000000000000, 1.000000000000000000, 0.0000000000000000000 ) ) ;
#2051 = ORIENTED_EDGE ( 'NONE', *, *, #554, .T. ) ;
#2052 = UNCERTAINTY_MEASURE_WITH_UNIT (LENGTH_MEASURE( 1.000000000000000082E-05 ), #41, 'distance_accuracy_value', 'NONE');
#2053 = CIRCLE ( 'NONE', #2581, 0.1003943632526924229 ) ;
#2054 =( NAMED_UNIT ( * ) PLANE_ANGLE_UNIT ( ) SI_UNIT ( $, .RADIAN. ) );
#2055 = ORIENTED_EDGE ( 'NONE', *, *, #905, .T. ) ;
#2056 = CARTESIAN_POINT ( 'NONE',  ( -0.8000000000000001554, 0.2000000000000000111, 1.024999999999999911 ) ) ;
#2057 = EDGE_LOOP ( 'NONE', ( #850, #462, #1030, #661 ) ) ;
#2058 = PRESENTATION_LAYER_ASSIGNMENT (  '', '', ( #2576 ) ) ;
#2059 = VECTOR ( 'NONE', #2614, 1000.000000000000000 ) ;
#2060 = DIRECTION ( 'NONE',  ( 3.104716985897143937E-16, 0.0000000000000000000, 1.000000000000000000 ) ) ;
#2061 = SURFACE_STYLE_USAGE ( .BOTH. , #823 ) ;
#2062 = EDGE_CURVE ( 'NONE', #245, #1558, #558, .T. ) ;
#2063 = EDGE_CURVE ( 'NONE', #1245, #718, #1075, .T. ) ;
#2064 = CARTESIAN_POINT ( 'NONE',  ( 0.6674999999999998712, 0.2000000000000000111, 0.2775000000000000799 ) ) ;
#2065 = PRESENTATION_STYLE_ASSIGNMENT (( #2045 ) ) ;
#2066 = DIRECTION ( 'NONE',  ( 0.0000000000000000000, 0.0000000000000000000, -1.000000000000000000 ) ) ;
#2067 = LINE ( 'NONE', #2840, #2735 ) ;
#2068 = EDGE_LOOP ( 'NONE', ( #2321, #2773, #2878, #1009 ) ) ;
#2069 =( NAMED_UNIT ( * ) SI_UNIT ( $, .STERADIAN. ) SOLID_ANGLE_UNIT ( ) );
#2070 = PRESENTATION_LAYER_ASSIGNMENT (  '', '', ( #408 ) ) ;
#2071 = ORIENTED_EDGE ( 'NONE', *, *, #554, .F. ) ;
#2072 = CARTESIAN_POINT ( 'NONE',  ( 0.8000000000000005995, 0.2000000000000000111, -0.8503943632526922425 ) ) ;
#2073 = ORIENTED_EDGE ( 'NONE', *, *, #1932, .F. ) ;
#2074 = CARTESIAN_POINT ( 'NONE',  ( 0.6003943632526922425, 0.2000000000000000111, -0.7499999999999998890 ) ) ;
#2075 = FILL_AREA_STYLE ('',( #1143 ) ) ;
#2076 = FILL_AREA_STYLE_COLOUR ( '', #1847 ) ;
#2077 = EDGE_CURVE ( 'NONE', #1094, #638, #1829, .T. ) ;
#2078 = CYLINDRICAL_SURFACE ( 'NONE', #1954, 0.1174999999999999795 ) ;
#2079 = DIRECTION ( 'NONE',  ( -0.0000000000000000000, 0.0000000000000000000, 1.000000000000000000 ) ) ;
#2080 = EDGE_CURVE ( 'NONE', #394, #680, #584, .T. ) ;
#2081 =( NAMED_UNIT ( * ) PLANE_ANGLE_UNIT ( ) SI_UNIT ( $, .RADIAN. ) );
#2082 = EDGE_CURVE ( 'NONE', #515, #144, #2786, .T. ) ;
#2083 = PLANE ( 'NONE',  #1322 ) ;
#2084 = EDGE_LOOP ( 'NONE', ( #1365, #2602, #2205, #865 ) ) ;
#2085 = UNCERTAINTY_MEASURE_WITH_UNIT (LENGTH_MEASURE( 1.000000000000000082E-05 ), #340, 'distance_accuracy_value', 'NONE');
#2086 = CARTESIAN_POINT ( 'NONE',  ( 0.6674999999999998712, 0.2000000000000000111, 0.2775000000000000799 ) ) ;
#2087 = EDGE_LOOP ( 'NONE', ( #1695, #113, #862, #322, #3226, #1687 ) ) ;
#2088 = LINE ( 'NONE', #1386, #109 ) ;
#2089 = VERTEX_POINT ( 'NONE', #2541 ) ;
#2090 = CARTESIAN_POINT ( 'NONE',  ( 0.6674999999999997602, -0.02500000000000000139, -0.3575000000000000400 ) ) ;
#2091 = FACE_OUTER_BOUND ( 'NONE', #1557, .T. ) ;
#2092 = DIRECTION ( 'NONE',  ( 0.0000000000000000000, 0.0000000000000000000, 1.000000000000000000 ) ) ;
#2093 =( LENGTH_UNIT ( ) NAMED_UNIT ( * ) SI_UNIT ( .MILLI., .METRE. ) );
#2094 = CARTESIAN_POINT ( 'NONE',  ( -0.3996056367473078130, -0.02500000000000000139, 0.8503943632526923535 ) ) ;
#2095 = VECTOR ( 'NONE', #526, 1000.000000000000000 ) ;
#2096 = SURFACE_SIDE_STYLE ('',( #3044 ) ) ;
#2097 = EDGE_LOOP ( 'NONE', ( #1741, #499, #128, #280 ) ) ;
#2098 = MECHANICAL_DESIGN_GEOMETRIC_PRESENTATION_REPRESENTATION (  '', ( #2631 ), #900 ) ;
#2099 = ADVANCED_FACE ( 'NONE', ( #567, #1550 ), #1313, .T. ) ;
#2100 = VERTEX_POINT ( 'NONE', #2332 ) ;
#2101 = LINE ( 'NONE', #1210, #1781 ) ;
#2102 = EDGE_LOOP ( 'NONE', ( #2728, #2958, #2038, #3224 ) ) ;
#2103 = VECTOR ( 'NONE', #1316, 1000.000000000000000 ) ;
#2104 = AXIS2_PLACEMENT_3D ( 'NONE', #2143, #3207, #1459 ) ;
#2105 = VECTOR ( 'NONE', #2142, 1000.000000000000000 ) ;
#2106 = SHAPE_DEFINITION_REPRESENTATION ( #63, #991 ) ;
#2107 = CARTESIAN_POINT ( 'NONE',  ( 1.024999999999999689, 0.0000000000000000000, -1.024999999999999911 ) ) ;
#2108 = VECTOR ( 'NONE', #2309, 1000.000000000000000 ) ;
#2109 = AXIS2_PLACEMENT_3D ( 'NONE', #2352, #1312, #2060 ) ;
#2110 = PRESENTATION_LAYER_ASSIGNMENT (  '', '', ( #1583 ) ) ;
#2111 = DIRECTION ( 'NONE',  ( 0.0000000000000000000, 0.0000000000000000000, -1.000000000000000000 ) ) ;
#2112 = ORIENTED_EDGE ( 'NONE', *, *, #2082, .T. ) ;
#2113 =( LENGTH_UNIT ( ) NAMED_UNIT ( * ) SI_UNIT ( .MILLI., .METRE. ) );
#2114 = DIRECTION ( 'NONE',  ( -0.0000000000000000000, -1.000000000000000000, -0.0000000000000000000 ) ) ;
#2115 = CIRCLE ( 'NONE', #2952, 0.1174999999999999795 ) ;
#2116 = CARTESIAN_POINT ( 'NONE',  ( 0.8000000000000005995, 0.2000000000066393113, -0.8503943632526922425 ) ) ;
#2117 = ORIENTED_EDGE ( 'NONE', *, *, #1088, .T. ) ;
#2118 = DIRECTION ( 'NONE',  ( -0.0000000000000000000, -1.000000000000000000, -0.0000000000000000000 ) ) ;
#2119 = VERTEX_POINT ( 'NONE', #1662 ) ;
#2120 = LINE ( 'NONE', #2072, #2779 ) ;
#2121 = EDGE_CURVE ( 'NONE', #3075, #1936, #2913, .T. ) ;
#2122 = ORIENTED_EDGE ( 'NONE', *, *, #30, .F. ) ;
#2123 = ADVANCED_FACE ( 'NONE', ( #401 ), #1165, .T. ) ;
#2124 = EDGE_CURVE ( 'NONE', #2157, #1147, #2159, .T. ) ;
#2125 = CARTESIAN_POINT ( 'NONE',  ( -0.8000000000000001554, 0.2000000000066393113, 1.024999999999999911 ) ) ;
#2126 =( GEOMETRIC_REPRESENTATION_CONTEXT ( 3 ) GLOBAL_UNCERTAINTY_ASSIGNED_CONTEXT ( ( #1762 ) ) GLOBAL_UNIT_ASSIGNED_CONTEXT ( ( #457, #1700, #2884 ) ) REPRESENTATION_CONTEXT ( 'NONE', 'WORKASPACE' ) );
#2127 = ORIENTED_EDGE ( 'NONE', *, *, #1167, .F. ) ;
#2128 = SURFACE_STYLE_FILL_AREA ( #1129 ) ;
#2129 = ORIENTED_EDGE ( 'NONE', *, *, #162, .T. ) ;
#2130 = CARTESIAN_POINT ( 'NONE',  ( -0.7733034776102284402, 0.7500000000000000000, 0.7069802537413728549 ) ) ;
#2131 = DIRECTION ( 'NONE',  ( 0.0000000000000000000, -1.000000000000000000, 0.0000000000000000000 ) ) ;
#2132 = LINE ( 'NONE', #2917, #1751 ) ;
#2133 = EDGE_LOOP ( 'NONE', ( #1175, #369, #1999, #2452 ) ) ;
#2134 = ORIENTED_EDGE ( 'NONE', *, *, #1698, .T. ) ;
#2135 = CARTESIAN_POINT ( 'NONE',  ( 0.4999999999999997780, 0.2000000000000000111, -1.024999999999999911 ) ) ;
#2136 = EDGE_LOOP ( 'NONE', ( #2408, #880, #149, #328 ) ) ;
#2137 = SURFACE_SIDE_STYLE ('',( #1371 ) ) ;
#2138 = LINE ( 'NONE', #1443, #1277 ) ;
#2139 = ORIENTED_EDGE ( 'NONE', *, *, #597, .F. ) ;
#2140 = EDGE_LOOP ( 'NONE', ( #2175, #928, #947, #1856, #1106, #2553 ) ) ;
#2141 = CARTESIAN_POINT ( 'NONE',  ( -0.5000000000000001110, 0.0000000000000000000, -1.024999999999999911 ) ) ;
#2142 = DIRECTION ( 'NONE',  ( 0.0000000000000000000, 0.0000000000000000000, -1.000000000000000000 ) ) ;
#2143 = CARTESIAN_POINT ( 'NONE',  ( 0.8000000000000005995, 500000.0000000000582, -0.8503943632526922425 ) ) ;
#2144 = CARTESIAN_POINT ( 'NONE',  ( 0.4999999999999997780, 0.2000000000000000111, -1.024999999999999911 ) ) ;
#2145 = SURFACE_STYLE_FILL_AREA ( #2383 ) ;
#2146 = ORIENTED_EDGE ( 'NONE', *, *, #250, .F. ) ;
#2147 = CARTESIAN_POINT ( 'NONE',  ( -0.8000000000000001554, -0.02500000000000000139, -1.024999999999999911 ) ) ;
#2148 = VECTOR ( 'NONE', #1177, 1000.000000000000000 ) ;
#2149 = FACE_OUTER_BOUND ( 'NONE', #1038, .T. ) ;
#2150 = CIRCLE ( 'NONE', #759, 0.1003943632526923119 ) ;
#2151 = ORIENTED_EDGE ( 'NONE', *, *, #2187, .T. ) ;
#2152 = CARTESIAN_POINT ( 'NONE',  ( 0.4999999999999997780, 0.2000000000000000111, 1.024999999999999911 ) ) ;
#2153 = VERTEX_POINT ( 'NONE', #901 ) ;
#2154 = ORIENTED_EDGE ( 'NONE', *, *, #966, .T. ) ;
#2155 = CIRCLE ( 'NONE', #1843, 0.1174999999999998684 ) ;
#2156 = PLANE ( 'NONE',  #2893 ) ;
#2157 = VERTEX_POINT ( 'NONE', #1197 ) ;
#2158 = CIRCLE ( 'NONE', #764, 0.1003943632526924229 ) ;
#2159 = LINE ( 'NONE', #1426, #3039 ) ;
#2160 = STYLED_ITEM ( 'NONE', ( #583 ), #1447 ) ;
#2161 = CARTESIAN_POINT ( 'NONE',  ( -0.2503943632526924312, 500000.0000000000582, 0.7500000000000000000 ) ) ;
#2162 = AXIS2_PLACEMENT_3D ( 'NONE', #1561, #822, #616 ) ;
#2163 = EDGE_CURVE ( 'NONE', #2220, #186, #1012, .T. ) ;
#2164 = EDGE_CURVE ( 'NONE', #363, #2153, #2428, .T. ) ;
#2165 = CARTESIAN_POINT ( 'NONE',  ( 0.6003943632526922425, -0.02500000000000000139, -0.7499999999999998890 ) ) ;
#2166 = UNCERTAINTY_MEASURE_WITH_UNIT (LENGTH_MEASURE( 1.000000000000000082E-05 ), #2512, 'distance_accuracy_value', 'NONE');
#2167 = AXIS2_PLACEMENT_3D ( 'NONE', #711, #659, #2418 ) ;
#2168 = STYLED_ITEM ( 'NONE', ( #1826 ), #884 ) ;
#2169 =( LENGTH_UNIT ( ) NAMED_UNIT ( * ) SI_UNIT ( .MILLI., .METRE. ) );
#2170 = ORIENTED_EDGE ( 'NONE', *, *, #2546, .T. ) ;
#2171 = CIRCLE ( 'NONE', #129, 0.1174999999999998684 ) ;
#2172 = FILL_AREA_STYLE_COLOUR ( '', #446 ) ;
#2173 = ORIENTED_EDGE ( 'NONE', *, *, #1698, .F. ) ;
#2174 = CARTESIAN_POINT ( 'NONE',  ( 0.8000000000000005995, 0.2000000000000000111, -0.8503943632526922425 ) ) ;
#2175 = ORIENTED_EDGE ( 'NONE', *, *, #1101, .T. ) ;
#2176 = ORIENTED_EDGE ( 'NONE', *, *, #1765, .T. ) ;
#2177 = LINE ( 'NONE', #2894, #1071 ) ;
#2178 = CARTESIAN_POINT ( 'NONE',  ( 0.7849999999999999201, 0.2000000000000000111, -0.3575000000000000400 ) ) ;
#2179 = CLOSED_SHELL ( 'NONE', ( #2207, #1745, #1640, #2809, #2850, #2751, #145, #1766 ) ) ;
#2180 = CARTESIAN_POINT ( 'NONE',  ( -0.3996056367473078130, 500000.0000000000582, -0.7500000000000000000 ) ) ;
#2181 = CARTESIAN_POINT ( 'NONE',  ( 0.7999999999999999334, 0.2000000000000000111, 0.8503943632526924645 ) ) ;
#2182 = EDGE_CURVE ( 'NONE', #527, #1660, #1181, .T. ) ;
#2183 = DIRECTION ( 'NONE',  ( 0.0000000000000000000, 0.0000000000000000000, -1.000000000000000000 ) ) ;
#2184 = CARTESIAN_POINT ( 'NONE',  ( -0.8000000000000001554, 500000.0000000000582, 1.024999999999999911 ) ) ;
#2185 = LINE ( 'NONE', #656, #1394 ) ;
#2186 = DIRECTION ( 'NONE',  ( -0.0000000000000000000, -1.000000000000000000, -0.0000000000000000000 ) ) ;
#2187 = EDGE_CURVE ( 'NONE', #68, #1092, #930, .T. ) ;
#2188 = EDGE_CURVE ( 'NONE', #2032, #2001, #2155, .T. ) ;
#2189 = ORIENTED_EDGE ( 'NONE', *, *, #3059, .T. ) ;
#2190 = CARTESIAN_POINT ( 'NONE',  ( -0.5000000000000002220, 0.2000000000000000111, -0.8503943632526923535 ) ) ;
#2191 = VERTEX_POINT ( 'NONE', #2623 ) ;
#2192 = ORIENTED_EDGE ( 'NONE', *, *, #1102, .T. ) ;
#2193 = DIRECTION ( 'NONE',  ( 0.0000000000000000000, -1.000000000000000000, 0.0000000000000000000 ) ) ;
#2194 = CARTESIAN_POINT ( 'NONE',  ( -0.5000000000000002220, 500000.0000000000582, -0.8503943632526923535 ) ) ;
#2195 = PLANE ( 'NONE',  #2310 ) ;
#2196 = LINE ( 'NONE', #451, #3090 ) ;
#2197 =( NAMED_UNIT ( * ) PLANE_ANGLE_UNIT ( ) SI_UNIT ( $, .RADIAN. ) );
#2198 = UNCERTAINTY_MEASURE_WITH_UNIT (LENGTH_MEASURE( 1.000000000000000082E-05 ), #2035, 'distance_accuracy_value', 'NONE');
#2199 = DIRECTION ( 'NONE',  ( 5.288791085295144272E-17, -0.0000000000000000000, 1.000000000000000000 ) ) ;
#2200 = PLANE ( 'NONE',  #1599 ) ;
#2201 = SURFACE_SIDE_STYLE ('',( #1668 ) ) ;
#2202 = FACE_OUTER_BOUND ( 'NONE', #646, .T. ) ;
#2203 = ORIENTED_EDGE ( 'NONE', *, *, #2763, .F. ) ;
#2204 = SURFACE_STYLE_USAGE ( .BOTH. , #1209 ) ;
#2205 = ORIENTED_EDGE ( 'NONE', *, *, #2709, .F. ) ;
#2206 = PRESENTATION_LAYER_ASSIGNMENT (  '', '', ( #374 ) ) ;
#2207 = ADVANCED_FACE ( 'NONE', ( #2877 ), #2392, .F. ) ;
#2208 = VERTEX_POINT ( 'NONE', #787 ) ;
#2209 = SURFACE_SIDE_STYLE ('',( #530 ) ) ;
#2210 = DIRECTION ( 'NONE',  ( 0.0000000000000000000, -1.000000000000000000, 0.0000000000000000000 ) ) ;
#2211 = DIRECTION ( 'NONE',  ( 0.0000000000000000000, 0.0000000000000000000, -1.000000000000000000 ) ) ;
#2212 = COLOUR_RGB ( '',0.7686274509803920907, 0.7686274509803920907, 0.7686274509803920907 ) ;
#2213 = AXIS2_PLACEMENT_3D ( 'NONE', #1727, #1489, #1752 ) ;
#2214 =( NAMED_UNIT ( * ) SI_UNIT ( $, .STERADIAN. ) SOLID_ANGLE_UNIT ( ) );
#2215 = DIRECTION ( 'NONE',  ( 0.0000000000000000000, -1.000000000000000000, 0.0000000000000000000 ) ) ;
#2216 = ORIENTED_EDGE ( 'NONE', *, *, #30, .T. ) ;
#2217 =( LENGTH_UNIT ( ) NAMED_UNIT ( * ) SI_UNIT ( .MILLI., .METRE. ) );
#2218 = VECTOR ( 'NONE', #1160, 1000.000000000000000 ) ;
#2219 = STYLED_ITEM ( 'NONE', ( #1220 ), #1955 ) ;
#2220 = VERTEX_POINT ( 'NONE', #2778 ) ;
#2221 = DIRECTION ( 'NONE',  ( 0.0000000000000000000, 0.0000000000000000000, -1.000000000000000000 ) ) ;
#2222 = CARTESIAN_POINT ( 'NONE',  ( 0.7849999999999998090, 0.2000000000000000111, 0.2775000000000000799 ) ) ;
#2223 = UNCERTAINTY_MEASURE_WITH_UNIT (LENGTH_MEASURE( 1.000000000000000082E-05 ), #1450, 'distance_accuracy_value', 'NONE');
#2224 = ADVANCED_FACE ( 'NONE', ( #1749 ), #2253, .T. ) ;
#2225 = EDGE_CURVE ( 'NONE', #2760, #613, #2024, .T. ) ;
#2226 = ORIENTED_EDGE ( 'NONE', *, *, #1206, .F. ) ;
#2227 = DIRECTION ( 'NONE',  ( 0.0000000000000000000, 1.000000000000000000, 0.0000000000000000000 ) ) ;
#2228 = EDGE_CURVE ( 'NONE', #247, #415, #1764, .T. ) ;
#2229 = DIRECTION ( 'NONE',  ( -0.0000000000000000000, -1.000000000000000000, -0.0000000000000000000 ) ) ;
#2230 = FACE_OUTER_BOUND ( 'NONE', #2097, .T. ) ;
#2231 = CARTESIAN_POINT ( 'NONE',  ( -0.1500000000000000777, -0.02500000000000000139, -1.024999999999999911 ) ) ;
#2232 = AXIS2_PLACEMENT_3D ( 'NONE', #1977, #272, #783 ) ;
#2233 = DIRECTION ( 'NONE',  ( -0.0000000000000000000, -0.0000000000000000000, -1.000000000000000000 ) ) ;
#2234 = CARTESIAN_POINT ( 'NONE',  ( 0.8000000000000007105, 500000.0000000000582, -1.024999999999999911 ) ) ;
#2235 = MECHANICAL_DESIGN_GEOMETRIC_PRESENTATION_REPRESENTATION (  '', ( #408 ), #2126 ) ;
#2236 = VERTEX_POINT ( 'NONE', #2764 ) ;
#2237 = LINE ( 'NONE', #3000, #845 ) ;
#2238 = ORIENTED_EDGE ( 'NONE', *, *, #2389, .F. ) ;
#2239 = DIRECTION ( 'NONE',  ( -1.000000000000000000, -0.0000000000000000000, -0.0000000000000000000 ) ) ;
#2240 = DIRECTION ( 'NONE',  ( 0.0000000000000000000, 1.000000000000000000, 0.0000000000000000000 ) ) ;
#2241 = DIRECTION ( 'NONE',  ( 0.0000000000000000000, -1.000000000000000000, 0.0000000000000000000 ) ) ;
#2242 = DIRECTION ( 'NONE',  ( 1.000000000000000000, 0.0000000000000000000, 0.0000000000000000000 ) ) ;
#2243 = CARTESIAN_POINT ( 'NONE',  ( 0.1499999999999998557, -0.02500000000000000139, -1.024999999999999911 ) ) ;
#2244 = EDGE_CURVE ( 'NONE', #3005, #1211, #2275, .T. ) ;
#2245 = EDGE_CURVE ( 'NONE', #2254, #3194, #1629, .T. ) ;
#2246 = DIRECTION ( 'NONE',  ( -0.0000000000000000000, -1.000000000000000000, -0.0000000000000000000 ) ) ;
#2247 = DIRECTION ( 'NONE',  ( -0.0000000000000000000, 0.0000000000000000000, 1.000000000000000000 ) ) ;
#2248 = CARTESIAN_POINT ( 'NONE',  ( 0.8000000000000005995, -0.02500000000000000139, -0.8503943632526922425 ) ) ;
#2249 = ORIENTED_EDGE ( 'NONE', *, *, #2784, .F. ) ;
#2250 = LINE ( 'NONE', #2761, #2095 ) ;
#2251 = ORIENTED_EDGE ( 'NONE', *, *, #2037, .T. ) ;
#2252 = UNCERTAINTY_MEASURE_WITH_UNIT (LENGTH_MEASURE( 1.000000000000000082E-05 ), #1940, 'distance_accuracy_value', 'NONE');
#2253 = PLANE ( 'NONE',  #1063 ) ;
#2254 = VERTEX_POINT ( 'NONE', #1061 ) ;
#2255 = AXIS2_PLACEMENT_3D ( 'NONE', #346, #1594, #83 ) ;
#2256 = VECTOR ( 'NONE', #2879, 1000.000000000000000 ) ;
#2257 =( GEOMETRIC_REPRESENTATION_CONTEXT ( 3 ) GLOBAL_UNCERTAINTY_ASSIGNED_CONTEXT ( ( #1963 ) ) GLOBAL_UNIT_ASSIGNED_CONTEXT ( ( #372, #641, #881 ) ) REPRESENTATION_CONTEXT ( 'NONE', 'WORKASPACE' ) );
#2258 = VECTOR ( 'NONE', #3168, 1000.000000000000000 ) ;
#2259 =( NAMED_UNIT ( * ) SI_UNIT ( $, .STERADIAN. ) SOLID_ANGLE_UNIT ( ) );
#2260 = CARTESIAN_POINT ( 'NONE',  ( 0.7999999999999999334, 500000.0000000000582, 1.024999999999999911 ) ) ;
#2261 = LINE ( 'NONE', #2497, #3148 ) ;
#2262 = ADVANCED_FACE ( 'NONE', ( #314 ), #2506, .F. ) ;
#2263 = SURFACE_STYLE_FILL_AREA ( #472 ) ;
#2264 = EDGE_CURVE ( 'NONE', #1147, #11, #2578, .T. ) ;
#2265 = DIRECTION ( 'NONE',  ( 1.000000000000000000, 0.0000000000000000000, -0.0000000000000000000 ) ) ;
#2266 = DIRECTION ( 'NONE',  ( 0.0000000000000000000, -1.000000000000000000, 0.0000000000000000000 ) ) ;
#2267 = DIRECTION ( 'NONE',  ( 0.0000000000000000000, -1.000000000000000000, 0.0000000000000000000 ) ) ;
#2268 = VECTOR ( 'NONE', #2790, 1000.000000000000000 ) ;
#2269 = ORIENTED_EDGE ( 'NONE', *, *, #2228, .T. ) ;
#2270 = SURFACE_SIDE_STYLE ('',( #47 ) ) ;
#2271 = VECTOR ( 'NONE', #99, 1000.000000000000000 ) ;
#2272 = STYLED_ITEM ( 'NONE', ( #45 ), #1744 ) ;
#2273 = VECTOR ( 'NONE', #2715, 1000.000000000000000 ) ;
#2274 =( NAMED_UNIT ( * ) SI_UNIT ( $, .STERADIAN. ) SOLID_ANGLE_UNIT ( ) );
#2275 = LINE ( 'NONE', #1809, #1222 ) ;
#2276 = EDGE_LOOP ( 'NONE', ( #854, #575, #3163, #3029, #2176, #3074, #13, #878, #2679, #1422, #926, #540, #3180, #2154, #1057, #927 ) ) ;
#2277 = CARTESIAN_POINT ( 'NONE',  ( -0.3996056367473078130, 0.0000000000000000000, -0.7500000000000000000 ) ) ;
#2278 = AXIS2_PLACEMENT_3D ( 'NONE', #417, #2882, #1186 ) ;
#2279 = SURFACE_SIDE_STYLE ('',( #1547 ) ) ;
#2280 = CARTESIAN_POINT ( 'NONE',  ( 1.025000000000000133, 0.7500000000000000000, 1.024999999999999911 ) ) ;
#2281 = PRESENTATION_STYLE_ASSIGNMENT (( #2510 ) ) ;
#2282 = PRESENTATION_STYLE_ASSIGNMENT (( #26 ) ) ;
#2283 = CARTESIAN_POINT ( 'NONE',  ( 0.4999999999999997780, 0.2000000000000000111, -1.024999999999999911 ) ) ;
#2284 = DIRECTION ( 'NONE',  ( 1.000000000000000000, 0.0000000000000000000, 0.0000000000000000000 ) ) ;
#2285 = ORIENTED_EDGE ( 'NONE', *, *, #697, .F. ) ;
#2286 = ORIENTED_EDGE ( 'NONE', *, *, #192, .T. ) ;
#2287 = EDGE_CURVE ( 'NONE', #133, #2349, #2006, .T. ) ;
#2288 = EDGE_CURVE ( 'NONE', #1691, #1157, #71, .T. ) ;
#2289 = DIRECTION ( 'NONE',  ( -1.000000000000000000, -0.0000000000000000000, -0.0000000000000000000 ) ) ;
#2290 = FILL_AREA_STYLE_COLOUR ( '', #2831 ) ;
#2291 =( LENGTH_UNIT ( ) NAMED_UNIT ( * ) SI_UNIT ( .MILLI., .METRE. ) );
#2292 = PLANE ( 'NONE',  #169 ) ;
#2293 = DIRECTION ( 'NONE',  ( 1.000000000000000000, 0.0000000000000000000, 0.0000000000000000000 ) ) ;
#2294 = CARTESIAN_POINT ( 'NONE',  ( -0.3996056367473078130, 0.2000000000066393113, -0.7500000000000000000 ) ) ;
#2295 = DIRECTION ( 'NONE',  ( -0.0000000000000000000, -1.000000000000000000, -0.0000000000000000000 ) ) ;
#2296 = CARTESIAN_POINT ( 'NONE',  ( 0.7999999999999999334, 0.2000000000000000111, 0.8503943632526924645 ) ) ;
#2297 = SURFACE_STYLE_USAGE ( .BOTH. , #1103 ) ;
#2298 = ORIENTED_EDGE ( 'NONE', *, *, #454, .T. ) ;
#2299 = DIRECTION ( 'NONE',  ( 0.0000000000000000000, 0.0000000000000000000, 1.000000000000000000 ) ) ;
#2300 = ORIENTED_EDGE ( 'NONE', *, *, #2327, .T. ) ;
#2301 = DIRECTION ( 'NONE',  ( 0.0000000000000000000, -1.000000000000000000, 0.0000000000000000000 ) ) ;
#2302 = ORIENTED_EDGE ( 'NONE', *, *, #2491, .T. ) ;
#2303 = DIRECTION ( 'NONE',  ( 0.0000000000000000000, 0.0000000000000000000, -1.000000000000000000 ) ) ;
#2304 = EDGE_CURVE ( 'NONE', #1672, #1718, #496, .T. ) ;
#2305 = CARTESIAN_POINT ( 'NONE',  ( -0.2503943632526924312, 0.0000000000000000000, 0.8503943632526923535 ) ) ;
#2306 = VERTEX_POINT ( 'NONE', #1840 ) ;
#2307 =( NAMED_UNIT ( * ) PLANE_ANGLE_UNIT ( ) SI_UNIT ( $, .RADIAN. ) );
#2308 = DIRECTION ( 'NONE',  ( 0.0000000000000000000, 1.000000000000000000, 0.0000000000000000000 ) ) ;
#2309 = DIRECTION ( 'NONE',  ( -3.104716985897143937E-16, -0.0000000000000000000, -1.000000000000000000 ) ) ;
#2310 = AXIS2_PLACEMENT_3D ( 'NONE', #1664, #752, #221 ) ;
#2311 = PLANE ( 'NONE',  #1339 ) ;
#2312 = COLOUR_RGB ( '',1.000000000000000000, 1.000000000000000000, 1.000000000000000000 ) ;
#2313 = CARTESIAN_POINT ( 'NONE',  ( 0.4999999999999997780, 500000.0000000000582, 1.024999999999999911 ) ) ;
#2314 = VECTOR ( 'NONE', #3167, 1000.000000000000000 ) ;
#2315 = ORIENTED_EDGE ( 'NONE', *, *, #424, .F. ) ;
#2316 = UNCERTAINTY_MEASURE_WITH_UNIT (LENGTH_MEASURE( 1.000000000000000082E-05 ), #497, 'distance_accuracy_value', 'NONE');
#2317 = AXIS2_PLACEMENT_3D ( 'NONE', #1184, #704, #2711 ) ;
#2318 = VECTOR ( 'NONE', #3134, 1000.000000000000000 ) ;
#2319 = PLANE ( 'NONE',  #1897 ) ;
#2320 = VECTOR ( 'NONE', #1870, 1000.000000000000000 ) ;
#2321 = ORIENTED_EDGE ( 'NONE', *, *, #1102, .F. ) ;
#2322 = AXIS2_PLACEMENT_3D ( 'NONE', #1631, #1906, #2424 ) ;
#2323 = VERTEX_POINT ( 'NONE', #3065 ) ;
#2324 = CARTESIAN_POINT ( 'NONE',  ( -0.1500000000000001332, 0.0000000000000000000, 0.8503943632526923535 ) ) ;
#2325 = VECTOR ( 'NONE', #562, 1000.000000000000000 ) ;
#2326 = EDGE_CURVE ( 'NONE', #155, #1368, #410, .T. ) ;
#2327 = EDGE_CURVE ( 'NONE', #1155, #2914, #127, .T. ) ;
#2328 = STYLED_ITEM ( 'NONE', ( #136 ), #1885 ) ;
#2329 = FACE_OUTER_BOUND ( 'NONE', #1375, .T. ) ;
#2330 = LINE ( 'NONE', #1815, #860 ) ;
#2331 = EDGE_CURVE ( 'NONE', #1888, #1626, #396, .T. ) ;
#2332 = CARTESIAN_POINT ( 'NONE',  ( 0.6674999999999997602, 0.2000000000000000111, -0.4749999999999999778 ) ) ;
#2333 =( NAMED_UNIT ( * ) SI_UNIT ( $, .STERADIAN. ) SOLID_ANGLE_UNIT ( ) );
#2334 =( NAMED_UNIT ( * ) SI_UNIT ( $, .STERADIAN. ) SOLID_ANGLE_UNIT ( ) );
#2335 = CARTESIAN_POINT ( 'NONE',  ( -0.3996056367473078130, 500000.0000000000582, 0.7500000000000000000 ) ) ;
#2336 = ORIENTED_EDGE ( 'NONE', *, *, #1658, .T. ) ;
#2337 = ORIENTED_EDGE ( 'NONE', *, *, #630, .F. ) ;
#2338 = DIRECTION ( 'NONE',  ( 0.0000000000000000000, -1.000000000000000000, 0.0000000000000000000 ) ) ;
#2339 = ORIENTED_EDGE ( 'NONE', *, *, #2562, .F. ) ;
#2340 = LINE ( 'NONE', #1097, #2325 ) ;
#2341 = MECHANICAL_DESIGN_GEOMETRIC_PRESENTATION_REPRESENTATION (  '', ( #2655 ), #498 ) ;
#2342 = DIRECTION ( 'NONE',  ( 1.000000000000000000, 0.0000000000000000000, -0.0000000000000000000 ) ) ;
#2343 = CARTESIAN_POINT ( 'NONE',  ( 0.6003943632526922425, 0.2000000000000000111, -0.8503943632526924645 ) ) ;
#2344 = CARTESIAN_POINT ( 'NONE',  ( -0.5000000000000001110, -0.02500000000000000139, -1.024999999999999911 ) ) ;
#2345 = ADVANCED_FACE ( 'NONE', ( #2369 ), #2619, .T. ) ;
#2346 =( NAMED_UNIT ( * ) PLANE_ANGLE_UNIT ( ) SI_UNIT ( $, .RADIAN. ) );
#2347 = VERTEX_POINT ( 'NONE', #2889 ) ;
#2348 = CARTESIAN_POINT ( 'NONE',  ( 0.6003943632526922425, 0.2000000000000000111, 0.7499999999999998890 ) ) ;
#2349 = VERTEX_POINT ( 'NONE', #1344 ) ;
#2350 = DIRECTION ( 'NONE',  ( -0.0000000000000000000, -1.000000000000000000, -0.0000000000000000000 ) ) ;
#2351 = EDGE_LOOP ( 'NONE', ( #1424, #1922, #2701, #2129 ) ) ;
#2352 = CARTESIAN_POINT ( 'NONE',  ( -0.1500000000000001332, 0.2000000000000000111, 0.8503943632526923535 ) ) ;
#2353 = DIRECTION ( 'NONE',  ( 0.0000000000000000000, -1.000000000000000000, 0.0000000000000000000 ) ) ;
#2354 = ORIENTED_EDGE ( 'NONE', *, *, #2187, .F. ) ;
#2355 = SURFACE_STYLE_FILL_AREA ( #2611 ) ;
#2356 = CARTESIAN_POINT ( 'NONE',  ( -1.024999999999999911, 0.7500000000000000000, 1.024999999999999911 ) ) ;
#2357 = CARTESIAN_POINT ( 'NONE',  ( 0.8000000000000007105, 0.2000000000000000111, -1.024999999999999911 ) ) ;
#2358 = VECTOR ( 'NONE', #1398, 1000.000000000000000 ) ;
#2359 = PRESENTATION_LAYER_ASSIGNMENT (  '', '', ( #2834 ) ) ;
#2360 = EDGE_CURVE ( 'NONE', #2689, #2471, #2088, .T. ) ;
#2361 = EDGE_CURVE ( 'NONE', #2890, #525, #2651, .T. ) ;
#2362 = FILL_AREA_STYLE ('',( #1363 ) ) ;
#2363 = PLANE ( 'NONE',  #1370 ) ;
#2364 = EDGE_LOOP ( 'NONE', ( #623, #474, #836, #1602, #698, #198, #2845, #1387, #1808, #733, #33, #2112, #712, #439, #563, #493 ) ) ;
#2365 = AXIS2_PLACEMENT_3D ( 'NONE', #389, #622, #674 ) ;
#2366 =( GEOMETRIC_REPRESENTATION_CONTEXT ( 3 ) GLOBAL_UNCERTAINTY_ASSIGNED_CONTEXT ( ( #1412 ) ) GLOBAL_UNIT_ASSIGNED_CONTEXT ( ( #1409, #2474, #1182 ) ) REPRESENTATION_CONTEXT ( 'NONE', 'WORKASPACE' ) );
#2367 = DIRECTION ( 'NONE',  ( -2.115516434118057709E-16, -0.0000000000000000000, -1.000000000000000000 ) ) ;
#2368 = ORIENTED_EDGE ( 'NONE', *, *, #2245, .F. ) ;
#2369 = FACE_OUTER_BOUND ( 'NONE', #1510, .T. ) ;
#2370 = VERTEX_POINT ( 'NONE', #1081 ) ;
#2371 = VECTOR ( 'NONE', #846, 1000.000000000000000 ) ;
#2372 = CIRCLE ( 'NONE', #392, 0.1174999999999999795 ) ;
#2373 = DIRECTION ( 'NONE',  ( 0.0000000000000000000, 0.0000000000000000000, 1.000000000000000000 ) ) ;
#2374 = CIRCLE ( 'NONE', #1690, 0.1003943632526923119 ) ;
#2375 = ORIENTED_EDGE ( 'NONE', *, *, #447, .T. ) ;
#2376 = COLOUR_RGB ( '',0.7529411764705882248, 0.7529411764705882248, 0.7529411764705882248 ) ;
#2377 = SURFACE_STYLE_USAGE ( .BOTH. , #2407 ) ;
#2378 = ORIENTED_EDGE ( 'NONE', *, *, #1637, .F. ) ;
#2379 = CARTESIAN_POINT ( 'NONE',  ( -0.1500000000000000777, -0.02500000000000000139, 1.024999999999999911 ) ) ;
#2380 = CARTESIAN_POINT ( 'NONE',  ( -0.1500000000000000777, -0.02500000000000000139, 1.024999999999999911 ) ) ;
#2381 = PRESENTATION_STYLE_ASSIGNMENT (( #1378 ) ) ;
#2382 = CARTESIAN_POINT ( 'NONE',  ( 0.4999999999999997780, 0.2000000000000000111, 1.024999999999999911 ) ) ;
#2383 = FILL_AREA_STYLE ('',( #655 ) ) ;
#2384 = EDGE_LOOP ( 'NONE', ( #2749, #2238, #373, #2405 ) ) ;
#2385 = DIRECTION ( 'NONE',  ( 1.000000000000000000, 0.0000000000000000000, 0.0000000000000000000 ) ) ;
#2386 = EDGE_LOOP ( 'NONE', ( #2733, #2315, #1178, #1111 ) ) ;
#2387 = CARTESIAN_POINT ( 'NONE',  ( -1.025000000000000133, 0.0000000000000000000, -1.024999999999999911 ) ) ;
#2388 = EDGE_LOOP ( 'NONE', ( #2055, #627, #3106, #1406 ) ) ;
#2389 = EDGE_CURVE ( 'NONE', #1791, #3048, #2120, .T. ) ;
#2390 = DIRECTION ( 'NONE',  ( -1.707404996040164018E-16, -0.0000000000000000000, 1.000000000000000000 ) ) ;
#2391 = VECTOR ( 'NONE', #2233, 1000.000000000000000 ) ;
#2392 = PLANE ( 'NONE',  #1566 ) ;
#2393 = ORIENTED_EDGE ( 'NONE', *, *, #2063, .F. ) ;
#2394 = CYLINDRICAL_SURFACE ( 'NONE', #2983, 0.1003943632526924229 ) ;
#2395 = LINE ( 'NONE', #190, #1273 ) ;
#2396 = DIRECTION ( 'NONE',  ( -0.0000000000000000000, 1.000000000000000000, -0.0000000000000000000 ) ) ;
#2397 = CARTESIAN_POINT ( 'NONE',  ( 0.6003943632526922425, -0.0000000000000000000, 0.7499999999999998890 ) ) ;
#2398 =( NAMED_UNIT ( * ) SI_UNIT ( $, .STERADIAN. ) SOLID_ANGLE_UNIT ( ) );
#2399 = CARTESIAN_POINT ( 'NONE',  ( -0.3996056367473078130, 0.0000000000000000000, -0.7500000000000000000 ) ) ;
#2400 = ORIENTED_EDGE ( 'NONE', *, *, #3198, .T. ) ;
#2401 = SURFACE_SIDE_STYLE ('',( #2718 ) ) ;
#2402 = ORIENTED_EDGE ( 'NONE', *, *, #2491, .F. ) ;
#2403 = EDGE_CURVE ( 'NONE', #760, #245, #2603, .T. ) ;
#2404 = EDGE_CURVE ( 'NONE', #2466, #2706, #3076, .T. ) ;
#2405 = ORIENTED_EDGE ( 'NONE', *, *, #1127, .T. ) ;
#2406 = DIRECTION ( 'NONE',  ( 0.0000000000000000000, 1.000000000000000000, 0.0000000000000000000 ) ) ;
#2407 = SURFACE_SIDE_STYLE ('',( #1407 ) ) ;
#2408 = ORIENTED_EDGE ( 'NONE', *, *, #775, .F. ) ;
#2409 = FACE_OUTER_BOUND ( 'NONE', #887, .T. ) ;
#2410 = CARTESIAN_POINT ( 'NONE',  ( 0.7849999999999998090, -0.02500000000000000139, 0.2775000000000000799 ) ) ;
#2411 = DIRECTION ( 'NONE',  ( -0.0000000000000000000, -1.000000000000000000, -0.0000000000000000000 ) ) ;
#2412 = VERTEX_POINT ( 'NONE', #2826 ) ;
#2413 = APPLICATION_CONTEXT ( 'automotive_design' ) ;
#2414 = FACE_OUTER_BOUND ( 'NONE', #1810, .T. ) ;
#2415 = VECTOR ( 'NONE', #1274, 1000.000000000000000 ) ;
#2416 = VECTOR ( 'NONE', #2857, 1000.000000000000000 ) ;
#2417 = AXIS2_PLACEMENT_3D ( 'NONE', #2516, #492, #230 ) ;
#2418 = DIRECTION ( 'NONE',  ( -3.104716985897143937E-16, 0.0000000000000000000, 1.000000000000000000 ) ) ;
#2419 = COLOUR_RGB ( '',0.7686274509803920907, 0.7686274509803920907, 0.7686274509803920907 ) ;
#2420 = VERTEX_POINT ( 'NONE', #593 ) ;
#2421 = ORIENTED_EDGE ( 'NONE', *, *, #2077, .T. ) ;
#2422 = AXIS2_PLACEMENT_3D ( 'NONE', #487, #1967, #2919 ) ;
#2423 = ORIENTED_EDGE ( 'NONE', *, *, #1088, .F. ) ;
#2424 = DIRECTION ( 'NONE',  ( 0.0000000000000000000, -0.0000000000000000000, 1.000000000000000000 ) ) ;
#2425 = ORIENTED_EDGE ( 'NONE', *, *, #826, .F. ) ;
#2426 = EDGE_CURVE ( 'NONE', #144, #363, #3189, .T. ) ;
#2427 = VECTOR ( 'NONE', #636, 1000.000000000000000 ) ;
#2428 = LINE ( 'NONE', #2194, #2980 ) ;
#2429 = STYLED_ITEM ( 'NONE', ( #1763 ), #1532 ) ;
#2430 = PRESENTATION_LAYER_ASSIGNMENT (  '', '', ( #911 ) ) ;
#2431 = CARTESIAN_POINT ( 'NONE',  ( 0.7999999999999999334, -0.02500000000000000139, 0.8503943632526924645 ) ) ;
#2432 = CARTESIAN_POINT ( 'NONE',  ( -0.3996056367473078130, 0.2000000000000000111, 0.8503943632526923535 ) ) ;
#2433 = EDGE_CURVE ( 'NONE', #2681, #1155, #1095, .T. ) ;
#2434 = AXIS2_PLACEMENT_3D ( 'NONE', #3200, #968, #1487 ) ;
#2435 = DIRECTION ( 'NONE',  ( 0.0000000000000000000, -1.000000000000000000, 0.0000000000000000000 ) ) ;
#2436 = CYLINDRICAL_SURFACE ( 'NONE', #2232, 0.1003943632526924229 ) ;
#2437 = DIRECTION ( 'NONE',  ( 0.0000000000000000000, 0.0000000000000000000, -1.000000000000000000 ) ) ;
#2438 = ORIENTED_EDGE ( 'NONE', *, *, #695, .F. ) ;
#2439 = CARTESIAN_POINT ( 'NONE',  ( -0.2503943632526924312, 0.2000000000000000111, -0.7500000000000000000 ) ) ;
#2440 = ORIENTED_EDGE ( 'NONE', *, *, #103, .T. ) ;
#2441 = ORIENTED_EDGE ( 'NONE', *, *, #327, .F. ) ;
#2442 = PLANE ( 'NONE',  #3094 ) ;
#2443 =( NAMED_UNIT ( * ) SI_UNIT ( $, .STERADIAN. ) SOLID_ANGLE_UNIT ( ) );
#2444 = LINE ( 'NONE', #2181, #3147 ) ;
#2445 =( NAMED_UNIT ( * ) SI_UNIT ( $, .STERADIAN. ) SOLID_ANGLE_UNIT ( ) );
#2446 = EDGE_CURVE ( 'NONE', #133, #2466, #2101, .T. ) ;
#2447 = DIRECTION ( 'NONE',  ( 0.0000000000000000000, 1.000000000000000000, 0.0000000000000000000 ) ) ;
#2448 = ADVANCED_FACE ( 'NONE', ( #2908 ), #1193, .F. ) ;
#2449 = FACE_OUTER_BOUND ( 'NONE', #3145, .T. ) ;
#2450 = FACE_OUTER_BOUND ( 'NONE', #2133, .T. ) ;
#2451 = CARTESIAN_POINT ( 'NONE',  ( 0.8000000000000005995, -0.02500000000000000139, -0.8503943632526922425 ) ) ;
#2452 = ORIENTED_EDGE ( 'NONE', *, *, #311, .T. ) ;
#2453 = LINE ( 'NONE', #1254, #1835 ) ;
#2454 = SURFACE_STYLE_USAGE ( .BOTH. , #2401 ) ;
#2455 = ORIENTED_EDGE ( 'NONE', *, *, #597, .T. ) ;
#2456 = VERTEX_POINT ( 'NONE', #2956 ) ;
#2457 =( LENGTH_UNIT ( ) NAMED_UNIT ( * ) SI_UNIT ( .MILLI., .METRE. ) );
#2458 = LINE ( 'NONE', #2180, #948 ) ;
#2459 = LINE ( 'NONE', #2107, #181 ) ;
#2460 = CARTESIAN_POINT ( 'NONE',  ( -0.5000000000000001110, 0.2000000000000000111, -1.024999999999999911 ) ) ;
#2461 = ADVANCED_FACE ( 'NONE', ( #2730 ), #1466, .T. ) ;
#2462 = EDGE_CURVE ( 'NONE', #1391, #1888, #438, .T. ) ;
#2463 = FILL_AREA_STYLE ('',( #1669 ) ) ;
#2464 = VERTEX_POINT ( 'NONE', #2680 ) ;
#2465 = CARTESIAN_POINT ( 'NONE',  ( -0.2503943632526924312, -0.02500000000000000139, -0.7500000000000000000 ) ) ;
#2466 = VERTEX_POINT ( 'NONE', #1952 ) ;
#2467 = PRESENTATION_LAYER_ASSIGNMENT (  '', '', ( #642 ) ) ;
#2468 = EDGE_CURVE ( 'NONE', #1227, #1791, #732, .T. ) ;
#2469 = VECTOR ( 'NONE', #1244, 1000.000000000000000 ) ;
#2470 = AXIS2_PLACEMENT_3D ( 'NONE', #547, #581, #3035 ) ;
#2471 = VERTEX_POINT ( 'NONE', #2439 ) ;
#2472 = LINE ( 'NONE', #220, #2797 ) ;
#2473 = AXIS2_PLACEMENT_3D ( 'NONE', #1308, #2814, #2303 ) ;
#2474 =( NAMED_UNIT ( * ) PLANE_ANGLE_UNIT ( ) SI_UNIT ( $, .RADIAN. ) );
#2475 = DIRECTION ( 'NONE',  ( 0.0000000000000000000, 0.0000000000000000000, 1.000000000000000000 ) ) ;
#2476 = CIRCLE ( 'NONE', #73, 0.1003943632526923119 ) ;
#2477 = DIRECTION ( 'NONE',  ( -1.000000000000000000, -0.0000000000000000000, -0.0000000000000000000 ) ) ;
#2478 =( GEOMETRIC_REPRESENTATION_CONTEXT ( 3 ) GLOBAL_UNCERTAINTY_ASSIGNED_CONTEXT ( ( #2252 ) ) GLOBAL_UNIT_ASSIGNED_CONTEXT ( ( #1940, #650, #2646 ) ) REPRESENTATION_CONTEXT ( 'NONE', 'WORKASPACE' ) );
#2479 = VECTOR ( 'NONE', #2367, 1000.000000000000000 ) ;
#2480 = VECTOR ( 'NONE', #1033, 1000.000000000000000 ) ;
#2481 = FILL_AREA_STYLE_COLOUR ( '', #2885 ) ;
#2482 = SURFACE_STYLE_FILL_AREA ( #1715 ) ;
#2483 = CARTESIAN_POINT ( 'NONE',  ( 0.6003943632526922425, 0.2000000000000000111, 0.8503943632526924645 ) ) ;
#2484 = STYLED_ITEM ( 'NONE', ( #3087 ), #1766 ) ;
#2485 = STYLED_ITEM ( 'NONE', ( #851 ), #987 ) ;
#2486 = DIRECTION ( 'NONE',  ( 0.0000000000000000000, 0.0000000000000000000, -1.000000000000000000 ) ) ;
#2487 = AXIS2_PLACEMENT_3D ( 'NONE', #1868, #1926, #1699 ) ;
#2488 = ORIENTED_EDGE ( 'NONE', *, *, #2188, .T. ) ;
#2489 = DIRECTION ( 'NONE',  ( 1.000000000000000000, 0.0000000000000000000, 0.0000000000000000000 ) ) ;
#2490 = EDGE_LOOP ( 'NONE', ( #1878, #1130, #477, #2532 ) ) ;
#2491 = EDGE_CURVE ( 'NONE', #2918, #427, #916, .T. ) ;
#2492 = EDGE_LOOP ( 'NONE', ( #1381, #464, #2634, #1414 ) ) ;
#2493 = EDGE_CURVE ( 'NONE', #664, #1554, #946, .T. ) ;
#2494 = FILL_AREA_STYLE ('',( #1937 ) ) ;
#2495 = DIRECTION ( 'NONE',  ( 0.0000000000000000000, -0.0000000000000000000, -1.000000000000000000 ) ) ;
#2496 = LINE ( 'NONE', #256, #2582 ) ;
#2497 = CARTESIAN_POINT ( 'NONE',  ( 0.6003943632526922425, 0.2000000000000000111, -0.7499999999999998890 ) ) ;
#2498 = PRESENTATION_LAYER_ASSIGNMENT (  '', '', ( #621 ) ) ;
#2499 = CARTESIAN_POINT ( 'NONE',  ( 0.5500000000000000444, 0.2000000000000000111, 0.2775000000000000799 ) ) ;
#2500 = CARTESIAN_POINT ( 'NONE',  ( -0.3996056367473078130, 0.2000000000000000111, -0.7500000000000000000 ) ) ;
#2501 = PLANE ( 'NONE',  #3012 ) ;
#2502 = ORIENTED_EDGE ( 'NONE', *, *, #2962, .F. ) ;
#2503 = CARTESIAN_POINT ( 'NONE',  ( 0.6674999999999997602, 0.2000000000000000111, -0.3575000000000000400 ) ) ;
#2504 = EDGE_LOOP ( 'NONE', ( #668, #2139, #2051, #918 ) ) ;
#2505 = CARTESIAN_POINT ( 'NONE',  ( -0.2503943632526924312, 0.2000000000000000111, -0.8503943632526923535 ) ) ;
#2506 = CYLINDRICAL_SURFACE ( 'NONE', #2886, 0.1003943632526924229 ) ;
#2507 = EDGE_CURVE ( 'NONE', #1060, #760, #1229, .T. ) ;
#2508 = EDGE_CURVE ( 'NONE', #1903, #2323, #979, .T. ) ;
#2509 = LINE ( 'NONE', #3206, #3202 ) ;
#2510 = SURFACE_STYLE_USAGE ( .BOTH. , #2961 ) ;
#2511 = SURFACE_STYLE_USAGE ( .BOTH. , #1002 ) ;
#2512 =( LENGTH_UNIT ( ) NAMED_UNIT ( * ) SI_UNIT ( .MILLI., .METRE. ) );
#2513 = DIRECTION ( 'NONE',  ( -0.0000000000000000000, -1.000000000000000000, -0.0000000000000000000 ) ) ;
#2514 = FILL_AREA_STYLE ('',( #784 ) ) ;
#2515 = EDGE_LOOP ( 'NONE', ( #2033, #1917, #3164, #104 ) ) ;
#2516 = CARTESIAN_POINT ( 'NONE',  ( 0.8000000000000005995, 0.2000000000000000111, -0.8503943632526922425 ) ) ;
#2517 = ORIENTED_EDGE ( 'NONE', *, *, #473, .F. ) ;
#2518 = DIRECTION ( 'NONE',  ( 1.000000000000000000, 0.0000000000000000000, 0.0000000000000000000 ) ) ;
#2519 = DIRECTION ( 'NONE',  ( -5.288791085295144272E-17, 0.0000000000000000000, -1.000000000000000000 ) ) ;
#2520 = STYLED_ITEM ( 'NONE', ( #731 ), #2687 ) ;
#2521 = AXIS2_PLACEMENT_3D ( 'NONE', #539, #2050, #1833 ) ;
#2522 = VECTOR ( 'NONE', #1445, 1000.000000000000000 ) ;
#2523 = DIRECTION ( 'NONE',  ( 1.000000000000000000, 0.0000000000000000000, -1.057758217059028854E-16 ) ) ;
#2524 = ADVANCED_FACE ( 'NONE', ( #2967 ), #1156, .F. ) ;
#2525 = FILL_AREA_STYLE ('',( #484 ) ) ;
#2526 = DIRECTION ( 'NONE',  ( 1.057758217059028854E-16, 0.0000000000000000000, 1.000000000000000000 ) ) ;
#2527 = CYLINDRICAL_SURFACE ( 'NONE', #2712, 0.1003943632526923119 ) ;
#2528 = EDGE_CURVE ( 'NONE', #3093, #1558, #421, .T. ) ;
#2529 = CARTESIAN_POINT ( 'NONE',  ( 0.8000000000000007105, 0.0000000000000000000, -1.024999999999999911 ) ) ;
#2530 = VECTOR ( 'NONE', #2385, 1000.000000000000000 ) ;
#2531 = CYLINDRICAL_SURFACE ( 'NONE', #1848, 0.1003943632526923119 ) ;
#2532 = ORIENTED_EDGE ( 'NONE', *, *, #596, .F. ) ;
#2533 = CARTESIAN_POINT ( 'NONE',  ( 0.4999999999999997780, -0.0000000000000000000, 1.024999999999999911 ) ) ;
#2534 = EDGE_LOOP ( 'NONE', ( #1455, #357, #1873, #2354 ) ) ;
#2535 = PRESENTATION_LAYER_ASSIGNMENT (  '', '', ( #2160 ) ) ;
#2536 = CIRCLE ( 'NONE', #237, 0.08364049828302926037 ) ;
#2537 = LINE ( 'NONE', #64, #1230 ) ;
#2538 = PRESENTATION_LAYER_ASSIGNMENT (  '', '', ( #2219 ) ) ;
#2539 = CARTESIAN_POINT ( 'NONE',  ( 0.7999999999999999334, 0.2000000000000000111, 0.8503943632526924645 ) ) ;
#2540 = CARTESIAN_POINT ( 'NONE',  ( -1.025000000000000133, 0.0000000000000000000, -1.024999999999999911 ) ) ;
#2541 = CARTESIAN_POINT ( 'NONE',  ( -0.2503943632526924312, -0.02500000000000000139, 0.7500000000000000000 ) ) ;
#2542 = CARTESIAN_POINT ( 'NONE',  ( 0.4999999999999997780, 0.2000000000000000111, 1.024999999999999911 ) ) ;
#2543 = CARTESIAN_POINT ( 'NONE',  ( 0.5500000000000000444, 0.2000000000000000111, 0.2775000000000000799 ) ) ;
#2544 = CARTESIAN_POINT ( 'NONE',  ( -0.3996056367473078130, 0.2000000000066393113, 0.7500000000000000000 ) ) ;
#2545 = EDGE_CURVE ( 'NONE', #730, #680, #2237, .T. ) ;
#2546 = EDGE_CURVE ( 'NONE', #1303, #1096, #1930, .T. ) ;
#2547 = ORIENTED_EDGE ( 'NONE', *, *, #1031, .F. ) ;
#2548 = DIRECTION ( 'NONE',  ( 0.0000000000000000000, 0.0000000000000000000, 1.000000000000000000 ) ) ;
#2549 = EDGE_LOOP ( 'NONE', ( #2663, #3066, #2954, #1464 ) ) ;
#2550 = UNCERTAINTY_MEASURE_WITH_UNIT (LENGTH_MEASURE( 1.000000000000000082E-05 ), #1411, 'distance_accuracy_value', 'NONE');
#2551 = AXIS2_PLACEMENT_3D ( 'NONE', #353, #874, #102 ) ;
#2552 = SURFACE_STYLE_USAGE ( .BOTH. , #1720 ) ;
#2553 = ORIENTED_EDGE ( 'NONE', *, *, #1779, .T. ) ;
#2554 = CARTESIAN_POINT ( 'NONE',  ( 0.6996056367473075799, 0.2000000000000000111, 0.8503943632526924645 ) ) ;
#2555 = DIRECTION ( 'NONE',  ( 0.0000000000000000000, -1.000000000000000000, 0.0000000000000000000 ) ) ;
#2556 = LINE ( 'NONE', #316, #2218 ) ;
#2557 = CARTESIAN_POINT ( 'NONE',  ( -0.1500000000000001332, 0.2000000000000000111, 0.8503943632526923535 ) ) ;
#2558 = CARTESIAN_POINT ( 'NONE',  ( 0.6674999999999997602, 0.0000000000000000000, -0.4749999999999999778 ) ) ;
#2559 =( NAMED_UNIT ( * ) PLANE_ANGLE_UNIT ( ) SI_UNIT ( $, .RADIAN. ) );
#2560 = SURFACE_STYLE_USAGE ( .BOTH. , #1056 ) ;
#2561 = VERTEX_POINT ( 'NONE', #1452 ) ;
#2562 = EDGE_CURVE ( 'NONE', #718, #1611, #2955, .T. ) ;
#2563 = EDGE_CURVE ( 'NONE', #2999, #2665, #3225, .T. ) ;
#2564 = FILL_AREA_STYLE ('',( #1623 ) ) ;
#2565 = ORIENTED_EDGE ( 'NONE', *, *, #2752, .T. ) ;
#2566 = CARTESIAN_POINT ( 'NONE',  ( -0.1500000000000000777, 0.2000000000000000111, 1.024999999999999911 ) ) ;
#2567 = ORIENTED_EDGE ( 'NONE', *, *, #1735, .T. ) ;
#2568 = SURFACE_STYLE_FILL_AREA ( #1639 ) ;
#2569 = EDGE_CURVE ( 'NONE', #2561, #3187, #2732, .T. ) ;
#2570 = SURFACE_STYLE_USAGE ( .BOTH. , #807 ) ;
#2571 = VECTOR ( 'NONE', #1348, 1000.000000000000000 ) ;
#2572 =( GEOMETRIC_REPRESENTATION_CONTEXT ( 3 ) GLOBAL_UNCERTAINTY_ASSIGNED_CONTEXT ( ( #167 ) ) GLOBAL_UNIT_ASSIGNED_CONTEXT ( ( #3007, #2307, #2782 ) ) REPRESENTATION_CONTEXT ( 'NONE', 'WORKASPACE' ) );
#2573 = FACE_OUTER_BOUND ( 'NONE', #1440, .T. ) ;
#2574 = SURFACE_SIDE_STYLE ('',( #1816 ) ) ;
#2575 = PRESENTATION_STYLE_ASSIGNMENT (( #1338 ) ) ;
#2576 = STYLED_ITEM ( 'NONE', ( #2724 ), #1042 ) ;
#2577 =( NAMED_UNIT ( * ) SI_UNIT ( $, .STERADIAN. ) SOLID_ANGLE_UNIT ( ) );
#2578 = CIRCLE ( 'NONE', #2473, 0.1003943632526923119 ) ;
#2579 =( NAMED_UNIT ( * ) SI_UNIT ( $, .STERADIAN. ) SOLID_ANGLE_UNIT ( ) );
#2580 = VERTEX_POINT ( 'NONE', #3193 ) ;
#2581 = AXIS2_PLACEMENT_3D ( 'NONE', #2694, #452, #672 ) ;
#2582 = VECTOR ( 'NONE', #1780, 1000.000000000000000 ) ;
#2583 = DIRECTION ( 'NONE',  ( 0.0000000000000000000, 0.0000000000000000000, -1.000000000000000000 ) ) ;
#2584 = EDGE_LOOP ( 'NONE', ( #2643, #3124, #1568, #1385 ) ) ;
#2585 = MECHANICAL_DESIGN_GEOMETRIC_PRESENTATION_REPRESENTATION (  '', ( #3205 ), #126 ) ;
#2586 = DIRECTION ( 'NONE',  ( 0.0000000000000000000, -1.000000000000000000, 0.0000000000000000000 ) ) ;
#2587 = VERTEX_POINT ( 'NONE', #1465 ) ;
#2588 = SURFACE_SIDE_STYLE ('',( #595 ) ) ;
#2589 = VECTOR ( 'NONE', #1544, 1000.000000000000000 ) ;
#2590 = EDGE_CURVE ( 'NONE', #760, #3093, #2932, .T. ) ;
#2591 = EDGE_CURVE ( 'NONE', #1307, #3187, #1719, .T. ) ;
#2592 = PRESENTATION_LAYER_ASSIGNMENT (  '', '', ( #1531 ) ) ;
#2593 = LINE ( 'NONE', #1827, #1379 ) ;
#2594 = DIRECTION ( 'NONE',  ( 0.0000000000000000000, 0.0000000000000000000, 1.000000000000000000 ) ) ;
#2595 = SURFACE_SIDE_STYLE ('',( #1131 ) ) ;
#2596 = FILL_AREA_STYLE ('',( #1114 ) ) ;
#2597 =( LENGTH_UNIT ( ) NAMED_UNIT ( * ) SI_UNIT ( .MILLI., .METRE. ) );
#2598 = CYLINDRICAL_SURFACE ( 'NONE', #380, 0.1003943632526924229 ) ;
#2599 = VERTEX_POINT ( 'NONE', #2465 ) ;
#2600 = CARTESIAN_POINT ( 'NONE',  ( 0.5500000000000000444, 0.2000000000000000111, 0.2775000000000000799 ) ) ;
#2601 = PRESENTATION_LAYER_ASSIGNMENT (  '', '', ( #252 ) ) ;
#2602 = ORIENTED_EDGE ( 'NONE', *, *, #1998, .F. ) ;
#2603 = LINE ( 'NONE', #2872, #1986 ) ;
#2604 = VERTEX_POINT ( 'NONE', #3215 ) ;
#2605 = VECTOR ( 'NONE', #1299, 1000.000000000000000 ) ;
#2606 = PRESENTATION_STYLE_ASSIGNMENT (( #2570 ) ) ;
#2607 = ADVANCED_FACE ( 'NONE', ( #2000 ), #1482, .F. ) ;
#2608 = EDGE_CURVE ( 'NONE', #205, #394, #940, .T. ) ;
#2609 = DIRECTION ( 'NONE',  ( 0.0000000000000000000, 0.0000000000000000000, -1.000000000000000000 ) ) ;
#2610 = EDGE_LOOP ( 'NONE', ( #1775, #1483, #1419, #1825, #2421, #1140, #2226, #592, #2874, #437, #2979, #3131, #1593, #1635, #1545, #833 ) ) ;
#2611 = FILL_AREA_STYLE ('',( #3133 ) ) ;
#2612 = CARTESIAN_POINT ( 'NONE',  ( 0.6003943632526922425, 500000.0000000000582, 0.7499999999999998890 ) ) ;
#2613 = FACE_OUTER_BOUND ( 'NONE', #1454, .T. ) ;
#2614 = DIRECTION ( 'NONE',  ( -1.000000000000000000, -0.0000000000000000000, -0.0000000000000000000 ) ) ;
#2615 =( NAMED_UNIT ( * ) PLANE_ANGLE_UNIT ( ) SI_UNIT ( $, .RADIAN. ) );
#2616 = ORIENTED_EDGE ( 'NONE', *, *, #970, .T. ) ;
#2617 = CARTESIAN_POINT ( 'NONE',  ( -0.8000000000000001554, 0.0000000000000000000, 1.024999999999999911 ) ) ;
#2618 = ORIENTED_EDGE ( 'NONE', *, *, #2591, .F. ) ;
#2619 = PLANE ( 'NONE',  #2255 ) ;
#2620 = ORIENTED_EDGE ( 'NONE', *, *, #141, .F. ) ;
#2621 = FACE_OUTER_BOUND ( 'NONE', #2794, .T. ) ;
#2622 = ORIENTED_EDGE ( 'NONE', *, *, #1127, .F. ) ;
#2623 = CARTESIAN_POINT ( 'NONE',  ( -1.025000000000000133, 0.0000000000000000000, -1.024999999999999911 ) ) ;
#2624 = ORIENTED_EDGE ( 'NONE', *, *, #2763, .T. ) ;
#2625 = PRESENTATION_STYLE_ASSIGNMENT (( #2859 ) ) ;
#2626 = VECTOR ( 'NONE', #1705, 1000.000000000000000 ) ;
#2627 = MECHANICAL_DESIGN_GEOMETRIC_PRESENTATION_REPRESENTATION (  '', ( #1678 ), #2572 ) ;
#2628 = EDGE_CURVE ( 'NONE', #3093, #872, #1740, .T. ) ;
#2629 = CARTESIAN_POINT ( 'NONE',  ( -0.1500000000000001332, 0.0000000000000000000, -0.8503943632526923535 ) ) ;
#2630 = ORIENTED_EDGE ( 'NONE', *, *, #2163, .T. ) ;
#2631 = STYLED_ITEM ( 'NONE', ( #3045 ), #2710 ) ;
#2632 = AXIS2_PLACEMENT_3D ( 'NONE', #1634, #632, #1907 ) ;
#2633 = VERTEX_POINT ( 'NONE', #2966 ) ;
#2634 = ORIENTED_EDGE ( 'NONE', *, *, #31, .F. ) ;
#2635 = STYLED_ITEM ( 'NONE', ( #726 ), #1286 ) ;
#2636 = VECTOR ( 'NONE', #2131, 1000.000000000000000 ) ;
#2637 = PRESENTATION_LAYER_ASSIGNMENT (  '', '', ( #808 ) ) ;
#2638 = CIRCLE ( 'NONE', #1225, 0.1003943632526923119 ) ;
#2639 = DIRECTION ( 'NONE',  ( 0.0000000000000000000, 0.0000000000000000000, 1.000000000000000000 ) ) ;
#2640 = CARTESIAN_POINT ( 'NONE',  ( -0.8000000000000001554, 0.0000000000000000000, 1.024999999999999911 ) ) ;
#2641 = AXIS2_PLACEMENT_3D ( 'NONE', #2727, #308, #2747 ) ;
#2642 = COLOUR_RGB ( '',0.7529411764705882248, 0.7529411764705882248, 0.7529411764705882248 ) ;
#2643 = ORIENTED_EDGE ( 'NONE', *, *, #473, .T. ) ;
#2644 = DIRECTION ( 'NONE',  ( 0.0000000000000000000, -1.000000000000000000, 0.0000000000000000000 ) ) ;
#2645 = ORIENTED_EDGE ( 'NONE', *, *, #1673, .F. ) ;
#2646 =( NAMED_UNIT ( * ) SI_UNIT ( $, .STERADIAN. ) SOLID_ANGLE_UNIT ( ) );
#2647 =( LENGTH_UNIT ( ) NAMED_UNIT ( * ) SI_UNIT ( .MILLI., .METRE. ) );
#2648 = DIRECTION ( 'NONE',  ( -0.0000000000000000000, 1.000000000000000000, -0.0000000000000000000 ) ) ;
#2649 = ADVANCED_FACE ( 'NONE', ( #978 ), #1760, .F. ) ;
#2650 = PLANE ( 'NONE',  #503 ) ;
#2651 = LINE ( 'NONE', #866, #3079 ) ;
#2652 = EDGE_LOOP ( 'NONE', ( #1055, #2667 ) ) ;
#2653 = EDGE_LOOP ( 'NONE', ( #298, #1953, #1126, #914, #1946, #1355 ) ) ;
#2654 = CARTESIAN_POINT ( 'NONE',  ( -0.2503943632526924312, -0.02500000000000000139, -0.8503943632526923535 ) ) ;
#2655 = STYLED_ITEM ( 'NONE', ( #2575 ), #145 ) ;
#2656 = EDGE_LOOP ( 'NONE', ( #2624, #157, #1301, #1929 ) ) ;
#2657 = DIRECTION ( 'NONE',  ( -1.000000000000000000, 0.0000000000000000000, -0.0000000000000000000 ) ) ;
#2658 = CARTESIAN_POINT ( 'NONE',  ( -0.8000000000000001554, 0.2000000000000000111, 1.024999999999999911 ) ) ;
#2659 =( NAMED_UNIT ( * ) SI_UNIT ( $, .STERADIAN. ) SOLID_ANGLE_UNIT ( ) );
#2660 = UNCERTAINTY_MEASURE_WITH_UNIT (LENGTH_MEASURE( 1.000000000000000082E-05 ), #2169, 'distance_accuracy_value', 'NONE');
#2661 =( LENGTH_UNIT ( ) NAMED_UNIT ( * ) SI_UNIT ( .MILLI., .METRE. ) );
#2662 = PRESENTATION_STYLE_ASSIGNMENT (( #137 ) ) ;
#2663 = ORIENTED_EDGE ( 'NONE', *, *, #695, .T. ) ;
#2664 = LINE ( 'NONE', #419, #1439 ) ;
#2665 = VERTEX_POINT ( 'NONE', #2936 ) ;
#2666 = EDGE_CURVE ( 'NONE', #2604, #186, #2453, .T. ) ;
#2667 = ORIENTED_EDGE ( 'NONE', *, *, #1658, .F. ) ;
#2668 = EDGE_CURVE ( 'NONE', #1691, #1611, #2250, .T. ) ;
#2669 = ORIENTED_EDGE ( 'NONE', *, *, #965, .F. ) ;
#2670 = CARTESIAN_POINT ( 'NONE',  ( 0.4999999999999997780, -0.02500000000000000139, 1.024999999999999911 ) ) ;
#2671 = ORIENTED_EDGE ( 'NONE', *, *, #588, .F. ) ;
#2672 = DIRECTION ( 'NONE',  ( 0.0000000000000000000, 0.0000000000000000000, -1.000000000000000000 ) ) ;
#2673 = CARTESIAN_POINT ( 'NONE',  ( 0.7999999999999999334, -0.02500000000000000139, 0.8503943632526924645 ) ) ;
#2674 = FACE_OUTER_BOUND ( 'NONE', #2795, .T. ) ;
#2675 = AXIS2_PLACEMENT_3D ( 'NONE', #2503, #1692, #262 ) ;
#2676 = CIRCLE ( 'NONE', #2365, 0.1003943632526924229 ) ;
#2677 = DIRECTION ( 'NONE',  ( -1.000000000000000000, 0.0000000000000000000, 0.0000000000000000000 ) ) ;
#2678 = AXIS2_PLACEMENT_3D ( 'NONE', #2707, #2210, #2495 ) ;
#2679 = ORIENTED_EDGE ( 'NONE', *, *, #327, .T. ) ;
#2680 = CARTESIAN_POINT ( 'NONE',  ( -0.7733034776102284402, 0.7500000000000000000, 0.6233397554583435252 ) ) ;
#2681 = VERTEX_POINT ( 'NONE', #2702 ) ;
#2682 = COLOUR_RGB ( '',0.7686274509803920907, 0.7686274509803920907, 0.7686274509803920907 ) ;
#2683 = VECTOR ( 'NONE', #84, 1000.000000000000000 ) ;
#2684 = ORIENTED_EDGE ( 'NONE', *, *, #2288, .T. ) ;
#2685 = LINE ( 'NONE', #1144, #1117 ) ;
#2686 = CIRCLE ( 'NONE', #810, 0.1174999999999999795 ) ;
#2687 = ADVANCED_FACE ( 'NONE', ( #1968 ), #1704, .T. ) ;
#2688 = EDGE_CURVE ( 'NONE', #2633, #1626, #2810, .T. ) ;
#2689 = VERTEX_POINT ( 'NONE', #1289 ) ;
#2690 = VECTOR ( 'NONE', #1989, 1000.000000000000000 ) ;
#2691 = LINE ( 'NONE', #1488, #3080 ) ;
#2692 = AXIS2_PLACEMENT_3D ( 'NONE', #3127, #1613, #2373 ) ;
#2693 = CARTESIAN_POINT ( 'NONE',  ( 0.8000000000000007105, -0.02500000000000000139, -1.024999999999999911 ) ) ;
#2694 = CARTESIAN_POINT ( 'NONE',  ( 0.6996056367473081350, 0.2000000000000000111, -0.8503943632526924645 ) ) ;
#2695 = COLOUR_RGB ( '',0.7686274509803920907, 0.7686274509803920907, 0.7686274509803920907 ) ;
#2696 = MECHANICAL_DESIGN_GEOMETRIC_PRESENTATION_REPRESENTATION (  '', ( #2485 ), #3086 ) ;
#2697 = FACE_OUTER_BOUND ( 'NONE', #1881, .T. ) ;
#2698 = DIRECTION ( 'NONE',  ( -0.0000000000000000000, -1.000000000000000000, -0.0000000000000000000 ) ) ;
#2699 = VECTOR ( 'NONE', #1085, 1000.000000000000000 ) ;
#2700 = CARTESIAN_POINT ( 'NONE',  ( -0.2503943632526924312, 500000.0000000000582, 0.8503943632526923535 ) ) ;
#2701 = ORIENTED_EDGE ( 'NONE', *, *, #678, .T. ) ;
#2702 = CARTESIAN_POINT ( 'NONE',  ( 0.4999999999999997780, 0.2000000000066393113, -0.8503943632526923535 ) ) ;
#2703 = DIRECTION ( 'NONE',  ( -0.0000000000000000000, -1.000000000000000000, -0.0000000000000000000 ) ) ;
#2704 = ORIENTED_EDGE ( 'NONE', *, *, #2121, .F. ) ;
#2705 =( NAMED_UNIT ( * ) SI_UNIT ( $, .STERADIAN. ) SOLID_ANGLE_UNIT ( ) );
#2706 = VERTEX_POINT ( 'NONE', #2533 ) ;
#2707 = CARTESIAN_POINT ( 'NONE',  ( 0.6674999999999998712, -0.02500000000000000139, 0.2775000000000000799 ) ) ;
#2708 = LINE ( 'NONE', #3156, #857 ) ;
#2709 = EDGE_CURVE ( 'NONE', #3194, #3046, #321, .T. ) ;
#2710 = ADVANCED_FACE ( 'NONE', ( #1039 ), #2774, .T. ) ;
#2711 = DIRECTION ( 'NONE',  ( -1.000000000000000000, 0.0000000000000000000, -0.0000000000000000000 ) ) ;
#2712 = AXIS2_PLACEMENT_3D ( 'NONE', #976, #1283, #3024 ) ;
#2713 = PRESENTATION_STYLE_ASSIGNMENT (( #2511 ) ) ;
#2714 = EDGE_CURVE ( 'NONE', #3176, #1718, #2067, .T. ) ;
#2715 = DIRECTION ( 'NONE',  ( 1.000000000000000000, 0.0000000000000000000, 0.0000000000000000000 ) ) ;
#2716 = ORIENTED_EDGE ( 'NONE', *, *, #2462, .F. ) ;
#2717 = CARTESIAN_POINT ( 'NONE',  ( 0.6674999999999998712, 0.2000000000000000111, 0.2775000000000000799 ) ) ;
#2718 = SURFACE_STYLE_FILL_AREA ( #176 ) ;
#2719 = EDGE_LOOP ( 'NONE', ( #939, #2871, #2684, #2937 ) ) ;
#2720 = ORIENTED_EDGE ( 'NONE', *, *, #1496, .T. ) ;
#2721 = CARTESIAN_POINT ( 'NONE',  ( -0.2503943632526924312, 0.2000000000000000111, -0.8503943632526923535 ) ) ;
#2722 = PLANE ( 'NONE',  #2934 ) ;
#2723 = DIRECTION ( 'NONE',  ( -0.0000000000000000000, 1.000000000000000000, -0.0000000000000000000 ) ) ;
#2724 = PRESENTATION_STYLE_ASSIGNMENT (( #1701 ) ) ;
#2725 = ADVANCED_FACE ( 'NONE', ( #77 ), #2083, .F. ) ;
#2726 = EDGE_CURVE ( 'NONE', #2965, #2456, #1340, .T. ) ;
#2727 = CARTESIAN_POINT ( 'NONE',  ( 0.6996056367473081350, 0.2000000000000000111, -0.8503943632526924645 ) ) ;
#2728 = ORIENTED_EDGE ( 'NONE', *, *, #596, .T. ) ;
#2729 = FILL_AREA_STYLE_COLOUR ( '', #701 ) ;
#2730 = FACE_OUTER_BOUND ( 'NONE', #1159, .T. ) ;
#2731 = STYLED_ITEM ( 'NONE', ( #819 ), #2224 ) ;
#2732 = CIRCLE ( 'NONE', #1321, 0.1003943632526924229 ) ;
#2733 = ORIENTED_EDGE ( 'NONE', *, *, #1401, .F. ) ;
#2734 =( NAMED_UNIT ( * ) SI_UNIT ( $, .STERADIAN. ) SOLID_ANGLE_UNIT ( ) );
#2735 = VECTOR ( 'NONE', #297, 1000.000000000000000 ) ;
#2736 = AXIS2_PLACEMENT_3D ( 'NONE', #2554, #1498, #265 ) ;
#2737 = FACE_OUTER_BOUND ( 'NONE', #2515, .T. ) ;
#2738 = LINE ( 'NONE', #2280, #550 ) ;
#2739 = VECTOR ( 'NONE', #2284, 1000.000000000000000 ) ;
#2740 = FACE_OUTER_BOUND ( 'NONE', #341, .T. ) ;
#2741 = CIRCLE ( 'NONE', #1376, 0.1003943632526923119 ) ;
#2742 = CIRCLE ( 'NONE', #1116, 0.1003943632526924229 ) ;
#2743 = CIRCLE ( 'NONE', #2993, 0.1003943632526923119 ) ;
#2744 = LINE ( 'NONE', #1979, #343 ) ;
#2745 = COLOUR_RGB ( '',0.7686274509803920907, 0.7686274509803920907, 0.7686274509803920907 ) ;
#2746 = AXIS2_PLACEMENT_3D ( 'NONE', #225, #2437, #746 ) ;
#2747 = DIRECTION ( 'NONE',  ( 0.0000000000000000000, 0.0000000000000000000, 1.000000000000000000 ) ) ;
#2748 = VECTOR ( 'NONE', #1754, 1000.000000000000000 ) ;
#2749 = ORIENTED_EDGE ( 'NONE', *, *, #191, .T. ) ;
#2750 = ORIENTED_EDGE ( 'NONE', *, *, #2164, .F. ) ;
#2751 = ADVANCED_FACE ( 'NONE', ( #310 ), #2598, .T. ) ;
#2752 = EDGE_CURVE ( 'NONE', #734, #1888, #3121, .T. ) ;
#2753 = CYLINDRICAL_SURFACE ( 'NONE', #1112, 0.1174999999999998684 ) ;
#2754 =( NAMED_UNIT ( * ) SI_UNIT ( $, .STERADIAN. ) SOLID_ANGLE_UNIT ( ) );
#2755 = DIRECTION ( 'NONE',  ( 0.0000000000000000000, -0.0000000000000000000, 1.000000000000000000 ) ) ;
#2756 = PLANE ( 'NONE',  #1067 ) ;
#2757 = DIRECTION ( 'NONE',  ( -1.707404996040164018E-16, -0.0000000000000000000, 1.000000000000000000 ) ) ;
#2758 = CARTESIAN_POINT ( 'NONE',  ( -0.1500000000000001332, 500000.0000000000582, 0.8503943632526923535 ) ) ;
#2759 = DIRECTION ( 'NONE',  ( -1.707404996040164018E-16, -0.0000000000000000000, 1.000000000000000000 ) ) ;
#2760 = VERTEX_POINT ( 'NONE', #1364 ) ;
#2761 = CARTESIAN_POINT ( 'NONE',  ( 0.4999999999999997780, 500000.0000000000582, 0.8503943632526923535 ) ) ;
#2762 = ORIENTED_EDGE ( 'NONE', *, *, #1346, .F. ) ;
#2763 = EDGE_CURVE ( 'NONE', #891, #1820, #2676, .T. ) ;
#2764 = CARTESIAN_POINT ( 'NONE',  ( 0.7849999999999999201, -0.02500000000000000139, -0.3575000000000000400 ) ) ;
#2765 = FILL_AREA_STYLE_COLOUR ( '', #287 ) ;
#2766 = EDGE_CURVE ( 'NONE', #899, #1307, #1628, .T. ) ;
#2767 = ADVANCED_FACE ( 'NONE', ( #2883 ), #2363, .T. ) ;
#2768 = FILL_AREA_STYLE ('',( #1239 ) ) ;
#2769 = SURFACE_STYLE_USAGE ( .BOTH. , #1771 ) ;
#2770 = LINE ( 'NONE', #2542, #1724 ) ;
#2771 = DIRECTION ( 'NONE',  ( 0.0000000000000000000, -1.000000000000000000, 0.0000000000000000000 ) ) ;
#2772 = LINE ( 'NONE', #2014, #2739 ) ;
#2773 = ORIENTED_EDGE ( 'NONE', *, *, #1185, .F. ) ;
#2774 = PLANE ( 'NONE',  #2521 ) ;
#2775 = ORIENTED_EDGE ( 'NONE', *, *, #213, .F. ) ;
#2776 = UNCERTAINTY_MEASURE_WITH_UNIT (LENGTH_MEASURE( 1.000000000000000082E-05 ), #2217, 'distance_accuracy_value', 'NONE');
#2777 = DIRECTION ( 'NONE',  ( -6.209433971794287875E-16, 0.0000000000000000000, -1.000000000000000000 ) ) ;
#2778 = CARTESIAN_POINT ( 'NONE',  ( 0.6996056367473075799, -0.02500000000000000139, 0.7500000000000000000 ) ) ;
#2779 = VECTOR ( 'NONE', #140, 1000.000000000000000 ) ;
#2780 = VECTOR ( 'NONE', #238, 1000.000000000000000 ) ;
#2781 =( GEOMETRIC_REPRESENTATION_CONTEXT ( 3 ) GLOBAL_UNCERTAINTY_ASSIGNED_CONTEXT ( ( #1729 ) ) GLOBAL_UNIT_ASSIGNED_CONTEXT ( ( #1170, #1434, #259 ) ) REPRESENTATION_CONTEXT ( 'NONE', 'WORKASPACE' ) );
#2782 =( NAMED_UNIT ( * ) SI_UNIT ( $, .STERADIAN. ) SOLID_ANGLE_UNIT ( ) );
#2783 = CARTESIAN_POINT ( 'NONE',  ( 0.7849999999999999201, 500000.0000000000582, -0.3575000000000000400 ) ) ;
#2784 = EDGE_CURVE ( 'NONE', #2689, #820, #485, .T. ) ;
#2785 = EDGE_CURVE ( 'NONE', #11, #2306, #756, .T. ) ;
#2786 = LINE ( 'NONE', #2294, #1831 ) ;
#2787 = STYLED_ITEM ( 'NONE', ( #2625 ), #1205 ) ;
#2788 = CARTESIAN_POINT ( 'NONE',  ( -1.025000000000000133, 0.7500000000000000000, -1.024999999999999911 ) ) ;
#2789 = DIRECTION ( 'NONE',  ( -1.707404996040164018E-16, 0.0000000000000000000, -1.000000000000000000 ) ) ;
#2790 = DIRECTION ( 'NONE',  ( 1.000000000000000000, 0.0000000000000000000, 0.0000000000000000000 ) ) ;
#2791 = VECTOR ( 'NONE', #2757, 1000.000000000000000 ) ;
#2792 = STYLED_ITEM ( 'NONE', ( #2065 ), #161 ) ;
#2793 = FACE_OUTER_BOUND ( 'NONE', #1467, .T. ) ;
#2794 = EDGE_LOOP ( 'NONE', ( #2567, #95, #1653, #2151 ) ) ;
#2795 = EDGE_LOOP ( 'NONE', ( #1642, #1213, #34, #3199 ) ) ;
#2796 = PRESENTATION_LAYER_ASSIGNMENT (  '', '', ( #2484 ) ) ;
#2797 = VECTOR ( 'NONE', #751, 1000.000000000000000 ) ;
#2798 = VECTOR ( 'NONE', #1666, 1000.000000000000000 ) ;
#2799 = CYLINDRICAL_SURFACE ( 'NONE', #185, 0.1003943632526923119 ) ;
#2800 = FILL_AREA_STYLE ('',( #2026 ) ) ;
#2801 = DIRECTION ( 'NONE',  ( 0.0000000000000000000, 0.0000000000000000000, 1.000000000000000000 ) ) ;
#2802 = DIRECTION ( 'NONE',  ( 1.000000000000000000, 0.0000000000000000000, 0.0000000000000000000 ) ) ;
#2803 = ADVANCED_FACE ( 'NONE', ( #975 ), #1490, .T. ) ;
#2804 = CARTESIAN_POINT ( 'NONE',  ( 1.024999999999999689, 0.7500000000000000000, -1.024999999999999911 ) ) ;
#2805 = ADVANCED_FACE ( 'NONE', ( #935 ), #2929, .T. ) ;
#2806 = CARTESIAN_POINT ( 'NONE',  ( 0.7999999999999999334, 500000.0000000000582, 0.8503943632526924645 ) ) ;
#2807 = CARTESIAN_POINT ( 'NONE',  ( -0.1500000000000000777, 0.2000000000066393113, -1.024999999999999911 ) ) ;
#2808 = LINE ( 'NONE', #10, #1432 ) ;
#2809 = ADVANCED_FACE ( 'NONE', ( #2449 ), #210, .T. ) ;
#2810 = LINE ( 'NONE', #1302, #1730 ) ;
#2811 = ORIENTED_EDGE ( 'NONE', *, *, #103, .F. ) ;
#2812 = UNCERTAINTY_MEASURE_WITH_UNIT (LENGTH_MEASURE( 1.000000000000000082E-05 ), #3054, 'distance_accuracy_value', 'NONE');
#2813 = ORIENTED_EDGE ( 'NONE', *, *, #250, .T. ) ;
#2814 = DIRECTION ( 'NONE',  ( -0.0000000000000000000, 1.000000000000000000, -0.0000000000000000000 ) ) ;
#2815 = ORIENTED_EDGE ( 'NONE', *, *, #1003, .F. ) ;
#2816 = CARTESIAN_POINT ( 'NONE',  ( -0.5000000000000001110, 0.2000000000000000111, 1.024999999999999911 ) ) ;
#2817 = DIRECTION ( 'NONE',  ( 0.0000000000000000000, 0.0000000000000000000, -1.000000000000000000 ) ) ;
#2818 = SURFACE_STYLE_FILL_AREA ( #3101 ) ;
#2819 = FILL_AREA_STYLE ('',( #70 ) ) ;
#2820 = DIRECTION ( 'NONE',  ( 0.0000000000000000000, 0.0000000000000000000, -1.000000000000000000 ) ) ;
#2821 = SURFACE_STYLE_FILL_AREA ( #1361 ) ;
#2822 = ORIENTED_EDGE ( 'NONE', *, *, #2974, .F. ) ;
#2823 = ADVANCED_FACE ( 'NONE', ( #271 ), #1314, .F. ) ;
#2824 = CARTESIAN_POINT ( 'NONE',  ( 0.6003943632526922425, -0.0000000000000000000, 0.7499999999999998890 ) ) ;
#2825 = ORIENTED_EDGE ( 'NONE', *, *, #311, .F. ) ;
#2826 = CARTESIAN_POINT ( 'NONE',  ( 0.6674999999999997602, -0.02500000000000000139, -0.4749999999999999778 ) ) ;
#2827 = ORIENTED_EDGE ( 'NONE', *, *, #1842, .F. ) ;
#2828 = FILL_AREA_STYLE ('',( #3067 ) ) ;
#2829 = PRESENTATION_STYLE_ASSIGNMENT (( #1612 ) ) ;
#2830 = FACE_OUTER_BOUND ( 'NONE', #1320, .T. ) ;
#2831 = COLOUR_RGB ( '',0.7686274509803920907, 0.7686274509803920907, 0.7686274509803920907 ) ;
#2832 = AXIS2_PLACEMENT_3D ( 'NONE', #1755, #1035, #585 ) ;
#2833 = VECTOR ( 'NONE', #761, 1000.000000000000000 ) ;
#2834 = STYLED_ITEM ( 'NONE', ( #670 ), #3002 ) ;
#2835 = DIRECTION ( 'NONE',  ( 0.0000000000000000000, 0.0000000000000000000, -1.000000000000000000 ) ) ;
#2836 = DIRECTION ( 'NONE',  ( 6.209433971794287875E-16, -0.0000000000000000000, 1.000000000000000000 ) ) ;
#2837 = CARTESIAN_POINT ( 'NONE',  ( 0.6996056367473075799, 0.2000000000066393113, 0.7500000000000000000 ) ) ;
#2838 = SURFACE_STYLE_FILL_AREA ( #1738 ) ;
#2839 = STYLED_ITEM ( 'NONE', ( #3130 ), #2207 ) ;
#2840 = CARTESIAN_POINT ( 'NONE',  ( 0.6996056367473081350, 500000.0000000000582, -0.7499999999999998890 ) ) ;
#2841 = ORIENTED_EDGE ( 'NONE', *, *, #2080, .T. ) ;
#2842 = MECHANICAL_DESIGN_GEOMETRIC_PRESENTATION_REPRESENTATION (  '', ( #2635 ), #3089 ) ;
#2843 = LINE ( 'NONE', #879, #2320 ) ;
#2844 = STYLED_ITEM ( 'NONE', ( #2281 ), #1357 ) ;
#2845 = ORIENTED_EDGE ( 'NONE', *, *, #3018, .F. ) ;
#2846 = VECTOR ( 'NONE', #1389, 1000.000000000000000 ) ;
#2847 = DIRECTION ( 'NONE',  ( -1.000000000000000000, -0.0000000000000000000, -0.0000000000000000000 ) ) ;
#2848 = EDGE_CURVE ( 'NONE', #609, #2370, #1049, .T. ) ;
#2849 = VERTEX_POINT ( 'NONE', #1802 ) ;
#2850 = ADVANCED_FACE ( 'NONE', ( #791 ), #1784, .T. ) ;
#2851 = VECTOR ( 'NONE', #476, 1000.000000000000000 ) ;
#2852 = AXIS2_PLACEMENT_3D ( 'NONE', #719, #1694, #735 ) ;
#2853 = MECHANICAL_DESIGN_GEOMETRIC_PRESENTATION_REPRESENTATION (  '', ( #1531 ), #3100 ) ;
#2854 = DIRECTION ( 'NONE',  ( 1.000000000000000000, 0.0000000000000000000, -5.288791085295144272E-17 ) ) ;
#2855 = LINE ( 'NONE', #853, #1441 ) ;
#2856 = ORIENTED_EDGE ( 'NONE', *, *, #233, .T. ) ;
#2857 = DIRECTION ( 'NONE',  ( 0.0000000000000000000, -1.000000000000000000, 0.0000000000000000000 ) ) ;
#2858 = DIRECTION ( 'NONE',  ( -1.000000000000000000, 0.0000000000000000000, 1.707404996040164018E-16 ) ) ;
#2859 = SURFACE_STYLE_USAGE ( .BOTH. , #1089 ) ;
#2860 = DIRECTION ( 'NONE',  ( 0.0000000000000000000, 0.0000000000000000000, -1.000000000000000000 ) ) ;
#2861 = ORIENTED_EDGE ( 'NONE', *, *, #2973, .F. ) ;
#2862 = DIRECTION ( 'NONE',  ( 0.0000000000000000000, -1.000000000000000000, 0.0000000000000000000 ) ) ;
#2863 = EDGE_LOOP ( 'NONE', ( #3063, #2425, #354, #160, #2071, #1884 ) ) ;
#2864 = ORIENTED_EDGE ( 'NONE', *, *, #2726, .T. ) ;
#2865 = CARTESIAN_POINT ( 'NONE',  ( 1.025000000000000133, 0.0000000000000000000, 1.024999999999999911 ) ) ;
#2866 = EDGE_CURVE ( 'NONE', #1862, #2706, #2770, .T. ) ;
#2867 = ORIENTED_EDGE ( 'NONE', *, *, #1185, .T. ) ;
#2868 = PLANE ( 'NONE',  #2678 ) ;
#2869 = FILL_AREA_STYLE_COLOUR ( '', #1736 ) ;
#2870 = ORIENTED_EDGE ( 'NONE', *, *, #1347, .F. ) ;
#2871 = ORIENTED_EDGE ( 'NONE', *, *, #2668, .F. ) ;
#2872 = CARTESIAN_POINT ( 'NONE',  ( 0.7849999999999998090, 500000.0000000000582, 0.2775000000000000799 ) ) ;
#2873 = EDGE_LOOP ( 'NONE', ( #2375, #1257, #263, #139 ) ) ;
#2874 = ORIENTED_EDGE ( 'NONE', *, *, #2545, .T. ) ;
#2875 = CARTESIAN_POINT ( 'NONE',  ( -0.1500000000000001332, 0.0000000000000000000, -0.8503943632526923535 ) ) ;
#2876 = ORIENTED_EDGE ( 'NONE', *, *, #2666, .F. ) ;
#2877 = FACE_OUTER_BOUND ( 'NONE', #1495, .T. ) ;
#2878 = ORIENTED_EDGE ( 'NONE', *, *, #826, .T. ) ;
#2879 = DIRECTION ( 'NONE',  ( -1.000000000000000000, -0.0000000000000000000, -0.0000000000000000000 ) ) ;
#2880 = EDGE_CURVE ( 'NONE', #1211, #1796, #535, .T. ) ;
#2881 = VECTOR ( 'NONE', #3095, 1000.000000000000000 ) ;
#2882 = DIRECTION ( 'NONE',  ( 0.0000000000000000000, -1.000000000000000000, 0.0000000000000000000 ) ) ;
#2883 = FACE_OUTER_BOUND ( 'NONE', #147, .T. ) ;
#2884 =( NAMED_UNIT ( * ) SI_UNIT ( $, .STERADIAN. ) SOLID_ANGLE_UNIT ( ) );
#2885 = COLOUR_RGB ( '',0.7686274509803920907, 0.7686274509803920907, 0.7686274509803920907 ) ;
#2886 = AXIS2_PLACEMENT_3D ( 'NONE', #945, #544, #17 ) ;
#2887 =( NAMED_UNIT ( * ) SI_UNIT ( $, .STERADIAN. ) SOLID_ANGLE_UNIT ( ) );
#2888 = VERTEX_POINT ( 'NONE', #291 ) ;
#2889 = CARTESIAN_POINT ( 'NONE',  ( 0.5499999999999998224, 0.2000000000000000111, -0.3575000000000000400 ) ) ;
#2890 = VERTEX_POINT ( 'NONE', #553 ) ;
#2891 = PRESENTATION_LAYER_ASSIGNMENT (  '', '', ( #1521 ) ) ;
#2892 = VECTOR ( 'NONE', #22, 1000.000000000000000 ) ;
#2893 = AXIS2_PLACEMENT_3D ( 'NONE', #131, #2406, #1128 ) ;
#2894 = CARTESIAN_POINT ( 'NONE',  ( 0.6996056367473075799, 0.2000000000000000111, 0.7500000000000000000 ) ) ;
#2895 =( GEOMETRIC_REPRESENTATION_CONTEXT ( 3 ) GLOBAL_UNCERTAINTY_ASSIGNED_CONTEXT ( ( #2085 ) ) GLOBAL_UNIT_ASSIGNED_CONTEXT ( ( #340, #2559, #2577 ) ) REPRESENTATION_CONTEXT ( 'NONE', 'WORKASPACE' ) );
#2896 = EDGE_LOOP ( 'NONE', ( #1326, #2336 ) ) ;
#2897 = VECTOR ( 'NONE', #2199, 1000.000000000000000 ) ;
#2898 = ORIENTED_EDGE ( 'NONE', *, *, #3038, .T. ) ;
#2899 = CARTESIAN_POINT ( 'NONE',  ( -0.8000000000000001554, 0.2000000000066393113, -1.024999999999999911 ) ) ;
#2900 = DIRECTION ( 'NONE',  ( 0.0000000000000000000, -1.000000000000000000, 0.0000000000000000000 ) ) ;
#2901 = EDGE_CURVE ( 'NONE', #3048, #525, #847, .T. ) ;
#2902 = SURFACE_STYLE_FILL_AREA ( #1899 ) ;
#2903 =( LENGTH_UNIT ( ) NAMED_UNIT ( * ) SI_UNIT ( .MILLI., .METRE. ) );
#2904 = EDGE_CURVE ( 'NONE', #347, #2464, #2981, .T. ) ;
#2905 = EDGE_CURVE ( 'NONE', #2306, #609, #1585, .T. ) ;
#2906 = FILL_AREA_STYLE ('',( #1641 ) ) ;
#2907 = ORIENTED_EDGE ( 'NONE', *, *, #631, .F. ) ;
#2908 = FACE_OUTER_BOUND ( 'NONE', #801, .T. ) ;
#2909 = ORIENTED_EDGE ( 'NONE', *, *, #3033, .T. ) ;
#2910 = MECHANICAL_DESIGN_GEOMETRIC_PRESENTATION_REPRESENTATION (  '', ( #252 ), #876 ) ;
#2911 = ORIENTED_EDGE ( 'NONE', *, *, #1362, .F. ) ;
#2912 = CARTESIAN_POINT ( 'NONE',  ( 0.4999999999999997780, 0.2000000000000000111, 0.8503943632526923535 ) ) ;
#2913 = LINE ( 'NONE', #871, #324 ) ;
#2914 = VERTEX_POINT ( 'NONE', #605 ) ;
#2915 = DIRECTION ( 'NONE',  ( 0.0000000000000000000, 0.0000000000000000000, -1.000000000000000000 ) ) ;
#2916 = DIRECTION ( 'NONE',  ( 0.0000000000000000000, 0.0000000000000000000, -1.000000000000000000 ) ) ;
#2917 = CARTESIAN_POINT ( 'NONE',  ( -0.1500000000000001332, 0.2000000000066393113, -0.8503943632526923535 ) ) ;
#2918 = VERTEX_POINT ( 'NONE', #134 ) ;
#2919 = DIRECTION ( 'NONE',  ( 0.0000000000000000000, -0.0000000000000000000, 1.000000000000000000 ) ) ;
#2920 = VERTEX_POINT ( 'NONE', #2899 ) ;
#2921 = PRESENTATION_STYLE_ASSIGNMENT (( #2454 ) ) ;
#2922 = ORIENTED_EDGE ( 'NONE', *, *, #1462, .F. ) ;
#2923 = EDGE_CURVE ( 'NONE', #2347, #682, #1166, .T. ) ;
#2924 = ORIENTED_EDGE ( 'NONE', *, *, #1347, .T. ) ;
#2925 = DIRECTION ( 'NONE',  ( 1.000000000000000000, -0.0000000000000000000, 1.707404996040164018E-16 ) ) ;
#2926 = FILL_AREA_STYLE ('',( #381 ) ) ;
#2927 = ORIENTED_EDGE ( 'NONE', *, *, #366, .T. ) ;
#2928 = CARTESIAN_POINT ( 'NONE',  ( 0.8000000000000005995, 0.0000000000000000000, -0.8503943632526922425 ) ) ;
#2929 = CYLINDRICAL_SURFACE ( 'NONE', #955, 0.1003943632526923119 ) ;
#2930 = FILL_AREA_STYLE_COLOUR ( '', #3060 ) ;
#2931 = DIRECTION ( 'NONE',  ( 0.0000000000000000000, 0.0000000000000000000, -1.000000000000000000 ) ) ;
#2932 = CIRCLE ( 'NONE', #168, 0.1174999999999998684 ) ;
#2933 = STYLED_ITEM ( 'NONE', ( #2662 ), #2767 ) ;
#2934 = AXIS2_PLACEMENT_3D ( 'NONE', #686, #2672, #428 ) ;
#2935 = ORIENTED_EDGE ( 'NONE', *, *, #3032, .F. ) ;
#2936 = CARTESIAN_POINT ( 'NONE',  ( -0.5000000000000002220, 0.0000000000000000000, -0.8503943632526923535 ) ) ;
#2937 = ORIENTED_EDGE ( 'NONE', *, *, #531, .T. ) ;
#2938 =( GEOMETRIC_REPRESENTATION_CONTEXT ( 3 ) GLOBAL_UNCERTAINTY_ASSIGNED_CONTEXT ( ( #470 ) ) GLOBAL_UNIT_ASSIGNED_CONTEXT ( ( #1240, #3221, #1732 ) ) REPRESENTATION_CONTEXT ( 'NONE', 'WORKASPACE' ) );
#2939 = PRODUCT_RELATED_PRODUCT_CATEGORY ( 'part', '', ( #1051 ) ) ;
#2940 = EDGE_CURVE ( 'NONE', #1626, #2665, #114, .T. ) ;
#2941 = ORIENTED_EDGE ( 'NONE', *, *, #1072, .T. ) ;
#2942 =( LENGTH_UNIT ( ) NAMED_UNIT ( * ) SI_UNIT ( .MILLI., .METRE. ) );
#2943 = AXIS2_PLACEMENT_3D ( 'NONE', #2086, #2862, #1093 ) ;
#2944 = PRESENTATION_LAYER_ASSIGNMENT (  '', '', ( #1685 ) ) ;
#2945 = ORIENTED_EDGE ( 'NONE', *, *, #191, .F. ) ;
#2946 =( GEOMETRIC_REPRESENTATION_CONTEXT ( 3 ) GLOBAL_UNCERTAINTY_ASSIGNED_CONTEXT ( ( #1591 ) ) GLOBAL_UNIT_ASSIGNED_CONTEXT ( ( #2015, #3213, #3013 ) ) REPRESENTATION_CONTEXT ( 'NONE', 'WORKASPACE' ) );
#2947 = PLANE ( 'NONE',  #279 ) ;
#2948 = PRESENTATION_LAYER_ASSIGNMENT (  '', '', ( #3205 ) ) ;
#2949 = DIRECTION ( 'NONE',  ( -3.104716985897143937E-16, -0.0000000000000000000, -1.000000000000000000 ) ) ;
#2950 = PRESENTATION_LAYER_ASSIGNMENT (  '', '', ( #2272 ) ) ;
#2951 = VERTEX_POINT ( 'NONE', #383 ) ;
#2952 = AXIS2_PLACEMENT_3D ( 'NONE', #688, #705, #2183 ) ;
#2953 = DIRECTION ( 'NONE',  ( -1.000000000000000000, 0.0000000000000000000, -0.0000000000000000000 ) ) ;
#2954 = ORIENTED_EDGE ( 'NONE', *, *, #1101, .F. ) ;
#2955 = LINE ( 'NONE', #1951, #2469 ) ;
#2956 = CARTESIAN_POINT ( 'NONE',  ( 0.4999999999999997780, 0.0000000000000000000, -1.024999999999999911 ) ) ;
#2957 = ORIENTED_EDGE ( 'NONE', *, *, #3097, .F. ) ;
#2958 = ORIENTED_EDGE ( 'NONE', *, *, #677, .F. ) ;
#2959 = CARTESIAN_POINT ( 'NONE',  ( 0.6996056367473081350, -0.02500000000000000139, -0.8503943632526924645 ) ) ;
#2960 = CARTESIAN_POINT ( 'NONE',  ( -0.5000000000000001110, 0.0000000000000000000, 1.024999999999999911 ) ) ;
#2961 = SURFACE_SIDE_STYLE ('',( #1280 ) ) ;
#2962 = EDGE_CURVE ( 'NONE', #1660, #247, #634, .T. ) ;
#2963 =( NAMED_UNIT ( * ) SI_UNIT ( $, .STERADIAN. ) SOLID_ANGLE_UNIT ( ) );
#2964 = PLANE ( 'NONE',  #2746 ) ;
#2965 = VERTEX_POINT ( 'NONE', #873 ) ;
#2966 = CARTESIAN_POINT ( 'NONE',  ( -0.5000000000000001110, 0.2000000000000000111, -1.024999999999999911 ) ) ;
#2967 = FACE_OUTER_BOUND ( 'NONE', #2549, .T. ) ;
#2968 = PLANE ( 'NONE',  #1231 ) ;
#2969 = CARTESIAN_POINT ( 'NONE',  ( -0.2503943632526924312, 0.2000000000000000111, 0.7500000000000000000 ) ) ;
#2970 = CARTESIAN_POINT ( 'NONE',  ( 0.6003943632526922425, -0.02500000000000000139, -0.8503943632526924645 ) ) ;
#2971 = DIRECTION ( 'NONE',  ( 0.0000000000000000000, 0.0000000000000000000, -1.000000000000000000 ) ) ;
#2972 = UNCERTAINTY_MEASURE_WITH_UNIT (LENGTH_MEASURE( 1.000000000000000082E-05 ), #1567, 'distance_accuracy_value', 'NONE');
#2973 = EDGE_CURVE ( 'NONE', #2157, #2089, #1852, .T. ) ;
#2974 = EDGE_CURVE ( 'NONE', #2456, #1542, #619, .T. ) ;
#2975 = SURFACE_SIDE_STYLE ('',( #2482 ) ) ;
#2976 =( NAMED_UNIT ( * ) PLANE_ANGLE_UNIT ( ) SI_UNIT ( $, .RADIAN. ) );
#2977 = ORIENTED_EDGE ( 'NONE', *, *, #1556, .T. ) ;
#2978 = DIRECTION ( 'NONE',  ( 0.0000000000000000000, 0.0000000000000000000, 1.000000000000000000 ) ) ;
#2979 = ORIENTED_EDGE ( 'NONE', *, *, #2608, .F. ) ;
#2980 = VECTOR ( 'NONE', #188, 1000.000000000000000 ) ;
#2981 = CIRCLE ( 'NONE', #224, 0.08364049828302926037 ) ;
#2982 = MANIFOLD_SOLID_BREP ( 'Wrap1', #463 ) ;
#2983 = AXIS2_PLACEMENT_3D ( 'NONE', #2343, #1099, #150 ) ;
#2984 = CARTESIAN_POINT ( 'NONE',  ( 0.4999999999999997780, 0.2000000000000000111, 1.024999999999999911 ) ) ;
#2985 = CARTESIAN_POINT ( 'NONE',  ( 0.6003943632526922425, 0.2000000000000000111, 0.8503943632526924645 ) ) ;
#2986 = STYLED_ITEM ( 'NONE', ( #1477 ), #2803 ) ;
#2987 = VECTOR ( 'NONE', #849, 1000.000000000000000 ) ;
#2988 = DIRECTION ( 'NONE',  ( 0.0000000000000000000, -1.000000000000000000, 0.0000000000000000000 ) ) ;
#2989 = DIRECTION ( 'NONE',  ( 0.0000000000000000000, -1.000000000000000000, 0.0000000000000000000 ) ) ;
#2990 = COLOUR_RGB ( '',0.7686274509803920907, 0.7686274509803920907, 0.7686274509803920907 ) ;
#2991 =( NAMED_UNIT ( * ) SI_UNIT ( $, .STERADIAN. ) SOLID_ANGLE_UNIT ( ) );
#2992 = VECTOR ( 'NONE', #1291, 1000.000000000000000 ) ;
#2993 = AXIS2_PLACEMENT_3D ( 'NONE', #1598, #2308, #2801 ) ;
#2994 =( LENGTH_UNIT ( ) NAMED_UNIT ( * ) SI_UNIT ( .MILLI., .METRE. ) );
#2995 = CIRCLE ( 'NONE', #1074, 0.1003943632526923119 ) ;
#2996 = ADVANCED_FACE ( 'NONE', ( #2409 ), #2394, .F. ) ;
#2997 =( NAMED_UNIT ( * ) SI_UNIT ( $, .STERADIAN. ) SOLID_ANGLE_UNIT ( ) );
#2998 = AXIS2_PLACEMENT_3D ( 'NONE', #2460, #1282, #258 ) ;
#2999 = VERTEX_POINT ( 'NONE', #1360 ) ;
#3000 = CARTESIAN_POINT ( 'NONE',  ( -1.024999999999999911, 0.0000000000000000000, 1.024999999999999911 ) ) ;
#3001 = ORIENTED_EDGE ( 'NONE', *, *, #3032, .T. ) ;
#3002 = ADVANCED_FACE ( 'NONE', ( #1148 ), #2868, .T. ) ;
#3003 = DIRECTION ( 'NONE',  ( -0.0000000000000000000, -1.000000000000000000, -0.0000000000000000000 ) ) ;
#3004 = DIRECTION ( 'NONE',  ( 0.0000000000000000000, -1.000000000000000000, 0.0000000000000000000 ) ) ;
#3005 = VERTEX_POINT ( 'NONE', #1910 ) ;
#3006 = CARTESIAN_POINT ( 'NONE',  ( 0.1499999999999999667, 0.2000000000000000111, 1.024999999999999911 ) ) ;
#3007 =( LENGTH_UNIT ( ) NAMED_UNIT ( * ) SI_UNIT ( .MILLI., .METRE. ) );
#3008 = CARTESIAN_POINT ( 'NONE',  ( -0.1500000000000001332, 0.2000000000000000111, 0.8503943632526923535 ) ) ;
#3009 = FACE_OUTER_BOUND ( 'NONE', #2136, .T. ) ;
#3010 = DIRECTION ( 'NONE',  ( 0.0000000000000000000, 1.000000000000000000, 0.0000000000000000000 ) ) ;
#3011 = DIRECTION ( 'NONE',  ( 0.0000000000000000000, 0.0000000000000000000, -1.000000000000000000 ) ) ;
#3012 = AXIS2_PLACEMENT_3D ( 'NONE', #338, #2858, #569 ) ;
#3013 =( NAMED_UNIT ( * ) SI_UNIT ( $, .STERADIAN. ) SOLID_ANGLE_UNIT ( ) );
#3014 = ORIENTED_EDGE ( 'NONE', *, *, #678, .F. ) ;
#3015 =( NAMED_UNIT ( * ) PLANE_ANGLE_UNIT ( ) SI_UNIT ( $, .RADIAN. ) );
#3016 = ORIENTED_EDGE ( 'NONE', *, *, #2590, .F. ) ;
#3017 = LINE ( 'NONE', #1306, #657 ) ;
#3018 = EDGE_CURVE ( 'NONE', #527, #309, #1726, .T. ) ;
#3019 = EDGE_CURVE ( 'NONE', #406, #3075, #2150, .T. ) ;
#3020 = DIRECTION ( 'NONE',  ( 0.0000000000000000000, -1.000000000000000000, 0.0000000000000000000 ) ) ;
#3021 = DIRECTION ( 'NONE',  ( -0.0000000000000000000, -1.000000000000000000, -0.0000000000000000000 ) ) ;
#3022 = DIRECTION ( 'NONE',  ( 0.0000000000000000000, -1.000000000000000000, 0.0000000000000000000 ) ) ;
#3023 = DIRECTION ( 'NONE',  ( -1.000000000000000000, -0.0000000000000000000, -0.0000000000000000000 ) ) ;
#3024 = DIRECTION ( 'NONE',  ( 0.0000000000000000000, 0.0000000000000000000, -1.000000000000000000 ) ) ;
#3025 = CARTESIAN_POINT ( 'NONE',  ( 0.7849999999999999201, 0.0000000000000000000, -0.3575000000000000400 ) ) ;
#3026 = ORIENTED_EDGE ( 'NONE', *, *, #454, .F. ) ;
#3027 = DIRECTION ( 'NONE',  ( -0.0000000000000000000, -1.000000000000000000, -0.0000000000000000000 ) ) ;
#3028 = FILL_AREA_STYLE_COLOUR ( '', #1333 ) ;
#3029 = ORIENTED_EDGE ( 'NONE', *, *, #697, .T. ) ;
#3030 = AXIS2_PLACEMENT_3D ( 'NONE', #2152, #681, #1656 ) ;
#3031 = COLOUR_RGB ( '',0.7529411764705882248, 0.7529411764705882248, 0.7529411764705882248 ) ;
#3032 = EDGE_CURVE ( 'NONE', #1368, #1354, #983, .T. ) ;
#3033 = EDGE_CURVE ( 'NONE', #2760, #609, #1198, .T. ) ;
#3034 = MECHANICAL_DESIGN_GEOMETRIC_PRESENTATION_REPRESENTATION (  '', ( #2520 ), #1991 ) ;
#3035 = DIRECTION ( 'NONE',  ( -1.000000000000000000, 0.0000000000000000000, -0.0000000000000000000 ) ) ;
#3036 = DIRECTION ( 'NONE',  ( -0.0000000000000000000, -1.000000000000000000, -0.0000000000000000000 ) ) ;
#3037 =( NAMED_UNIT ( * ) SI_UNIT ( $, .STERADIAN. ) SOLID_ANGLE_UNIT ( ) );
#3038 = EDGE_CURVE ( 'NONE', #1858, #2306, #1265, .T. ) ;
#3039 = VECTOR ( 'NONE', #3154, 1000.000000000000000 ) ;
#3040 = DIRECTION ( 'NONE',  ( 0.0000000000000000000, -0.0000000000000000000, -1.000000000000000000 ) ) ;
#3041 = MECHANICAL_DESIGN_GEOMETRIC_PRESENTATION_REPRESENTATION (  '', ( #2792 ), #652 ) ;
#3042 = FILL_AREA_STYLE_COLOUR ( '', #1844 ) ;
#3043 = AXIS2_PLACEMENT_3D ( 'NONE', #302, #1296, #53 ) ;
#3044 = SURFACE_STYLE_FILL_AREA ( #2362 ) ;
#3045 = PRESENTATION_STYLE_ASSIGNMENT (( #2560 ) ) ;
#3046 = VERTEX_POINT ( 'NONE', #971 ) ;
#3047 = STYLED_ITEM ( 'NONE', ( #1708 ), #824 ) ;
#3048 = VERTEX_POINT ( 'NONE', #467 ) ;
#3049 = SURFACE_STYLE_FILL_AREA ( #1509 ) ;
#3050 = ORIENTED_EDGE ( 'NONE', *, *, #2404, .F. ) ;
#3051 = DIRECTION ( 'NONE',  ( 0.0000000000000000000, -1.000000000000000000, 0.0000000000000000000 ) ) ;
#3052 = DIRECTION ( 'NONE',  ( 0.0000000000000000000, -0.0000000000000000000, -1.000000000000000000 ) ) ;
#3053 = CARTESIAN_POINT ( 'NONE',  ( 0.6003943632526922425, 0.2000000000000000111, -0.7499999999999998890 ) ) ;
#3054 =( LENGTH_UNIT ( ) NAMED_UNIT ( * ) SI_UNIT ( .MILLI., .METRE. ) );
#3055 = DIRECTION ( 'NONE',  ( 1.000000000000000000, 0.0000000000000000000, 0.0000000000000000000 ) ) ;
#3056 = DIRECTION ( 'NONE',  ( 0.0000000000000000000, -0.0000000000000000000, 1.000000000000000000 ) ) ;
#3057 = SURFACE_SIDE_STYLE ('',( #1817 ) ) ;
#3058 = ADVANCED_FACE ( 'NONE', ( #3183 ), #1237, .T. ) ;
#3059 = EDGE_CURVE ( 'NONE', #144, #3114, #2458, .T. ) ;
#3060 = COLOUR_RGB ( '',0.7686274509803920907, 0.7686274509803920907, 0.7686274509803920907 ) ;
#3061 = LINE ( 'NONE', #1619, #2059 ) ;
#3062 =( NAMED_UNIT ( * ) SI_UNIT ( $, .STERADIAN. ) SOLID_ANGLE_UNIT ( ) );
#3063 = ORIENTED_EDGE ( 'NONE', *, *, #1260, .F. ) ;
#3064 = ORIENTED_EDGE ( 'NONE', *, *, #2562, .T. ) ;
#3065 = CARTESIAN_POINT ( 'NONE',  ( 0.4999999999999997780, -0.02500000000000000139, -1.024999999999999911 ) ) ;
#3066 = ORIENTED_EDGE ( 'NONE', *, *, #722, .F. ) ;
#3067 = FILL_AREA_STYLE_COLOUR ( '', #172 ) ;
#3068 =( NAMED_UNIT ( * ) PLANE_ANGLE_UNIT ( ) SI_UNIT ( $, .RADIAN. ) );
#3069 = CARTESIAN_POINT ( 'NONE',  ( 0.7849999999999998090, -0.0000000000000000000, 0.2775000000000000799 ) ) ;
#3070 = FILL_AREA_STYLE_COLOUR ( '', #1517 ) ;
#3071 = DIRECTION ( 'NONE',  ( 0.0000000000000000000, 0.0000000000000000000, -1.000000000000000000 ) ) ;
#3072 = EDGE_CURVE ( 'NONE', #449, #1539, #481, .T. ) ;
#3073 = DIRECTION ( 'NONE',  ( 1.000000000000000000, 0.0000000000000000000, 0.0000000000000000000 ) ) ;
#3074 = ORIENTED_EDGE ( 'NONE', *, *, #2360, .T. ) ;
#3075 = VERTEX_POINT ( 'NONE', #2969 ) ;
#3076 = LINE ( 'NONE', #1138, #488 ) ;
#3077 = ORIENTED_EDGE ( 'NONE', *, *, #1617, .F. ) ;
#3078 = PLANE ( 'NONE',  #395 ) ;
#3079 = VECTOR ( 'NONE', #2350, 1000.000000000000000 ) ;
#3080 = VECTOR ( 'NONE', #1249, 1000.000000000000000 ) ;
#3081 = DIRECTION ( 'NONE',  ( -0.0000000000000000000, -1.000000000000000000, -0.0000000000000000000 ) ) ;
#3082 = ORIENTED_EDGE ( 'NONE', *, *, #2901, .F. ) ;
#3083 = CARTESIAN_POINT ( 'NONE',  ( 0.5499999999999998224, 0.2000000000000000111, -0.3575000000000000400 ) ) ;
#3084 = FACE_OUTER_BOUND ( 'NONE', #2386, .T. ) ;
#3085 =( GEOMETRIC_REPRESENTATION_CONTEXT ( 3 ) GLOBAL_UNCERTAINTY_ASSIGNED_CONTEXT ( ( #507 ) ) GLOBAL_UNIT_ASSIGNED_CONTEXT ( ( #3112, #360, #1874 ) ) REPRESENTATION_CONTEXT ( 'NONE', 'WORKASPACE' ) );
#3086 =( GEOMETRIC_REPRESENTATION_CONTEXT ( 3 ) GLOBAL_UNCERTAINTY_ASSIGNED_CONTEXT ( ( #2019 ) ) GLOBAL_UNIT_ASSIGNED_CONTEXT ( ( #1841, #1524, #51 ) ) REPRESENTATION_CONTEXT ( 'NONE', 'WORKASPACE' ) );
#3087 = PRESENTATION_STYLE_ASSIGNMENT (( #3105 ) ) ;
#3088 = ORIENTED_EDGE ( 'NONE', *, *, #1538, .T. ) ;
#3089 =( GEOMETRIC_REPRESENTATION_CONTEXT ( 3 ) GLOBAL_UNCERTAINTY_ASSIGNED_CONTEXT ( ( #2550 ) ) GLOBAL_UNIT_ASSIGNED_CONTEXT ( ( #1411, #2197, #2445 ) ) REPRESENTATION_CONTEXT ( 'NONE', 'WORKASPACE' ) );
#3090 = VECTOR ( 'NONE', #1697, 1000.000000000000000 ) ;
#3091 = DIRECTION ( 'NONE',  ( 0.0000000000000000000, 0.0000000000000000000, -1.000000000000000000 ) ) ;
#3092 = VECTOR ( 'NONE', #521, 1000.000000000000000 ) ;
#3093 = VERTEX_POINT ( 'NONE', #206 ) ;
#3094 = AXIS2_PLACEMENT_3D ( 'NONE', #444, #2925, #1423 ) ;
#3095 = DIRECTION ( 'NONE',  ( -0.0000000000000000000, -0.0000000000000000000, -1.000000000000000000 ) ) ;
#3096 = ORIENTED_EDGE ( 'NONE', *, *, #2164, .T. ) ;
#3097 = EDGE_CURVE ( 'NONE', #309, #247, #1960, .T. ) ;
#3098 = VECTOR ( 'NONE', #174, 1000.000000000000000 ) ;
#3099 = AXIS2_PLACEMENT_3D ( 'NONE', #1309, #3020, #545 ) ;
#3100 =( GEOMETRIC_REPRESENTATION_CONTEXT ( 3 ) GLOBAL_UNCERTAINTY_ASSIGNED_CONTEXT ( ( #2660 ) ) GLOBAL_UNIT_ASSIGNED_CONTEXT ( ( #2169, #934, #1880 ) ) REPRESENTATION_CONTEXT ( 'NONE', 'WORKASPACE' ) );
#3101 = FILL_AREA_STYLE ('',( #2076 ) ) ;
#3102 = CARTESIAN_POINT ( 'NONE',  ( 0.4999999999999997780, -0.02500000000000000139, 1.024999999999999911 ) ) ;
#3103 = ORIENTED_EDGE ( 'NONE', *, *, #5, .T. ) ;
#3104 = CARTESIAN_POINT ( 'NONE',  ( 0.7999999999999999334, -0.02500000000000000139, 1.024999999999999911 ) ) ;
#3105 = SURFACE_STYLE_USAGE ( .BOTH. , #2096 ) ;
#3106 = ORIENTED_EDGE ( 'NONE', *, *, #2360, .F. ) ;
#3107 = CARTESIAN_POINT ( 'NONE',  ( 0.4999999999999997780, -0.02500000000000000139, 0.8503943632526923535 ) ) ;
#3108 = ORIENTED_EDGE ( 'NONE', *, *, #516, .T. ) ;
#3109 = ORIENTED_EDGE ( 'NONE', *, *, #5, .F. ) ;
#3110 = ADVANCED_FACE ( 'NONE', ( #2737 ), #2195, .F. ) ;
#3111 = EDGE_CURVE ( 'NONE', #2604, #2587, #2691, .T. ) ;
#3112 =( LENGTH_UNIT ( ) NAMED_UNIT ( * ) SI_UNIT ( .MILLI., .METRE. ) );
#3113 = LINE ( 'NONE', #1887, #813 ) ;
#3114 = VERTEX_POINT ( 'NONE', #931 ) ;
#3115 = SURFACE_SIDE_STYLE ('',( #2128 ) ) ;
#3116 = ORIENTED_EDGE ( 'NONE', *, *, #2361, .F. ) ;
#3117 = DIRECTION ( 'NONE',  ( 0.0000000000000000000, 1.000000000000000000, 0.0000000000000000000 ) ) ;
#3118 = SURFACE_STYLE_FILL_AREA ( #207 ) ;
#3119 = CARTESIAN_POINT ( 'NONE',  ( -1.025000000000000133, 0.7500000000000000000, -1.024999999999999911 ) ) ;
#3120 = SURFACE_SIDE_STYLE ('',( #2902 ) ) ;
#3121 = LINE ( 'NONE', #2629, #331 ) ;
#3122 = VERTEX_POINT ( 'NONE', #450 ) ;
#3123 = FACE_OUTER_BOUND ( 'NONE', #125, .T. ) ;
#3124 = ORIENTED_EDGE ( 'NONE', *, *, #2037, .F. ) ;
#3125 = SURFACE_STYLE_FILL_AREA ( #358 ) ;
#3126 = ORIENTED_EDGE ( 'NONE', *, *, #233, .F. ) ;
#3127 = CARTESIAN_POINT ( 'NONE',  ( -0.3996056367473078130, -0.02500000000000000139, -0.8503943632526923535 ) ) ;
#3128 = ORIENTED_EDGE ( 'NONE', *, *, #423, .F. ) ;
#3129 = ADVANCED_FACE ( 'NONE', ( #1939 ), #2947, .F. ) ;
#3130 = PRESENTATION_STYLE_ASSIGNMENT (( #1146 ) ) ;
#3131 = ORIENTED_EDGE ( 'NONE', *, *, #1043, .T. ) ;
#3132 = AXIS2_PLACEMENT_3D ( 'NONE', #2806, #2265, #782 ) ;
#3133 = FILL_AREA_STYLE_COLOUR ( '', #2419 ) ;
#3134 = DIRECTION ( 'NONE',  ( 6.209433971794287875E-16, 0.0000000000000000000, -1.000000000000000000 ) ) ;
#3135 = UNCERTAINTY_MEASURE_WITH_UNIT (LENGTH_MEASURE( 1.000000000000000082E-05 ), #3210, 'distance_accuracy_value', 'NONE');
#3136 = ADVANCED_FACE ( 'NONE', ( #3204 ), #2722, .F. ) ;
#3137 = VECTOR ( 'NONE', #2555, 1000.000000000000000 ) ;
#3138 = SURFACE_SIDE_STYLE ('',( #2145 ) ) ;
#3139 = PRESENTATION_LAYER_ASSIGNMENT (  '', '', ( #2520 ) ) ;
#3140 = DIRECTION ( 'NONE',  ( -0.0000000000000000000, -1.000000000000000000, -0.0000000000000000000 ) ) ;
#3141 =( GEOMETRIC_REPRESENTATION_CONTEXT ( 3 ) GLOBAL_UNCERTAINTY_ASSIGNED_CONTEXT ( ( #3208 ) ) GLOBAL_UNIT_ASSIGNED_CONTEXT ( ( #1648, #578, #800 ) ) REPRESENTATION_CONTEXT ( 'NONE', 'WORKASPACE' ) );
#3142 = SURFACE_STYLE_USAGE ( .BOTH. , #1882 ) ;
#3143 = ORIENTED_EDGE ( 'NONE', *, *, #1141, .T. ) ;
#3144 = CARTESIAN_POINT ( 'NONE',  ( -0.8000000000000001554, 0.2000000000000000111, -1.024999999999999911 ) ) ;
#3145 = EDGE_LOOP ( 'NONE', ( #3064, #648, #1288, #2630, #2856, #1657 ) ) ;
#3146 = AXIS2_PLACEMENT_3D ( 'NONE', #2094, #1133, #1605 ) ;
#3147 = VECTOR ( 'NONE', #429, 1000.000000000000000 ) ;
#3148 = VECTOR ( 'NONE', #2477, 1000.000000000000000 ) ;
#3149 = ORIENTED_EDGE ( 'NONE', *, *, #3038, .F. ) ;
#3150 = DIRECTION ( 'NONE',  ( -6.209433971794287875E-16, 0.0000000000000000000, 1.000000000000000000 ) ) ;
#3151 = MECHANICAL_DESIGN_GEOMETRIC_PRESENTATION_REPRESENTATION (  '', ( #808 ), #913 ) ;
#3152 = AXIS2_PLACEMENT_3D ( 'NONE', #2483, #1757, #1300 ) ;
#3153 = MECHANICAL_DESIGN_GEOMETRIC_PRESENTATION_REPRESENTATION (  '', ( #2219 ), #611 ) ;
#3154 = DIRECTION ( 'NONE',  ( -1.000000000000000000, -0.0000000000000000000, -0.0000000000000000000 ) ) ;
#3155 = CARTESIAN_POINT ( 'NONE',  ( -0.1500000000000000777, 500000.0000000000582, 1.024999999999999911 ) ) ;
#3156 = CARTESIAN_POINT ( 'NONE',  ( 0.6996056367473075799, 500000.0000000000582, 0.7500000000000000000 ) ) ;
#3157 = CARTESIAN_POINT ( 'NONE',  ( -0.1500000000000001332, 0.2000000000066393113, -0.8503943632526923535 ) ) ;
#3158 = ADVANCED_FACE ( 'NONE', ( #532 ), #519, .F. ) ;
#3159 = FILL_AREA_STYLE ('',( #1413 ) ) ;
#3160 = ADVANCED_FACE ( 'NONE', ( #2039 ), #2292, .F. ) ;
#3161 = SURFACE_SIDE_STYLE ('',( #1188 ) ) ;
#3162 = FILL_AREA_STYLE ('',( #2172 ) ) ;
#3163 = ORIENTED_EDGE ( 'NONE', *, *, #1404, .T. ) ;
#3164 = ORIENTED_EDGE ( 'NONE', *, *, #88, .F. ) ;
#3165 = EDGE_LOOP ( 'NONE', ( #119, #2861, #175, #1194 ) ) ;
#3166 = FACE_OUTER_BOUND ( 'NONE', #1667, .T. ) ;
#3167 = DIRECTION ( 'NONE',  ( -0.0000000000000000000, -1.000000000000000000, -0.0000000000000000000 ) ) ;
#3168 = DIRECTION ( 'NONE',  ( 0.0000000000000000000, -1.000000000000000000, 0.0000000000000000000 ) ) ;
#3169 = DIRECTION ( 'NONE',  ( 1.000000000000000000, 0.0000000000000000000, 1.707404996040164018E-16 ) ) ;
#3170 = DIRECTION ( 'NONE',  ( 0.0000000000000000000, 0.0000000000000000000, -1.000000000000000000 ) ) ;
#3171 = UNCERTAINTY_MEASURE_WITH_UNIT (LENGTH_MEASURE( 1.000000000000000082E-05 ), #3, 'distance_accuracy_value', 'NONE');
#3172 = SURFACE_STYLE_FILL_AREA ( #3159 ) ;
#3173 = DIRECTION ( 'NONE',  ( 0.0000000000000000000, 0.0000000000000000000, -1.000000000000000000 ) ) ;
#3174 = SURFACE_STYLE_FILL_AREA ( #3162 ) ;
#3175 = ADVANCED_FACE ( 'NONE', ( #1046 ), #779, .T. ) ;
#3176 = VERTEX_POINT ( 'NONE', #821 ) ;
#3177 = DIRECTION ( 'NONE',  ( 0.0000000000000000000, -1.000000000000000000, 0.0000000000000000000 ) ) ;
#3178 = CARTESIAN_POINT ( 'NONE',  ( -0.1500000000000001332, 0.2000000000000000111, -0.8503943632526923535 ) ) ;
#3179 = ORIENTED_EDGE ( 'NONE', *, *, #1534, .T. ) ;
#3180 = ORIENTED_EDGE ( 'NONE', *, *, #3019, .T. ) ;
#3181 = LINE ( 'NONE', #944, #766 ) ;
#3182 = DIRECTION ( 'NONE',  ( -3.104716985897143937E-16, -0.0000000000000000000, -1.000000000000000000 ) ) ;
#3183 = FACE_OUTER_BOUND ( 'NONE', #1644, .T. ) ;
#3184 = PLANE ( 'NONE',  #1944 ) ;
#3185 = VECTOR ( 'NONE', #3023, 1000.000000000000000 ) ;
#3186 = FILL_AREA_STYLE_COLOUR ( '', #187 ) ;
#3187 = VERTEX_POINT ( 'NONE', #1528 ) ;
#3188 =( NAMED_UNIT ( * ) PLANE_ANGLE_UNIT ( ) SI_UNIT ( $, .RADIAN. ) );
#3189 = CIRCLE ( 'NONE', #1161, 0.1003943632526923119 ) ;
#3190 = COLOUR_RGB ( '',0.7686274509803920907, 0.7686274509803920907, 0.7686274509803920907 ) ;
#3191 = CARTESIAN_POINT ( 'NONE',  ( 0.5500000000000000444, -0.02500000000000000139, 0.2775000000000000799 ) ) ;
#3192 = ORIENTED_EDGE ( 'NONE', *, *, #2848, .F. ) ;
#3193 = CARTESIAN_POINT ( 'NONE',  ( -0.1500000000000001332, 0.2000000000066393113, 0.8503943632526923535 ) ) ;
#3194 = VERTEX_POINT ( 'NONE', #2539 ) ;
#3195 = UNCERTAINTY_MEASURE_WITH_UNIT (LENGTH_MEASURE( 1.000000000000000082E-05 ), #1830, 'distance_accuracy_value', 'NONE');
#3196 = MECHANICAL_DESIGN_GEOMETRIC_PRESENTATION_REPRESENTATION (  '', ( #546 ), #708 ) ;
#3197 = COLOUR_RGB ( '',0.7686274509803920907, 0.7686274509803920907, 0.7686274509803920907 ) ;
#3198 = EDGE_CURVE ( 'NONE', #2920, #2420, #806, .T. ) ;
#3199 = ORIENTED_EDGE ( 'NONE', *, *, #2714, .T. ) ;
#3200 = CARTESIAN_POINT ( 'NONE',  ( -0.3996056367473078130, 0.2000000000000000111, 0.7500000000000000000 ) ) ;
#3201 =( GEOMETRIC_REPRESENTATION_CONTEXT ( 3 ) GLOBAL_UNCERTAINTY_ASSIGNED_CONTEXT ( ( #2052 ) ) GLOBAL_UNIT_ASSIGNED_CONTEXT ( ( #41, #2028, #2991 ) ) REPRESENTATION_CONTEXT ( 'NONE', 'WORKASPACE' ) );
#3202 = VECTOR ( 'NONE', #2242, 1000.000000000000000 ) ;
#3203 = MECHANICAL_DESIGN_GEOMETRIC_PRESENTATION_REPRESENTATION (  '', ( #2484 ), #1232 ) ;
#3204 = FACE_OUTER_BOUND ( 'NONE', #1397, .T. ) ;
#3205 = STYLED_ITEM ( 'NONE', ( #2606 ), #572 ) ;
#3206 = CARTESIAN_POINT ( 'NONE',  ( -0.1500000000000000777, 0.2000000000000000111, -1.024999999999999911 ) ) ;
#3207 = DIRECTION ( 'NONE',  ( 1.000000000000000000, 0.0000000000000000000, 6.209433971794283930E-16 ) ) ;
#3208 = UNCERTAINTY_MEASURE_WITH_UNIT (LENGTH_MEASURE( 1.000000000000000082E-05 ), #1648, 'distance_accuracy_value', 'NONE');
#3209 = PRESENTATION_LAYER_ASSIGNMENT (  '', '', ( #2328 ) ) ;
#3210 =( LENGTH_UNIT ( ) NAMED_UNIT ( * ) SI_UNIT ( .MILLI., .METRE. ) );
#3211 = SURFACE_STYLE_FILL_AREA ( #1004 ) ;
#3212 = FILL_AREA_STYLE ('',( #923 ) ) ;
#3213 =( NAMED_UNIT ( * ) PLANE_ANGLE_UNIT ( ) SI_UNIT ( $, .RADIAN. ) );
#3214 = EDGE_LOOP ( 'NONE', ( #3096, #3026, #218, #82 ) ) ;
#3215 = CARTESIAN_POINT ( 'NONE',  ( 0.7999999999999999334, 0.2000000000066393113, 0.8503943632526924645 ) ) ;
#3216 = DIRECTION ( 'NONE',  ( -1.000000000000000000, 0.0000000000000000000, -3.104716985897143937E-16 ) ) ;
#3217 = ORIENTED_EDGE ( 'NONE', *, *, #2688, .T. ) ;
#3218 = EDGE_CURVE ( 'NONE', #1147, #1858, #1799, .T. ) ;
#3219 = CARTESIAN_POINT ( 'NONE',  ( 0.6674999999999997602, 0.2000000000000000111, -0.3575000000000000400 ) ) ;
#3220 = CYLINDRICAL_SURFACE ( 'NONE', #235, 0.1003943632526924229 ) ;
#3221 =( NAMED_UNIT ( * ) PLANE_ANGLE_UNIT ( ) SI_UNIT ( $, .RADIAN. ) );
#3222 = PRESENTATION_STYLE_ASSIGNMENT (( #536 ) ) ;
#3223 = CARTESIAN_POINT ( 'NONE',  ( 0.4999999999999997780, 0.2000000000066393113, -1.024999999999999911 ) ) ;
#3224 = ORIENTED_EDGE ( 'NONE', *, *, #1974, .T. ) ;
#3225 = LINE ( 'NONE', #2190, #897 ) ;
#3226 = ORIENTED_EDGE ( 'NONE', *, *, #1877, .T. ) ;
ENDSEC;
END-ISO-10303-21;
